prep_path	class_name	class_index
f82d213f-9843-28eb-e040-11ac0d483e48.muat.tsv	Bone-Osteosarc	0
f82d213f-9ba5-7b6b-e040-11ac0c486882.muat.tsv	Bone-Osteosarc	0
f82d213f-bc06-5b51-e040-11ac0c48687e.muat.tsv	Bone-Osteosarc	0
f82d213f-bc99-5b1d-e040-11ac0c486880.muat.tsv	Bone-Osteosarc	0
f82d213f-caa7-fd59-e040-11ac0d483e46.muat.tsv	Bone-Osteosarc	0
f82d2146-70f5-8114-e040-11ac0d483e50.muat.tsv	Bone-Osteosarc	0
f82d2146-726a-d0e0-e040-11ac0c486888.muat.tsv	Bone-Osteosarc	0
f83f1eb8-b2c8-c3d6-e040-11ac0c48261e.muat.tsv	Bone-Osteosarc	0
f83fc777-5416-c3e9-e040-11ac0d482c8e.muat.tsv	Bone-Osteosarc	0
f841c488-6b8d-6645-e040-11ac0c481418.muat.tsv	Bone-Osteosarc	0
f8425828-5b0f-23a8-e040-11ac0d484128.muat.tsv	Bone-Osteosarc	0
f843ed5c-0336-3d33-e040-11ac0d48478c.muat.tsv	Bone-Osteosarc	0
f845ebba-8c56-b559-e040-11ac0c4863d5.muat.tsv	Bone-Osteosarc	0
f8467ec8-2d61-ba21-e040-11ac0c483584.muat.tsv	Bone-Osteosarc	0
f8515e5a-7de3-6be3-e040-11ac0c480d6d.muat.tsv	Bone-Osteosarc	0
f85397dc-e6e9-4f54-e040-11ac0d48706c.muat.tsv	Bone-Osteosarc	0
f854ae3f-356d-f0ad-e040-11ac0c485dae.muat.tsv	Bone-Osteosarc	0
f856fa85-fdb8-c0b0-e040-11ac0d480b4e.muat.tsv	Bone-Osteosarc	0
f8593ac0-9480-22a0-e040-11ac0d48697a.muat.tsv	Bone-Osteosarc	0
f85add3d-e2e6-31f8-e040-11ac0d48479c.muat.tsv	Bone-Osteosarc	0
f85ae2b7-cebf-17a2-e040-11ac0c48033a.muat.tsv	Bone-Osteosarc	0
f860bc4c-f31b-6538-e040-11ac0c48268f.muat.tsv	Bone-Osteosarc	0
f866123a-9eb0-e856-e040-11ac0c48717e.muat.tsv	Bone-Osteosarc	0
f8696c79-b165-92a6-e040-11ac0c4804bf.muat.tsv	Bone-Osteosarc	0
f86975a2-78a4-ef8c-e040-11ac0c4809da.muat.tsv	Bone-Osteosarc	0
f86ae246-2492-9785-e040-11ac0d4813b0.muat.tsv	Bone-Osteosarc	0
f86b6ba2-8f4b-ee53-e040-11ac0d485904.muat.tsv	Bone-Osteosarc	0
f86e2d80-911b-7a19-e040-11ac0d486900.muat.tsv	Bone-Osteosarc	0
f87348df-7186-4c6b-e040-11ac0c482ba9.muat.tsv	Bone-Osteosarc	0
f87cdca1-2c85-49d2-e040-11ac0d485c9d.muat.tsv	Bone-Osteosarc	0
f87d7c27-eeef-920e-e040-11ac0d48388d.muat.tsv	Bone-Osteosarc	0
f87e94a9-ef37-fcba-e040-11ac0c482332.muat.tsv	Bone-Osteosarc	0
f87eb1b5-1712-ca1f-e040-11ac0c483848.muat.tsv	Bone-Osteosarc	0
f8809cee-8f81-28f8-e040-11ac0d4873bf.muat.tsv	Bone-Osteosarc	0
fc93e38d-6bd5-9912-e040-11ac0c4838cd.muat.tsv	Bone-Osteosarc	0
fc9469d0-4d0e-bb59-e040-11ac0d481e59.muat.tsv	Bone-Osteosarc	0
fc998aec-57dd-eab2-e040-11ac0d48680a.muat.tsv	Bone-Osteosarc	0
fc99b734-7f61-88d1-e040-11ac0c482e88.muat.tsv	Bone-Osteosarc	0
fc99bbb0-e5c7-fb9e-e040-11ac0d4807e1.muat.tsv	Bone-Osteosarc	0
01658141-8398-4585-9f0f-8355dd9b0604.muat.tsv	Breast-AdenoCA	1
0448206f-3ade-4087-b1a9-4fb2d14e1367.muat.tsv	Breast-AdenoCA	1
07b5141f-ac79-439b-883b-b0183bbe7ff5.muat.tsv	Breast-AdenoCA	1
097a7d36-905b-72be-e050-11ac0d482c9a.muat.tsv	Breast-AdenoCA	1
110b5f05-ded7-45ec-b0f6-a941c92d77dd.muat.tsv	Breast-AdenoCA	1
13c312ec-0add-4758-ab8d-c193e2e08c6d.muat.tsv	Breast-AdenoCA	1
1bb3a1c7-4d7b-4fb6-b54d-e94cbd0e32aa.muat.tsv	Breast-AdenoCA	1
1c0e384f-7254-4afe-93c0-b3fc6c6a7894.muat.tsv	Breast-AdenoCA	1
1eb62abc-7928-405b-84cc-f091ca5347b2.muat.tsv	Breast-AdenoCA	1
207f8a42-5b05-4876-b0ae-ebfaeea27844.muat.tsv	Breast-AdenoCA	1
2290b078-6a5b-4c83-9dfb-b525bbf14e4e.muat.tsv	Breast-AdenoCA	1
25c76a8f-77c0-4650-bddf-45ed0c10a2e6.muat.tsv	Breast-AdenoCA	1
25e4cad7-2403-4992-9cbc-433574673549.muat.tsv	Breast-AdenoCA	1
27f87d1e-2c32-4beb-9677-62f7a286673d.muat.tsv	Breast-AdenoCA	1
2b000af3-2c9d-4eaa-af3f-8101b7425c37.muat.tsv	Breast-AdenoCA	1
2da2b745-068d-408c-9163-3b3a78d4aaed.muat.tsv	Breast-AdenoCA	1
30dbe353-86d5-40ed-84c2-dbddf7beb17b.muat.tsv	Breast-AdenoCA	1
3585e133-b3c1-4d90-b5f2-2b867e0ae0ec.muat.tsv	Breast-AdenoCA	1
36d1a85e-a09b-4537-86e0-eaf1eb03aed8.muat.tsv	Breast-AdenoCA	1
418e916b-7a4e-4fab-8616-15dcec4d79f8.muat.tsv	Breast-AdenoCA	1
41f140b8-72b9-4ae3-8b25-6144d9f94d0f.muat.tsv	Breast-AdenoCA	1
43f7a2e0-fec9-4e43-872d-18c6c946fa17.muat.tsv	Breast-AdenoCA	1
467ef778-f481-44f3-9768-b9900252d2ba.muat.tsv	Breast-AdenoCA	1
47312f61-5ef4-4f25-9320-8fbb4758790e.muat.tsv	Breast-AdenoCA	1
4e84eed6-82a8-4e91-b0fd-61ec6ef69ce9.muat.tsv	Breast-AdenoCA	1
546b982f-60d9-43df-9761-09369afbee2d.muat.tsv	Breast-AdenoCA	1
5a535c49-d42e-43c6-9d32-dc76f28d4f0f.muat.tsv	Breast-AdenoCA	1
5b7d5767-2037-4175-aec9-886776343181.muat.tsv	Breast-AdenoCA	1
5dbf3203-ce73-41e4-bf9a-32fc856f73f5.muat.tsv	Breast-AdenoCA	1
6764e0a2-7a78-45c1-9189-6001c6518ce4.muat.tsv	Breast-AdenoCA	1
6c65cb6d-8c50-4c7c-bc84-eeebe09fbe01.muat.tsv	Breast-AdenoCA	1
6c8e9197-fd16-4fed-bfda-e349cab26314.muat.tsv	Breast-AdenoCA	1
6d7f44df-e9f0-4542-a6d8-d14ee7804002.muat.tsv	Breast-AdenoCA	1
71fda5a9-7049-406f-9348-2c24f7ddf5f4.muat.tsv	Breast-AdenoCA	1
73936e8b-c893-4afd-bd1f-be90c06a4869.muat.tsv	Breast-AdenoCA	1
74039acd-5aca-4c65-818c-3b577d295be0.muat.tsv	Breast-AdenoCA	1
7456abd5-303e-4e6f-bf4e-47efefc7310f.muat.tsv	Breast-AdenoCA	1
74b57d2c-a83f-4798-b86b-a533975e4cc0.muat.tsv	Breast-AdenoCA	1
7b08e810-f3c9-4155-ac11-f45a3a4f8b41.muat.tsv	Breast-AdenoCA	1
84c77098-03d0-4b22-afb1-797703e85c6c.muat.tsv	Breast-AdenoCA	1
8691c87f-2468-44bb-a670-3dccd6da33c6.muat.tsv	Breast-AdenoCA	1
8e03e773-5557-4e78-889b-4710c515378f.muat.tsv	Breast-AdenoCA	1
9032b7fe-e38a-4641-a45e-67041668adc4.muat.tsv	Breast-AdenoCA	1
97064332-1d4f-4571-93ff-354ffe6d7df9.muat.tsv	Breast-AdenoCA	1
987528ac-437a-4eb8-a335-4f2076d5c006.muat.tsv	Breast-AdenoCA	1
987d41ee-6bab-490c-b0f2-bf28c0089de9.muat.tsv	Breast-AdenoCA	1
9c70688d-6e43-4520-9262-eaae4e4d597d.muat.tsv	Breast-AdenoCA	1
9ddf2119-a222-4fa5-a9f3-0bec7eeea36b.muat.tsv	Breast-AdenoCA	1
a6c14ebc-81a2-44f7-af87-2b7ec85e5696.muat.tsv	Breast-AdenoCA	1
a85cf239-ff51-46e7-9b88-4c2cb49c66b9.muat.tsv	Breast-AdenoCA	1
aacaba97-ecde-440b-aae0-0e9c608c4b24.muat.tsv	Breast-AdenoCA	1
b27d75ba-5989-4200-bfe9-f1b7d7cf8008.muat.tsv	Breast-AdenoCA	1
b752b444-f033-4be4-9d24-e5e80b4181af.muat.tsv	Breast-AdenoCA	1
c61ded54-f80e-4da8-b1d8-e22551c96118.muat.tsv	Breast-AdenoCA	1
c67409b2-ac25-42a0-8543-4636ef132fe4.muat.tsv	Breast-AdenoCA	1
cc4f9175-a8c8-424a-99d7-8bd11cae0e52.muat.tsv	Breast-AdenoCA	1
d5372745-95cf-4572-a6e7-e7f5b796911a.muat.tsv	Breast-AdenoCA	1
d8c6d4b8-f279-4edc-aaa3-a1cc266aec4d.muat.tsv	Breast-AdenoCA	1
d8fbb398-d1da-4444-984a-22c8523625da.muat.tsv	Breast-AdenoCA	1
db45d81f-695c-4f99-beea-6dbec1ff47fc.muat.tsv	Breast-AdenoCA	1
ddc7377d-82c3-480a-be3c-3d1da52c77d4.muat.tsv	Breast-AdenoCA	1
df291849-4c35-44e1-b013-8f6b7ee36113.muat.tsv	Breast-AdenoCA	1
e5593865-5f8e-4a4c-b36f-73fbe64d66da.muat.tsv	Breast-AdenoCA	1
e55f338f-97e2-4394-ae23-c92606069485.muat.tsv	Breast-AdenoCA	1
e7dc7492-3a84-49c7-8dea-8f508b53dc40.muat.tsv	Breast-AdenoCA	1
e8392f20-c9e3-4649-b64f-5b266c393a76.muat.tsv	Breast-AdenoCA	1
ea43434b-197e-48ac-ae2e-46bc7f3776de.muat.tsv	Breast-AdenoCA	1
ec4d4cbc-d5d1-418d-a292-cad9576624fd.muat.tsv	Breast-AdenoCA	1
f221cbb5-eefa-187f-e040-11ac0c481708.muat.tsv	Breast-AdenoCA	1
f393baf9-2710-9203-e040-11ac0d484504.muat.tsv	Breast-AdenoCA	1
f393bafd-1baa-e5f4-e040-11ac0d48450b.muat.tsv	Breast-AdenoCA	1
f393bafe-7503-5c45-e040-11ac0d484511.muat.tsv	Breast-AdenoCA	1
f393bafe-c99f-3725-e040-11ac0d484514.muat.tsv	Breast-AdenoCA	1
f393bb00-888d-710f-e040-11ac0d484518.muat.tsv	Breast-AdenoCA	1
f393bb01-6ed7-9533-e040-11ac0d484521.muat.tsv	Breast-AdenoCA	1
f393bb05-53c2-f80a-e040-11ac0d484528.muat.tsv	Breast-AdenoCA	1
f393bb05-c737-4cc3-e040-11ac0d48452a.muat.tsv	Breast-AdenoCA	1
f393bb07-270c-2c93-e040-11ac0d484533.muat.tsv	Breast-AdenoCA	1
f393bb08-4121-cad8-e040-11ac0d484535.muat.tsv	Breast-AdenoCA	1
f393bb08-5b50-e009-e040-11ac0d484537.muat.tsv	Breast-AdenoCA	1
f393bb0a-9b20-a0e5-e040-11ac0d48454e.muat.tsv	Breast-AdenoCA	1
f393bb0a-df7d-645c-e040-11ac0d484550.muat.tsv	Breast-AdenoCA	1
f393bb0b-08ed-3335-e040-11ac0d484554.muat.tsv	Breast-AdenoCA	1
f393bb0c-3ffa-cb72-e040-11ac0d48455c.muat.tsv	Breast-AdenoCA	1
f393bb0c-4178-ca4a-e040-11ac0d48455f.muat.tsv	Breast-AdenoCA	1
f39cc911-36a7-4c06-9e91-4ad86281db3d.muat.tsv	Breast-AdenoCA	1
f69e5057-eda6-4391-ba9a-aedbf6b572da.muat.tsv	Breast-AdenoCA	1
f7b847e5-0f5d-69b4-e040-11ac0c4845fe.muat.tsv	Breast-AdenoCA	1
f7b84b5d-8f28-e6b7-e040-11ac0c484704.muat.tsv	Breast-AdenoCA	1
f7b84bac-f161-9eee-e040-11ac0c4847ed.muat.tsv	Breast-AdenoCA	1
f7b84c09-15d4-3046-e040-11ac0c4847ff.muat.tsv	Breast-AdenoCA	1
f7c6486a-bb08-f77a-e040-11ac0c482953.muat.tsv	Breast-AdenoCA	1
f7c6a336-3126-7580-e040-11ac0c485971.muat.tsv	Breast-AdenoCA	1
f7c7373c-1972-4968-e040-11ac0d486e80.muat.tsv	Breast-AdenoCA	1
f7d128d2-3964-e3bc-e040-11ac0d481667.muat.tsv	Breast-AdenoCA	1
f7d7b3db-02af-61cb-e040-11ac0c480c03.muat.tsv	Breast-AdenoCA	1
f7e4a2a8-093d-9e36-e040-11ac0d480c7d.muat.tsv	Breast-AdenoCA	1
f7e7b258-b4b2-e6c5-e040-11ac0d486773.muat.tsv	Breast-AdenoCA	1
f7e7d61f-e2dc-b523-e040-11ac0c482000.muat.tsv	Breast-AdenoCA	1
f7ed28a6-8f5f-e87b-e040-11ac0c48120e.muat.tsv	Breast-AdenoCA	1
f7f3e156-0dde-72b9-e040-11ac0d48542c.muat.tsv	Breast-AdenoCA	1
f7f66114-e321-1d4c-e040-11ac0d48541a.muat.tsv	Breast-AdenoCA	1
f7f6619b-fae8-3381-e040-11ac0c483f78.muat.tsv	Breast-AdenoCA	1
f7fdda4f-7bf7-ede7-e040-11ac0c486e57.muat.tsv	Breast-AdenoCA	1
f809247c-2bab-ab06-e040-11ac0d482b8a.muat.tsv	Breast-AdenoCA	1
f8f749b7-547d-49fa-9da2-44eed962b6fd.muat.tsv	Breast-AdenoCA	1
fb9135d9-2acf-41dd-8552-359e6b8c9470.muat.tsv	Breast-AdenoCA	1
fc447d4f-2532-c8ea-e040-11ac0c48469f.muat.tsv	Breast-AdenoCA	1
fc447d51-cdc2-a180-e040-11ac0c4846a4.muat.tsv	Breast-AdenoCA	1
fc447d53-24d1-c83d-e040-11ac0c4846a6.muat.tsv	Breast-AdenoCA	1
fc447d55-95d8-0b34-e040-11ac0d483afa.muat.tsv	Breast-AdenoCA	1
fc447d56-0d53-e0c3-e040-11ac0c4846a8.muat.tsv	Breast-AdenoCA	1
fc639186-8302-798e-e040-11ac0c484cec.muat.tsv	Breast-AdenoCA	1
fc63cbab-d27a-5ebb-e040-11ac0c48724f.muat.tsv	Breast-AdenoCA	1
fc68c24d-47ad-7961-e040-11ac0c48595c.muat.tsv	Breast-AdenoCA	1
fc68e599-6a40-61dc-e040-11ac0d48700d.muat.tsv	Breast-AdenoCA	1
fc6d77a9-121b-48ab-a899-713c3d1319a2.muat.tsv	Breast-AdenoCA	1
fc78685a-7053-152a-e040-11ac0c480ded.muat.tsv	Breast-AdenoCA	1
fc7eb420-5c13-20bd-e040-11ac0d484574.muat.tsv	Breast-AdenoCA	1
fc7f8eeb-9c40-123e-e040-11ac0c484061.muat.tsv	Breast-AdenoCA	1
fc806c50-2f6e-418d-e040-11ac0d485f01.muat.tsv	Breast-AdenoCA	1
fc8130df-1bc2-c537-e040-11ac0d485de6.muat.tsv	Breast-AdenoCA	1
fc8130df-1cdd-cade-e040-11ac0d485dec.muat.tsv	Breast-AdenoCA	1
fc8130df-1e8f-c879-e040-11ac0d485df4.muat.tsv	Breast-AdenoCA	1
fc8130df-1f21-c8f9-e040-11ac0d485dfc.muat.tsv	Breast-AdenoCA	1
fc8130df-2211-cfcc-e040-11ac0d485dde.muat.tsv	Breast-AdenoCA	1
fc8130df-24d9-32f1-e040-11ac0d485df0.muat.tsv	Breast-AdenoCA	1
fc8130df-2628-304a-e040-11ac0d485dfa.muat.tsv	Breast-AdenoCA	1
fc8130df-297f-34a3-e040-11ac0d485e02.muat.tsv	Breast-AdenoCA	1
fc8130df-2ca4-39d2-e040-11ac0d485e00.muat.tsv	Breast-AdenoCA	1
fc8130df-2e39-3814-e040-11ac0d485de0.muat.tsv	Breast-AdenoCA	1
fc8130df-30a5-3e6a-e040-11ac0d485de2.muat.tsv	Breast-AdenoCA	1
fc8130df-3147-3e94-e040-11ac0d485df8.muat.tsv	Breast-AdenoCA	1
fc8130df-3225-3f96-e040-11ac0d485dfe.muat.tsv	Breast-AdenoCA	1
fc8130df-3361-3c8a-e040-11ac0d485dea.muat.tsv	Breast-AdenoCA	1
fc8130df-34f8-22c6-e040-11ac0d485de8.muat.tsv	Breast-AdenoCA	1
fc8130df-35ac-2304-e040-11ac0d485dda.muat.tsv	Breast-AdenoCA	1
fc8130df-6860-7677-e040-11ac0d485ddc.muat.tsv	Breast-AdenoCA	1
fc8130df-6977-7704-e040-11ac0d485de4.muat.tsv	Breast-AdenoCA	1
fc8130df-897d-5404-e040-11ac0d485e0a.muat.tsv	Breast-AdenoCA	1
fc8130df-8ec8-5b1e-e040-11ac0d485e06.muat.tsv	Breast-AdenoCA	1
fc8130df-90ba-5d94-e040-11ac0d485e0c.muat.tsv	Breast-AdenoCA	1
fc8130df-e399-e34d-e040-11ac0c483279.muat.tsv	Breast-AdenoCA	1
fc8130e0-08dd-b996-e040-11ac0c48327b.muat.tsv	Breast-AdenoCA	1
fc8130e0-095f-b953-e040-11ac0c483287.muat.tsv	Breast-AdenoCA	1
fc8130e0-096a-b991-e040-11ac0c48327d.muat.tsv	Breast-AdenoCA	1
fc8130e0-09f1-b964-e040-11ac0c48326e.muat.tsv	Breast-AdenoCA	1
fc8130e0-0b9c-bbc9-e040-11ac0c483266.muat.tsv	Breast-AdenoCA	1
fc8130e0-0c53-b432-e040-11ac0c483283.muat.tsv	Breast-AdenoCA	1
fc8130e0-0d25-b475-e040-11ac0c483277.muat.tsv	Breast-AdenoCA	1
fc8130e0-0db6-b568-e040-11ac0c483281.muat.tsv	Breast-AdenoCA	1
fc8130e0-0dcf-b558-e040-11ac0c483285.muat.tsv	Breast-AdenoCA	1
fc8130e0-0e1f-b54d-e040-11ac0c48326c.muat.tsv	Breast-AdenoCA	1
fc8130e0-0f1a-b6eb-e040-11ac0c48328f.muat.tsv	Breast-AdenoCA	1
fc8130e0-a538-dda3-e040-11ac0c483264.muat.tsv	Breast-AdenoCA	1
fc8130e0-a539-dda8-e040-11ac0c48326a.muat.tsv	Breast-AdenoCA	1
fc8130e0-a774-d834-e040-11ac0c483268.muat.tsv	Breast-AdenoCA	1
fc8130e0-a94d-d9d0-e040-11ac0c483262.muat.tsv	Breast-AdenoCA	1
fc8130e0-ad8a-b832-e040-11ac0d485e14.muat.tsv	Breast-AdenoCA	1
fc8130e0-aed2-bb2f-e040-11ac0d485e12.muat.tsv	Breast-AdenoCA	1
fc8130e2-f2ef-d096-e040-11ac0c483293.muat.tsv	Breast-AdenoCA	1
fc8130e3-01ba-c740-e040-11ac0c483291.muat.tsv	Breast-AdenoCA	1
fc8130e3-023d-c7d4-e040-11ac0c483295.muat.tsv	Breast-AdenoCA	1
fc8130e5-18b8-ef38-e040-11ac0c483297.muat.tsv	Breast-AdenoCA	1
fc81312a-99ae-7672-e040-11ac0c4832a2.muat.tsv	Breast-AdenoCA	1
fc81312a-d451-38fb-e040-11ac0c4832a4.muat.tsv	Breast-AdenoCA	1
fc8edf46-2005-1af4-e040-11ac0d481414.muat.tsv	Breast-AdenoCA	1
fc93b9ab-760a-5223-e040-11ac0c482177.muat.tsv	Breast-AdenoCA	1
fc9dbf68-4599-3c64-e040-11ac0d481623.muat.tsv	Breast-AdenoCA	1
fc9ef456-75a2-5967-e040-11ac0c484477.muat.tsv	Breast-AdenoCA	1
fc9f6916-da31-ab17-e040-11ac0c4808f3.muat.tsv	Breast-AdenoCA	1
fc9f6cb0-ceb9-790d-e040-11ac0c480ad1.muat.tsv	Breast-AdenoCA	1
fca07e09-1fd2-9ef5-e040-11ac0d485bbd.muat.tsv	Breast-AdenoCA	1
fca3f7d0-2231-661c-e040-11ac0c4832fd.muat.tsv	Breast-AdenoCA	1
fca6150f-d555-a29e-e040-11ac0d4873b2.muat.tsv	Breast-AdenoCA	1
0332b017-17d5-4083-8fc4-9d6f8fdbbbde.muat.tsv	CNS-GBM	2
04339769-517c-448d-a7ca-951f83608c60.muat.tsv	CNS-GBM	2
08ac57ec-0036-4134-a9bb-f22eaa27ab0d.muat.tsv	CNS-GBM	2
1e27cc8a-5394-4958-9af6-5ece1fe24516.muat.tsv	CNS-GBM	2
25bee010-cc99-4af0-ba2f-fe4dd308be33.muat.tsv	CNS-GBM	2
2c71d542-1653-4d97-8752-f2fd05c7e75d.muat.tsv	CNS-GBM	2
2ce48f01-2f61-49d9-a56a-7438bf4a37d7.muat.tsv	CNS-GBM	2
2fdab641-d73b-4f9a-aa4c-c1944f131a69.muat.tsv	CNS-GBM	2
374cbd87-428e-4509-85c1-b7d3302c30a0.muat.tsv	CNS-GBM	2
39520be3-a2af-4189-acf4-9d239363333a.muat.tsv	CNS-GBM	2
41d50a3c-49fc-4d8a-9c25-bbbcd3a5da6f.muat.tsv	CNS-GBM	2
4a1ad661-f6ae-44e8-b50b-72ff658ff22b.muat.tsv	CNS-GBM	2
4d7f2c74-862b-4aad-98e1-fa831f14a905.muat.tsv	CNS-GBM	2
53dec97d-0464-4ffd-8e2e-95b2b9a03af0.muat.tsv	CNS-GBM	2
56ffaa35-814c-4c0b-b3c6-d4514d34fec2.muat.tsv	CNS-GBM	2
5fd77ba9-5015-4d8b-86a0-582e5c76bdd6.muat.tsv	CNS-GBM	2
65723119-bdfe-46f0-b629-c171023abd71.muat.tsv	CNS-GBM	2
6de41ac1-229b-40b9-a494-5588c284351d.muat.tsv	CNS-GBM	2
7cae6c0b-36fe-411b-bbba-093a4c846d84.muat.tsv	CNS-GBM	2
82d7fa2d-19cd-41b7-8ed1-ea9fb9a544c6.muat.tsv	CNS-GBM	2
841eb82b-347d-4d7f-805f-3f3701a2983d.muat.tsv	CNS-GBM	2
914421d2-898e-433e-bb66-b1710eaae2c7.muat.tsv	CNS-GBM	2
96e3db14-2bb1-4f68-aed6-5e794750c96e.muat.tsv	CNS-GBM	2
96ef40c3-8d4c-4fe1-a33a-99f5b205a0bb.muat.tsv	CNS-GBM	2
9880c3c9-5685-42a7-8fe9-7585ea1a1d37.muat.tsv	CNS-GBM	2
a6957d15-453c-4f3b-ab8c-c38054dfe548.muat.tsv	CNS-GBM	2
a8f86b64-914c-4d89-897b-33bcdd1759f7.muat.tsv	CNS-GBM	2
b2d17671-d2e1-4c97-8b01-a976d5abe1d6.muat.tsv	CNS-GBM	2
b60392fb-43d9-4c9c-b91b-ded40492e61c.muat.tsv	CNS-GBM	2
b8151614-b08f-49a3-ab6f-2e780f765a17.muat.tsv	CNS-GBM	2
c065761d-f775-457f-bda0-4c7c257a701e.muat.tsv	CNS-GBM	2
c27290e4-6835-448a-abdc-df8ddd5f4630.muat.tsv	CNS-GBM	2
d1132127-1250-43af-9c16-425798a3d1a7.muat.tsv	CNS-GBM	2
d60f54f5-b154-42c4-99fb-cea4e7a33dc7.muat.tsv	CNS-GBM	2
eab71331-53d3-4cf5-96c9-5121a3962c27.muat.tsv	CNS-GBM	2
ece0f3a4-a204-4c52-bb1f-88d44a875b2e.muat.tsv	CNS-GBM	2
fca08ee9-b480-4dc7-be56-f1eb03b56f7c.muat.tsv	CNS-GBM	2
031962d6-fc7d-4c6c-9d47-ffa45997b249.muat.tsv	CNS-Medullo	3
03b5268e-881e-49e7-824f-170c3fc8b11b.muat.tsv	CNS-Medullo	3
04b9837e-9ab5-4eb9-9a9c-ef49e3a62662.muat.tsv	CNS-Medullo	3
0609b182-0396-4755-b463-10f949c5b8bb.muat.tsv	CNS-Medullo	3
0624eb1d-3aff-4037-a3c5-fc363a9edd02.muat.tsv	CNS-Medullo	3
0ba8f2e2-935a-4123-86aa-6e7f5de85bf4.muat.tsv	CNS-Medullo	3
0db9309e-7b95-4ae3-b0ed-dfd4f38d11b0.muat.tsv	CNS-Medullo	3
0e1e628b-823a-4861-aa95-bed2fada7349.muat.tsv	CNS-Medullo	3
12d7121a-0345-4808-a819-09d6e3227bd5.muat.tsv	CNS-Medullo	3
13446fc4-9fa6-4bb3-a00a-b9265b41eb12.muat.tsv	CNS-Medullo	3
13c7065e-6780-4571-978e-a7c13078ff50.muat.tsv	CNS-Medullo	3
147e3496-514e-4da7-be42-7cd9be78ed04.muat.tsv	CNS-Medullo	3
14f41457-25c3-4979-8515-4f33322039a5.muat.tsv	CNS-Medullo	3
18f9240e-7acd-41eb-a154-c2a67a1cbe9b.muat.tsv	CNS-Medullo	3
19aa8223-ee84-4b5c-b11a-6ca2a2680b3c.muat.tsv	CNS-Medullo	3
19b6b9d6-6912-4b85-a4bf-52014bcb170b.muat.tsv	CNS-Medullo	3
1bd74f92-47f6-427e-af6f-299c3a7fe023.muat.tsv	CNS-Medullo	3
1f8d8720-30ca-4057-90f7-a34b8383eafe.muat.tsv	CNS-Medullo	3
2009e5e7-1796-445b-8677-46b3804fe0bf.muat.tsv	CNS-Medullo	3
209a9b10-7129-48fe-a899-d14ba17efe6f.muat.tsv	CNS-Medullo	3
2321c412-7730-4694-bc8f-199d7e51a7f8.muat.tsv	CNS-Medullo	3
27847313-3b1e-47f2-84f1-acadaf265cf3.muat.tsv	CNS-Medullo	3
2abe2e53-ad9b-4fbc-b9a7-93444f1bea87.muat.tsv	CNS-Medullo	3
30376989-7edb-4863-9496-1789eccef8c4.muat.tsv	CNS-Medullo	3
3166f1ae-678d-42ae-9d44-d3d25d6860c7.muat.tsv	CNS-Medullo	3
324adcfa-3fba-45b9-99f0-9d41c0c54d79.muat.tsv	CNS-Medullo	3
34b0c838-bf6c-4d0f-8cd2-d2928adbb539.muat.tsv	CNS-Medullo	3
35b951c0-edb0-47c4-9076-ede346ea7cb1.muat.tsv	CNS-Medullo	3
37c913e6-9ce5-4338-8849-b5bf7862d36a.muat.tsv	CNS-Medullo	3
391a949d-217a-472c-a6d4-80e548039684.muat.tsv	CNS-Medullo	3
3b399659-8302-428a-9c97-1e7b455c9c2f.muat.tsv	CNS-Medullo	3
3e1180a5-149c-4e6c-9a29-696e3ba567e3.muat.tsv	CNS-Medullo	3
3f3aff50-d71b-44af-85d4-f81e813ea420.muat.tsv	CNS-Medullo	3
436af904-65b2-4196-ad8c-a4e98081ee41.muat.tsv	CNS-Medullo	3
45614404-2149-4468-848c-0796e3757d62.muat.tsv	CNS-Medullo	3
492694a7-bb41-4128-a909-c424e7fc0c9e.muat.tsv	CNS-Medullo	3
49fa7e44-c86f-4b1f-8849-e5fe5b9de734.muat.tsv	CNS-Medullo	3
4a698352-25e6-4137-bef8-b6520d5b1b95.muat.tsv	CNS-Medullo	3
4c3f733d-5fd5-4f67-af5f-8c36c5b37be2.muat.tsv	CNS-Medullo	3
4d121008-0987-4142-a2b8-7dac58f3110a.muat.tsv	CNS-Medullo	3
4d690424-b015-46ae-885d-aa6d9031f66f.muat.tsv	CNS-Medullo	3
4d6bb438-86f0-4414-962f-2b1cebee4524.muat.tsv	CNS-Medullo	3
4daa2708-d0db-40fe-a07a-763f003adcae.muat.tsv	CNS-Medullo	3
4e361622-f9a8-4e9b-a89e-19bafebe1d6a.muat.tsv	CNS-Medullo	3
518d6c1b-8234-40be-9560-6d383d5866fa.muat.tsv	CNS-Medullo	3
51dd1a39-7349-442c-b7e1-7850fb800569.muat.tsv	CNS-Medullo	3
55c75a2a-f3d2-4469-9d23-604cf539d548.muat.tsv	CNS-Medullo	3
571ce258-b453-4cac-b05e-05755791be84.muat.tsv	CNS-Medullo	3
573ee34b-43a7-40d8-95ee-0ced4b46a7c8.muat.tsv	CNS-Medullo	3
589daa3f-0b76-4c9c-b494-048955e36052.muat.tsv	CNS-Medullo	3
59bfcb53-91c1-4dce-856a-f4afc8fa6224.muat.tsv	CNS-Medullo	3
5a5a8409-a8f2-4c7b-85e5-b8bd85f2930c.muat.tsv	CNS-Medullo	3
5ab6a1d3-76f8-45d4-a430-d9831daa9ec4.muat.tsv	CNS-Medullo	3
5c775f90-83d4-4c1e-88c2-4e1ed1daa96f.muat.tsv	CNS-Medullo	3
5cbd429f-ffab-41ad-8016-422f1c922e99.muat.tsv	CNS-Medullo	3
5f00a760-fbc0-41f0-b92b-b3c553eac0e5.muat.tsv	CNS-Medullo	3
5f096d7b-a1ea-4cc2-af73-10108089ae84.muat.tsv	CNS-Medullo	3
5fa88c3a-dbc1-43f2-82b2-e0592f35ce57.muat.tsv	CNS-Medullo	3
637208b2-d8b6-45a3-a389-6f34db18fea4.muat.tsv	CNS-Medullo	3
6551ec26-4166-4d4f-bee2-444ea2466978.muat.tsv	CNS-Medullo	3
68956108-2606-4696-b038-462b6c432398.muat.tsv	CNS-Medullo	3
6c642c0b-4dd0-406c-ac68-ea376802d61b.muat.tsv	CNS-Medullo	3
6d3d5531-16b4-46ec-bd7e-394946855d62.muat.tsv	CNS-Medullo	3
706a1085-5994-4d04-b56b-d301c9ed5afa.muat.tsv	CNS-Medullo	3
70990332-7702-45e2-84cb-8bbff773f160.muat.tsv	CNS-Medullo	3
72b62805-76f9-476a-b876-a781e69a2c90.muat.tsv	CNS-Medullo	3
75e1bdbc-474e-4367-9b4a-963b31f3b297.muat.tsv	CNS-Medullo	3
7bd4d5e2-69ee-4264-93e4-2ba01418c460.muat.tsv	CNS-Medullo	3
7dddd413-d2c6-4f75-bbf6-3b202877546e.muat.tsv	CNS-Medullo	3
7f22b0f7-4040-4c84-939e-894c3050ef5d.muat.tsv	CNS-Medullo	3
8404ef5b-7a64-47fe-98f9-3f63619d2d99.muat.tsv	CNS-Medullo	3
86ae34f9-e16a-4593-8e55-b1296782bc1f.muat.tsv	CNS-Medullo	3
880e6970-0131-4966-b13e-8614d33f0df7.muat.tsv	CNS-Medullo	3
889fb525-5055-4408-a12e-17f1225c9d29.muat.tsv	CNS-Medullo	3
8a8dd718-c46e-462a-9793-83d88f5caa7f.muat.tsv	CNS-Medullo	3
8bda75a6-86b9-458e-948b-05049b4c52ce.muat.tsv	CNS-Medullo	3
8efb116f-4ecf-4191-8ebf-90a94c1880cf.muat.tsv	CNS-Medullo	3
906f6f1e-569d-4ce2-9273-1f305782f77f.muat.tsv	CNS-Medullo	3
909f3c5d-89fc-419b-a654-75ac1dbb149f.muat.tsv	CNS-Medullo	3
90ab64be-2229-4a8e-b864-4260b6cb39e9.muat.tsv	CNS-Medullo	3
93be2990-bceb-45fd-aca5-3358d96e9d5a.muat.tsv	CNS-Medullo	3
96e62134-b8cc-4931-9c99-1193448c7c93.muat.tsv	CNS-Medullo	3
97f451e5-a1cc-4f29-8318-0e6ae74efe2f.muat.tsv	CNS-Medullo	3
9be1246b-3dc1-4928-8b89-2d5ed0c866e8.muat.tsv	CNS-Medullo	3
9beb4126-0112-4c06-80a3-e5dd1c2b88d5.muat.tsv	CNS-Medullo	3
a2a4021e-1273-4c18-907c-d20454ab898c.muat.tsv	CNS-Medullo	3
a65bcd07-c47d-4bda-a2bf-21f68cef2f3b.muat.tsv	CNS-Medullo	3
aa018d90-5250-4313-9f7c-a3f196765e07.muat.tsv	CNS-Medullo	3
aa4bf69c-a1a6-48dc-96fc-3fe7d2680517.muat.tsv	CNS-Medullo	3
ac1bd179-8285-468c-ab9f-7f91151ca0f2.muat.tsv	CNS-Medullo	3
aca4d810-9540-4ce3-8ceb-72d396c9b704.muat.tsv	CNS-Medullo	3
ae464652-2f8c-4d94-8b08-cd8f1d29256e.muat.tsv	CNS-Medullo	3
aed4363b-19b8-4cb5-aa34-a442410d0796.muat.tsv	CNS-Medullo	3
b061cb06-e927-4f24-82bb-9e651f7ae0e3.muat.tsv	CNS-Medullo	3
b0d1fde4-928f-4f4c-bff6-33b885582bb5.muat.tsv	CNS-Medullo	3
b16780b0-75ba-4304-87e0-33f1e321b622.muat.tsv	CNS-Medullo	3
b64173fc-abac-4695-902b-f0acf9444e9f.muat.tsv	CNS-Medullo	3
b68f18e1-0117-420c-9405-e8d3a1e8caff.muat.tsv	CNS-Medullo	3
ba5667da-7688-4931-bdb7-d65f391caf60.muat.tsv	CNS-Medullo	3
bd1ce02b-bfaf-4cde-aaac-06097a12e248.muat.tsv	CNS-Medullo	3
bdc039d6-4817-4e6f-b8c6-a40b1e8e1a06.muat.tsv	CNS-Medullo	3
bf24366f-fd91-4d84-8b3d-eed80064250d.muat.tsv	CNS-Medullo	3
c20cb5c8-a6d0-4150-b72b-3f7e8909d72b.muat.tsv	CNS-Medullo	3
c4c776f8-ee3f-4cce-beb9-8dcf262cdcdf.muat.tsv	CNS-Medullo	3
c59188a8-c6bb-433c-97fe-69f79a126d03.muat.tsv	CNS-Medullo	3
c6224ab0-74f5-4f0a-9fe0-c083f806c853.muat.tsv	CNS-Medullo	3
c955387a-16e5-447c-8e69-e4c04a9861d5.muat.tsv	CNS-Medullo	3
cb89cea8-f78e-4024-97c2-8f24debee1bc.muat.tsv	CNS-Medullo	3
cc39b534-5ba1-4ea0-956b-676f6732beec.muat.tsv	CNS-Medullo	3
cc69fe94-0ecf-45ad-a03f-8fb7198e8657.muat.tsv	CNS-Medullo	3
cc6ab103-f07c-4b80-8c8e-cddc8a4da02e.muat.tsv	CNS-Medullo	3
cd2a045b-fbde-49c6-8be6-c0e3ecee246f.muat.tsv	CNS-Medullo	3
cdc672cc-35df-4f10-88f1-d3e40dabf601.muat.tsv	CNS-Medullo	3
ce6154e9-3f3a-442f-a608-35e1bab66927.muat.tsv	CNS-Medullo	3
d0161ca7-3c33-4fe5-80df-0cc4b3c4e8ee.muat.tsv	CNS-Medullo	3
d17c2123-d262-43f4-9d06-3547f991cde7.muat.tsv	CNS-Medullo	3
d5f92ce6-796f-480d-bf98-e1080a279207.muat.tsv	CNS-Medullo	3
d609ce92-9edd-4286-bd5f-b93304cae9a2.muat.tsv	CNS-Medullo	3
d8995dfa-a780-4fe6-b3f8-fb464f51a1cf.muat.tsv	CNS-Medullo	3
d8e2af63-afe0-4f15-88b4-78118cf68160.muat.tsv	CNS-Medullo	3
d9338d73-1d5e-4808-91f2-b5a09f7342de.muat.tsv	CNS-Medullo	3
e23462f2-cb86-4a3e-8521-221f4bec247c.muat.tsv	CNS-Medullo	3
e76128b3-8629-4ffd-b02a-e3f0aae8b1a9.muat.tsv	CNS-Medullo	3
e9d607e8-41c3-4210-870b-a9ab9b1d1c8c.muat.tsv	CNS-Medullo	3
ea121956-77f5-4da3-ab15-0b825469eafe.muat.tsv	CNS-Medullo	3
ed46bb2e-97e3-4914-a086-de80e00d6ee8.muat.tsv	CNS-Medullo	3
edc070db-b768-478f-ae75-4c4012bdc3fe.muat.tsv	CNS-Medullo	3
f15989a1-e820-4879-a535-438277acad49.muat.tsv	CNS-Medullo	3
f2d18ad2-2f18-4c1d-8b35-46f999a82f30.muat.tsv	CNS-Medullo	3
f663ff15-c8d3-4bff-8bf9-bf8e983579e0.muat.tsv	CNS-Medullo	3
f8d89ae2-2c7d-40ae-8d40-34b93b16efc9.muat.tsv	CNS-Medullo	3
fccb865d-83ed-4bfe-ad84-0689813ae977.muat.tsv	CNS-Medullo	3
003819bc-c415-4e76-887c-931d60ed39e7.muat.tsv	CNS-PiloAstro	4
02078f77-2b35-4fa3-ab02-2c017181295e.muat.tsv	CNS-PiloAstro	4
0292a46f-a282-4b7f-a7d6-ac55cc7324fb.muat.tsv	CNS-PiloAstro	4
06018aae-1107-4899-bd24-14e6b1f94709.muat.tsv	CNS-PiloAstro	4
0c8f7e63-7a3e-42e8-9408-c5cbd2f52f9d.muat.tsv	CNS-PiloAstro	4
11ae45fb-05f6-425a-9295-d50d13407006.muat.tsv	CNS-PiloAstro	4
129d2c6c-6688-4b29-bfa7-8df3fe77b25a.muat.tsv	CNS-PiloAstro	4
1358ff92-4db9-4e42-b63a-984a7bea425a.muat.tsv	CNS-PiloAstro	4
1a134c18-ced3-4bae-9f15-5f0f09526639.muat.tsv	CNS-PiloAstro	4
25e68b09-7d62-4449-a14a-8d09edd96db6.muat.tsv	CNS-PiloAstro	4
2a5a5840-a834-47a1-b1f4-dc8fed620f5c.muat.tsv	CNS-PiloAstro	4
36160be6-368f-4cdb-b1ee-9ed5b64462fa.muat.tsv	CNS-PiloAstro	4
363d3a59-dce3-408d-a736-5c29ba9f9b6d.muat.tsv	CNS-PiloAstro	4
3935af50-d992-4430-9909-e688347aead9.muat.tsv	CNS-PiloAstro	4
3b4ff158-c6d8-4a26-9568-0634ddb4a609.muat.tsv	CNS-PiloAstro	4
3baecfba-6977-4374-8bc9-22240abad9b5.muat.tsv	CNS-PiloAstro	4
43bf37e0-3dbc-4360-818c-fc1356d77495.muat.tsv	CNS-PiloAstro	4
46e503ae-461d-443a-869b-f261c5570de1.muat.tsv	CNS-PiloAstro	4
49900a43-d42e-4052-a8cb-1563b82ad0a0.muat.tsv	CNS-PiloAstro	4
49b26ab5-2ca9-49b1-ae83-573fa41af2cd.muat.tsv	CNS-PiloAstro	4
52f2d49e-f24d-41d2-9f73-33bd1cc51bba.muat.tsv	CNS-PiloAstro	4
534d941c-ec2d-47eb-b2dc-d3f856d0b151.muat.tsv	CNS-PiloAstro	4
53ac794d-1067-43e0-8dc0-43b131f43ec5.muat.tsv	CNS-PiloAstro	4
5714b52d-7048-41b5-8141-bf42d960abe4.muat.tsv	CNS-PiloAstro	4
57947014-053e-4c34-b6a7-9e6f36f48010.muat.tsv	CNS-PiloAstro	4
5fe83740-0688-46fe-97b4-4c7c8cfa206e.muat.tsv	CNS-PiloAstro	4
6239e340-d50c-45b1-a7ca-e1135671ae0f.muat.tsv	CNS-PiloAstro	4
62ac7c91-da99-4144-b927-e90528dcd8d4.muat.tsv	CNS-PiloAstro	4
64e5ee38-e5c6-4911-ad87-c50dd8e52f1b.muat.tsv	CNS-PiloAstro	4
69d6142c-3a16-46c9-8bed-1f4edc267c4d.muat.tsv	CNS-PiloAstro	4
6aba73ff-81e0-4f8d-ad12-e3136196e814.muat.tsv	CNS-PiloAstro	4
6e516c4b-fee7-4336-8470-494588e645b3.muat.tsv	CNS-PiloAstro	4
6f4d836f-e86f-4b12-9549-7117f59e3d4a.muat.tsv	CNS-PiloAstro	4
718c5a31-6b19-4f68-9fb9-79b0c00d64a5.muat.tsv	CNS-PiloAstro	4
759d30b2-ddb8-49e2-a604-57ff9222d3a0.muat.tsv	CNS-PiloAstro	4
7ac3e543-3bc2-4a59-84fc-b5aa0def592c.muat.tsv	CNS-PiloAstro	4
7f9382a5-f6da-4fe8-93ad-6adc91f508fa.muat.tsv	CNS-PiloAstro	4
86cbb7ad-b22b-414f-a122-77d38c77207d.muat.tsv	CNS-PiloAstro	4
8ce95cae-6adb-4bac-b072-94e2d9b70017.muat.tsv	CNS-PiloAstro	4
8fa7549d-d0a6-4216-9763-74b0f21c0fd7.muat.tsv	CNS-PiloAstro	4
924613ef-8732-4703-a387-136d37b2ba6b.muat.tsv	CNS-PiloAstro	4
94cf1801-a720-4b2f-aab5-0b76c8ccb242.muat.tsv	CNS-PiloAstro	4
955763f0-0735-418f-9ea4-3c980a966002.muat.tsv	CNS-PiloAstro	4
9c949c63-aa63-4a84-ac5a-b5260775cee6.muat.tsv	CNS-PiloAstro	4
a13ee768-1423-4fcc-b663-caaf6694acb3.muat.tsv	CNS-PiloAstro	4
a742a46d-2594-4efe-a701-4a2737ffae81.muat.tsv	CNS-PiloAstro	4
a7fb0931-28df-46f4-bc0f-2011fc91f0e1.muat.tsv	CNS-PiloAstro	4
afd1f2e0-343c-416d-8e8f-2177f312c2f0.muat.tsv	CNS-PiloAstro	4
b1d2457d-3267-46ba-9fdf-663985e60538.muat.tsv	CNS-PiloAstro	4
b61f7f76-f365-4071-a28d-bf354d5a670d.muat.tsv	CNS-PiloAstro	4
bb45c6f5-49cb-418d-85bb-3ded165e2d07.muat.tsv	CNS-PiloAstro	4
bb66787e-e0b2-45b6-b452-98a6c32132e7.muat.tsv	CNS-PiloAstro	4
bb91765e-4c55-4e7d-93e8-77face8c91f4.muat.tsv	CNS-PiloAstro	4
bc5160ae-d629-46c4-b068-7075876b9103.muat.tsv	CNS-PiloAstro	4
bc69c97c-65c1-4e1c-a241-d17d3130e024.muat.tsv	CNS-PiloAstro	4
bea0e802-96d3-46e2-8030-17019a71e0bb.muat.tsv	CNS-PiloAstro	4
c9ca979d-b3ad-4ff0-92d0-140105413d28.muat.tsv	CNS-PiloAstro	4
cb74d12c-eed1-4b14-8f93-d70e625eb65e.muat.tsv	CNS-PiloAstro	4
cdc2c513-590f-444b-9347-32ba365313a7.muat.tsv	CNS-PiloAstro	4
d00625b4-6e0e-4d96-8e4c-8f1ddcc7aded.muat.tsv	CNS-PiloAstro	4
d1d2932b-f1c4-4080-9b75-dcf1ab0ab217.muat.tsv	CNS-PiloAstro	4
d4ecbf52-f6a9-4394-9d3b-8eb8eee1b17b.muat.tsv	CNS-PiloAstro	4
d884d070-6077-4155-9978-76aca7ba1e76.muat.tsv	CNS-PiloAstro	4
da10f77f-4414-4125-b359-de596421cca6.muat.tsv	CNS-PiloAstro	4
db98d6d5-94a5-4559-8f29-49eb74f83ce3.muat.tsv	CNS-PiloAstro	4
ddb6c68e-0c90-4bde-a011-523600ce8b29.muat.tsv	CNS-PiloAstro	4
de55876b-5d7d-46e7-bf3e-35db7a155300.muat.tsv	CNS-PiloAstro	4
de92d076-24b7-46eb-8df6-56094d264f3b.muat.tsv	CNS-PiloAstro	4
df6b025e-ccb7-4f1a-ba22-1dcf76e6554c.muat.tsv	CNS-PiloAstro	4
e592e8db-b3d1-4ab5-ae0d-de4b5b4c0f1a.muat.tsv	CNS-PiloAstro	4
e63fac5a-cc48-4ab4-b69d-3f0be6ad684d.muat.tsv	CNS-PiloAstro	4
e68bc7b4-b6b1-4807-b52c-7c7a19cdc373.muat.tsv	CNS-PiloAstro	4
ea351a5c-2982-4499-b631-c003deff7d33.muat.tsv	CNS-PiloAstro	4
ea7d37ca-0dac-4ae6-ad03-97c6df3d116d.muat.tsv	CNS-PiloAstro	4
ef76231d-5a21-4bbd-9847-c01be6fe8916.muat.tsv	CNS-PiloAstro	4
f0b46dcd-ce45-4405-8744-8f8b35606b75.muat.tsv	CNS-PiloAstro	4
f21832da-df8b-43d4-9bf4-34ad72b1bcd9.muat.tsv	CNS-PiloAstro	4
f4798483-9e32-4e6a-8bb5-6f45af2a8ac5.muat.tsv	CNS-PiloAstro	4
f54d6b6f-3bc2-41dd-81d0-74cf9e1e90e9.muat.tsv	CNS-PiloAstro	4
fe4611c2-bd37-4605-adfe-60efe0392b03.muat.tsv	CNS-PiloAstro	4
00aa769d-622c-433e-8a8a-63fb5c41ea42.muat.tsv	ColoRect-AdenoCA	5
03cff38d-7e29-4409-a508-749bddb1b3df.muat.tsv	ColoRect-AdenoCA	5
05486349-24a4-4931-bf5f-c9fefe369af2.muat.tsv	ColoRect-AdenoCA	5
080ecc31-756a-4a1b-a51e-d632ac8219f7.muat.tsv	ColoRect-AdenoCA	5
0980e7fd-051d-45e9-9ca6-2baf073da4e8.muat.tsv	ColoRect-AdenoCA	5
10ad692b-4c3d-42de-9b5e-4968441388b3.muat.tsv	ColoRect-AdenoCA	5
14334aea-2dae-428c-9d4a-1a37878dfc3f.muat.tsv	ColoRect-AdenoCA	5
154f80bd-984c-4792-bb89-20c4da0c08e0.muat.tsv	ColoRect-AdenoCA	5
2182ce2c-5941-4b65-9419-fc7966d5e6d5.muat.tsv	ColoRect-AdenoCA	5
2cdc4cce-0877-4ec1-85f5-20c909912e65.muat.tsv	ColoRect-AdenoCA	5
303abbe5-4155-4a0d-bc3b-f8995261ca52.muat.tsv	ColoRect-AdenoCA	5
31e63f89-a6a9-40fb-823d-f41587bd73d8.muat.tsv	ColoRect-AdenoCA	5
3c019b2f-52ec-40a8-99b5-98c1423ce627.muat.tsv	ColoRect-AdenoCA	5
4019c219-c51e-479f-8a9d-cfa6816ed696.muat.tsv	ColoRect-AdenoCA	5
428c100f-d7d0-4860-a8fc-2bae6a4bba95.muat.tsv	ColoRect-AdenoCA	5
42d20028-0ddc-4dac-9f05-d674f8915f21.muat.tsv	ColoRect-AdenoCA	5
492b4e58-12e2-47b2-bd47-28f8607072fa.muat.tsv	ColoRect-AdenoCA	5
4cfb0aee-6661-478a-8694-9d8ba15e46b7.muat.tsv	ColoRect-AdenoCA	5
55345803-83d4-4fdb-b0ee-328753801da1.muat.tsv	ColoRect-AdenoCA	5
5b180356-cf58-4fad-a3d4-00fc12b43fcc.muat.tsv	ColoRect-AdenoCA	5
6051f40a-99e5-4461-9255-0e70d757b4d5.muat.tsv	ColoRect-AdenoCA	5
66701395-5a53-41bb-866b-3bbf08bc33ab.muat.tsv	ColoRect-AdenoCA	5
6ca5c1bb-275b-4d05-948a-3c6c7d03fab9.muat.tsv	ColoRect-AdenoCA	5
711c8a16-3cf8-42d8-b29e-fd1e9ef1c82b.muat.tsv	ColoRect-AdenoCA	5
75ad15b9-8f9c-40c1-9ca6-1e8454fbd310.muat.tsv	ColoRect-AdenoCA	5
786fc3e4-e2bf-4914-9251-41c800ebb2fa.muat.tsv	ColoRect-AdenoCA	5
7d59205a-65ec-4341-9748-28639d82ed29.muat.tsv	ColoRect-AdenoCA	5
81b1e78c-6032-4ff4-b52a-83456b9450ea.muat.tsv	ColoRect-AdenoCA	5
85e29049-a5e8-49fa-a576-e113c7b2c2e3.muat.tsv	ColoRect-AdenoCA	5
8853cbee-7931-49a6-b063-a806943a10ad.muat.tsv	ColoRect-AdenoCA	5
8da641e4-9b12-4163-bd1e-9d5af91e5186.muat.tsv	ColoRect-AdenoCA	5
93ff786e-0165-4b02-8d27-806d422e93fc.muat.tsv	ColoRect-AdenoCA	5
9e5f0a23-e184-4611-b42b-e882dcf23acd.muat.tsv	ColoRect-AdenoCA	5
a0f94565-9169-49ee-8e6a-21bdc43d9de6.muat.tsv	ColoRect-AdenoCA	5
a64000df-16e5-4b88-865f-5c680adf60eb.muat.tsv	ColoRect-AdenoCA	5
aa06ae46-2336-4666-a3af-fc790daf8da4.muat.tsv	ColoRect-AdenoCA	5
b2afbcba-d67d-43f1-be3b-05f3a5836ec0.muat.tsv	ColoRect-AdenoCA	5
b6b6e1d3-c592-4836-bdad-d53af2dbcc9a.muat.tsv	ColoRect-AdenoCA	5
b7f2e85a-3c6a-48b7-8a4f-2dec1d85359d.muat.tsv	ColoRect-AdenoCA	5
cd3d7559-b583-4474-81df-4bf9232de3c2.muat.tsv	ColoRect-AdenoCA	5
d0a0d845-32e2-4590-b909-29bd27b92900.muat.tsv	ColoRect-AdenoCA	5
d3aff5d3-23c0-43ae-9c01-8ddd776b530b.muat.tsv	ColoRect-AdenoCA	5
d3d65db3-36f9-41c7-8e5e-1683ce94dfcb.muat.tsv	ColoRect-AdenoCA	5
d3daf373-1485-455e-a0a1-8e33d215d623.muat.tsv	ColoRect-AdenoCA	5
d452293a-6148-4fcf-9fbc-446815016751.muat.tsv	ColoRect-AdenoCA	5
d9690a27-bb02-498e-b15c-ee76e31d16ee.muat.tsv	ColoRect-AdenoCA	5
e3ef5cad-4d6e-4f04-babb-a908ee02644b.muat.tsv	ColoRect-AdenoCA	5
ec43c4b5-fb72-4a4a-af03-10c2d05ff159.muat.tsv	ColoRect-AdenoCA	5
f38b5d2e-5cab-45c7-bb0a-38b2efc5c156.muat.tsv	ColoRect-AdenoCA	5
f4b9d98f-7b76-4eaa-9595-10b0973d5ff7.muat.tsv	ColoRect-AdenoCA	5
faff4626-615b-416a-b7a6-9d177dcc94a9.muat.tsv	ColoRect-AdenoCA	5
fc453f67-6623-4e8c-b519-0bd79e4d4651.muat.tsv	ColoRect-AdenoCA	5
0250e6f7-2538-4d1f-a8ff-ca34a7057dde.muat.tsv	Eso-AdenoCA	6
09497b9b-6fca-48cb-af97-161a3e434a51.muat.tsv	Eso-AdenoCA	6
0e872e0d-4711-4364-a5d0-6beeb6fd3ff2.muat.tsv	Eso-AdenoCA	6
0ef92ff8-829f-425a-91d8-c594b6e22a2b.muat.tsv	Eso-AdenoCA	6
0efb6e20-236d-4640-9373-6fc03e67d090.muat.tsv	Eso-AdenoCA	6
15e7d981-8c27-4b2b-b4f8-626e22021895.muat.tsv	Eso-AdenoCA	6
1bb2bdb7-8a89-4e7d-903d-03a6f8018efb.muat.tsv	Eso-AdenoCA	6
1f967003-82d6-4932-a445-24fc25723594.muat.tsv	Eso-AdenoCA	6
23fa90d5-b273-4e2c-9c88-68aa57b60e97.muat.tsv	Eso-AdenoCA	6
25c99312-bf63-4654-a73a-03c3c1cd50b6.muat.tsv	Eso-AdenoCA	6
27b56bf2-7a9d-4061-98d4-61fe2761578c.muat.tsv	Eso-AdenoCA	6
28e81540-4744-4865-b627-c7c9d8a3c2b8.muat.tsv	Eso-AdenoCA	6
293a2f0a-4846-4c7c-b8b1-bb741c8d3275.muat.tsv	Eso-AdenoCA	6
2b41746a-95c0-4875-afb5-c6d3d3ad30d9.muat.tsv	Eso-AdenoCA	6
31f3ff14-7d74-447c-a5da-9ad8336c3f3f.muat.tsv	Eso-AdenoCA	6
33992441-4f34-42f2-ba87-6ddd227f2250.muat.tsv	Eso-AdenoCA	6
35dc84c1-476c-4d48-ae23-622bf6e043ac.muat.tsv	Eso-AdenoCA	6
35eb6ecf-9514-4416-94b1-02200c0a1571.muat.tsv	Eso-AdenoCA	6
36680797-36de-413d-b2a1-8804ac1705e9.muat.tsv	Eso-AdenoCA	6
371235d9-55b8-40a7-8cd6-baa7c2ad0493.muat.tsv	Eso-AdenoCA	6
384ef419-ee94-4563-9237-236fddeb4b64.muat.tsv	Eso-AdenoCA	6
3a18aa52-b6e2-4d03-ad05-ef99d653f0e0.muat.tsv	Eso-AdenoCA	6
3a551616-4840-4111-a8c5-b4aa773d82c2.muat.tsv	Eso-AdenoCA	6
3bb4c27b-4d0d-4d13-b910-41a9ebf95880.muat.tsv	Eso-AdenoCA	6
3da169e8-844a-4eee-b794-a2eb81db779a.muat.tsv	Eso-AdenoCA	6
3e6a17f9-c249-41b6-ba49-55aaa39d21c5.muat.tsv	Eso-AdenoCA	6
42629ae0-9410-4fac-8df1-2c276467deb5.muat.tsv	Eso-AdenoCA	6
4283773c-c04b-4f33-a398-f3566f6d293a.muat.tsv	Eso-AdenoCA	6
47874ff4-0b1c-4a31-9192-2a10e93ce9a1.muat.tsv	Eso-AdenoCA	6
48a0da38-8147-40fe-b683-3f070413a792.muat.tsv	Eso-AdenoCA	6
526b3796-2cbd-4eec-8273-064b41456279.muat.tsv	Eso-AdenoCA	6
532bec86-b8d3-41a1-ba17-913a7d378f66.muat.tsv	Eso-AdenoCA	6
5fd632ea-085e-4e9b-8dcc-ec94e492d3bf.muat.tsv	Eso-AdenoCA	6
60525b38-c34b-479b-86d3-013c7e567b8f.muat.tsv	Eso-AdenoCA	6
64623aaa-a274-4baa-8b71-958d9c8df733.muat.tsv	Eso-AdenoCA	6
6495e68e-1434-45d3-a03d-f286447dda79.muat.tsv	Eso-AdenoCA	6
69c3c88c-d51e-4e03-b96b-ec4f1a0faa2d.muat.tsv	Eso-AdenoCA	6
6a0d0c42-1884-4c6a-936a-678a822c0936.muat.tsv	Eso-AdenoCA	6
708e21ac-f529-4461-bc4f-d3a194a92b80.muat.tsv	Eso-AdenoCA	6
77c022d3-2f29-49d3-a1df-cc2e9407fd7f.muat.tsv	Eso-AdenoCA	6
7866dfb2-46b3-42b4-905b-12f80593d6bd.muat.tsv	Eso-AdenoCA	6
7adcea71-1aed-450c-b0ff-b9d9820c6153.muat.tsv	Eso-AdenoCA	6
7c5c2293-3f40-4ae3-8346-6a327b2abf4d.muat.tsv	Eso-AdenoCA	6
7d2da7ba-f57c-4083-9572-6fa98008083b.muat.tsv	Eso-AdenoCA	6
7f94d650-41b9-4664-bcde-dc8533e4602d.muat.tsv	Eso-AdenoCA	6
8e48aa43-6cd1-4aef-83ce-2451b1b86e8e.muat.tsv	Eso-AdenoCA	6
8ff9b1b6-a498-47fe-a970-ab7cfb64e653.muat.tsv	Eso-AdenoCA	6
9258860c-a336-4075-996d-2ee0c18b281c.muat.tsv	Eso-AdenoCA	6
926a04de-ef57-4271-91db-e90de8aa8a1a.muat.tsv	Eso-AdenoCA	6
96a2896c-1e32-4827-a526-6b7104832f9a.muat.tsv	Eso-AdenoCA	6
9ae33a63-6b1a-43bf-9205-463c867bcbc4.muat.tsv	Eso-AdenoCA	6
9ba6be6d-2032-444b-ab3c-dbee8023759d.muat.tsv	Eso-AdenoCA	6
9bb9164e-ea1b-49ab-bbcc-f59cf8c32345.muat.tsv	Eso-AdenoCA	6
9c00828e-e9ae-4b9c-959e-34837ee2b230.muat.tsv	Eso-AdenoCA	6
9de495d1-55b2-4535-9b0a-a999df35977c.muat.tsv	Eso-AdenoCA	6
a08c196e-4f96-4b16-94b4-aa6a0153ac50.muat.tsv	Eso-AdenoCA	6
a1e3dc5b-b81f-4890-870c-ed3b8ac36dec.muat.tsv	Eso-AdenoCA	6
a284fe9d-9afd-4472-8d70-243ca9be5c2c.muat.tsv	Eso-AdenoCA	6
a37a825c-d74e-46cc-92ef-b65016857b4a.muat.tsv	Eso-AdenoCA	6
abe290ed-67c8-42bb-84f7-0d32a5f8f3db.muat.tsv	Eso-AdenoCA	6
ad4aa4dc-bea4-4f4a-8b1b-8f361112f84f.muat.tsv	Eso-AdenoCA	6
b02b4bba-6e66-44fb-a48f-38c309aaaac5.muat.tsv	Eso-AdenoCA	6
b53dcb4d-f894-47b8-8a4e-17c7998d8120.muat.tsv	Eso-AdenoCA	6
b757a040-3c9e-45e7-a045-9cd08db11d62.muat.tsv	Eso-AdenoCA	6
b8f3137e-5e92-4a56-90d4-884a4ed2ef9c.muat.tsv	Eso-AdenoCA	6
b9bcba3a-c9be-4305-b5f4-c861282921e0.muat.tsv	Eso-AdenoCA	6
ba096d4f-5a6c-4c31-ae03-e7483cf58c38.muat.tsv	Eso-AdenoCA	6
bb5bedd3-d8fc-4739-8e6b-9e37223f8be2.muat.tsv	Eso-AdenoCA	6
c9f91ded-3b04-4cd1-8ea6-bbc635a8a4f0.muat.tsv	Eso-AdenoCA	6
cb381d49-4546-400c-af02-f877083caa0a.muat.tsv	Eso-AdenoCA	6
cb753e6f-5ea3-4b58-9db3-7a62d15c8b2e.muat.tsv	Eso-AdenoCA	6
ce799e7b-30e7-44a5-a185-3e50d5e059ef.muat.tsv	Eso-AdenoCA	6
d1842491-29ff-4801-8c8a-4d619f749dd1.muat.tsv	Eso-AdenoCA	6
d4cf11be-3bd7-403b-9722-91d8e8761e4d.muat.tsv	Eso-AdenoCA	6
d707940e-0f9d-4da3-9380-90a422e44efd.muat.tsv	Eso-AdenoCA	6
da910f22-126e-41dc-be6b-47c8f69ad106.muat.tsv	Eso-AdenoCA	6
dd7d623b-b9af-4147-9aa6-e09793691f10.muat.tsv	Eso-AdenoCA	6
ded8b673-53df-4038-a375-7cd0fd2a1b9f.muat.tsv	Eso-AdenoCA	6
dfde4013-9062-42f5-a42b-626ef8334a41.muat.tsv	Eso-AdenoCA	6
e7a0889c-dd8c-4230-9c63-384f1f6ee577.muat.tsv	Eso-AdenoCA	6
e91ab7da-79a6-4ea0-bc24-7aacb39f7614.muat.tsv	Eso-AdenoCA	6
e93b0979-65ef-4883-9b6e-39eb17966e66.muat.tsv	Eso-AdenoCA	6
eb1531b0-8af1-4b2b-9192-644cb47101fc.muat.tsv	Eso-AdenoCA	6
ec474dfa-527c-44f3-9224-bf1c858cabfc.muat.tsv	Eso-AdenoCA	6
f0a33adc-ea90-46ef-a24a-a8d7e4e15db3.muat.tsv	Eso-AdenoCA	6
f2e639cc-c30c-459f-8afc-7ace7d0209c5.muat.tsv	Eso-AdenoCA	6
f48c3c82-bebe-4b8e-909e-e1a51a7142ec.muat.tsv	Eso-AdenoCA	6
fab0be4b-c84a-45cd-a76f-44d9a8bf1846.muat.tsv	Eso-AdenoCA	6
02c6a893-49c5-49d1-8eb1-195021e70d52.muat.tsv	Head-SCC	7
08227616-02a5-46e8-9db1-f2d1d691ab23.muat.tsv	Head-SCC	7
0e6ca8dc-0f31-4675-95b1-5920576daeff.muat.tsv	Head-SCC	7
0f9e70b3-24cf-4d76-af7b-84ace66ec5a7.muat.tsv	Head-SCC	7
1727e88b-df0a-4af2-9191-8c6061d98ad0.muat.tsv	Head-SCC	7
190eb791-383d-4e27-870d-e470630843e7.muat.tsv	Head-SCC	7
1aff91a6-1b0f-4575-8f4b-4e064a50b886.muat.tsv	Head-SCC	7
1fdab6a6-7346-4229-aa8d-5dbd258f0c60.muat.tsv	Head-SCC	7
1ff155dd-deb4-44e0-b3a2-e4875b618435.muat.tsv	Head-SCC	7
1fff8b62-534b-4d71-a65f-e5f93b8b50ed.muat.tsv	Head-SCC	7
21205681-a0c7-48d0-81d4-0b7ef31158cf.muat.tsv	Head-SCC	7
29fc38aa-f367-46a3-a14d-a5f657ad0caa.muat.tsv	Head-SCC	7
34d7b6cc-cfcf-4178-b075-f4d129ab18f7.muat.tsv	Head-SCC	7
3e604a1c-b95f-44ff-9723-e2fac845da3b.muat.tsv	Head-SCC	7
469eddf2-6e02-46bf-820f-6296a2b776e2.muat.tsv	Head-SCC	7
46d35b82-e1b7-4d35-be5e-3a70fd47e421.muat.tsv	Head-SCC	7
5193a482-6ed9-4504-bd7c-c8b9e4103577.muat.tsv	Head-SCC	7
54e78de0-d357-4125-a904-ab35e461572b.muat.tsv	Head-SCC	7
6bbd66dd-efee-4d6e-b02f-f88e98526b82.muat.tsv	Head-SCC	7
7158c9fd-a633-4fef-aa23-bd285f2a87a8.muat.tsv	Head-SCC	7
7625877a-7a2b-466f-944b-9e56689ad47b.muat.tsv	Head-SCC	7
7e584ff6-0b81-4f85-81da-b8117afee326.muat.tsv	Head-SCC	7
81598359-24d5-4a8b-a6e6-7a6f94289119.muat.tsv	Head-SCC	7
8294a969-59a1-4d3b-895b-f07e96bf9f7a.muat.tsv	Head-SCC	7
83eca7b5-45bb-44c0-8afe-36f8988d0078.muat.tsv	Head-SCC	7
9650640f-154d-4696-aa96-3611c6fcee7b.muat.tsv	Head-SCC	7
9988eb07-01f6-4f83-8699-bb63e0525f08.muat.tsv	Head-SCC	7
9fb6b7be-0084-48f7-a256-6d170e72e97f.muat.tsv	Head-SCC	7
a0fe80e0-e3ac-485b-8a1a-4c80c101b874.muat.tsv	Head-SCC	7
a315b798-f037-48d5-91ed-e733e3bbd6ee.muat.tsv	Head-SCC	7
a8041e86-071e-46cd-8fb5-7ecdc1ab0553.muat.tsv	Head-SCC	7
ab923db7-54e8-4a50-b7fd-c2b4b300041e.muat.tsv	Head-SCC	7
b537bc07-9998-49f4-bbbe-5b617152bfd9.muat.tsv	Head-SCC	7
b86e88e7-0d5f-4b32-a35f-dc97251ab990.muat.tsv	Head-SCC	7
c0812962-a345-48b7-aec0-01336c2d1eed.muat.tsv	Head-SCC	7
c121de15-78f7-4698-91bf-fd0485c466c2.muat.tsv	Head-SCC	7
c2124bb2-30e1-4093-9a8a-3a188a6dc0a9.muat.tsv	Head-SCC	7
c76f7fcc-2748-4b6d-805e-d21652dd5e3a.muat.tsv	Head-SCC	7
ca137611-533a-4d20-a85d-8e4c3a1eab2d.muat.tsv	Head-SCC	7
d25a4c65-9cb4-4611-909e-e68f93408d84.muat.tsv	Head-SCC	7
d3709eea-ca2a-49ac-b79c-871a5473d450.muat.tsv	Head-SCC	7
d4b80307-abbd-48bb-b52c-6dcd409699a2.muat.tsv	Head-SCC	7
dd67dec6-35dd-4efe-b913-ed4884855365.muat.tsv	Head-SCC	7
dfa20d2d-1ba3-476a-b4b9-21d21470bee2.muat.tsv	Head-SCC	7
e2b5c926-491d-430d-8d9c-5c73d7752d1b.muat.tsv	Head-SCC	7
e2e6a409-b64d-463c-ac3b-e7987a3124f0.muat.tsv	Head-SCC	7
e52ffa79-557a-4024-81f3-f3826c227ec5.muat.tsv	Head-SCC	7
ee963667-56b1-49bd-8896-e07b536d3014.muat.tsv	Head-SCC	7
ef673d3d-2031-4036-ba25-4bc7ef04075b.muat.tsv	Head-SCC	7
f35f7712-d5c6-47f6-98ed-704edbbc1e19.muat.tsv	Head-SCC	7
fb8b5ff5-4164-4276-b75b-b0ee6bda7329.muat.tsv	Head-SCC	7
feccc27e-5c2e-4339-8746-0945fee93c1e.muat.tsv	Head-SCC	7
09537dce-c797-4b60-962a-d4c3cd6ab00a.muat.tsv	Kidney-ChRCC	8
0b811c6a-8f05-44bd-ac33-fb720d189e71.muat.tsv	Kidney-ChRCC	8
148536ce-ee2a-4952-a19d-10d6f44146b9.muat.tsv	Kidney-ChRCC	8
1e8ae8dd-74c1-44d5-a74e-bfdce801c736.muat.tsv	Kidney-ChRCC	8
24f887e1-ce82-40f3-9674-11102bd076c0.muat.tsv	Kidney-ChRCC	8
2ccd028d-e7e0-4f77-a512-f658a31819a4.muat.tsv	Kidney-ChRCC	8
322f0b01-2118-4dbe-aba1-3875a54ee71b.muat.tsv	Kidney-ChRCC	8
345a06d6-fa5c-4674-a847-88a6b537cf3c.muat.tsv	Kidney-ChRCC	8
34739bd6-b3be-441d-8cdb-e4233bf14080.muat.tsv	Kidney-ChRCC	8
4729fe4b-c1ac-489b-a67e-91e5c5e3ff8c.muat.tsv	Kidney-ChRCC	8
4ecbfd89-393f-4126-aa1c-951a2c23ef89.muat.tsv	Kidney-ChRCC	8
58c7e9c3-1345-48c0-a758-0887358b8696.muat.tsv	Kidney-ChRCC	8
5bebc389-de0d-45b8-9d2f-6476988c358a.muat.tsv	Kidney-ChRCC	8
6400c324-2c94-477d-acb9-669d4ea46f1e.muat.tsv	Kidney-ChRCC	8
64f696a6-58b2-40a8-b848-fd775cd52529.muat.tsv	Kidney-ChRCC	8
7087a2b6-7fc4-45b0-8c48-248864f03deb.muat.tsv	Kidney-ChRCC	8
715f59dd-a80f-422d-988c-f73f4b987baf.muat.tsv	Kidney-ChRCC	8
81bb13fc-f082-4c0b-8066-1729f11ef617.muat.tsv	Kidney-ChRCC	8
93b51c61-6eea-4228-a102-840a2e118522.muat.tsv	Kidney-ChRCC	8
94434272-4cbd-4b4d-bd98-44f18526dd69.muat.tsv	Kidney-ChRCC	8
97c1a300-978d-4df1-9e97-ce2f92b9eff1.muat.tsv	Kidney-ChRCC	8
9a90f951-ad96-4883-b97f-ac43395dae5d.muat.tsv	Kidney-ChRCC	8
9d29543e-8601-4fd0-8e76-3df3de465cab.muat.tsv	Kidney-ChRCC	8
9d3b0b87-5fc5-4d09-9c63-4d5fc4bc46d0.muat.tsv	Kidney-ChRCC	8
9dfcbabf-2bc0-43a2-bdde-d0b2aaca3f6b.muat.tsv	Kidney-ChRCC	8
9fb73d89-f7c4-47b2-810b-3ce37cd8a3c9.muat.tsv	Kidney-ChRCC	8
9fc0e0e8-1b0f-400c-b4cf-126193283695.muat.tsv	Kidney-ChRCC	8
a592e80a-3b1a-46aa-be30-bcd87d6bca6f.muat.tsv	Kidney-ChRCC	8
ba686386-8113-4885-b20f-6ad09a295604.muat.tsv	Kidney-ChRCC	8
bd2ec47b-a120-4b3b-b10d-aee09805ab33.muat.tsv	Kidney-ChRCC	8
c00de7a0-0b09-4e07-988c-ef2a7f8e932a.muat.tsv	Kidney-ChRCC	8
c29f6ed6-880d-4f03-977e-1087738e5e60.muat.tsv	Kidney-ChRCC	8
c56505cb-e150-408d-9df6-3af4e608c376.muat.tsv	Kidney-ChRCC	8
c6d6f49e-6e95-4e41-8388-71f6fe017d80.muat.tsv	Kidney-ChRCC	8
cdf313c8-59f9-41c6-9bd2-f47cb4287da5.muat.tsv	Kidney-ChRCC	8
d113ce88-04ab-4675-b363-92f80c28de34.muat.tsv	Kidney-ChRCC	8
d72a7338-c144-4c62-a70e-2177a3b4b77e.muat.tsv	Kidney-ChRCC	8
e9032df3-8692-4146-a867-b9b64c9b310a.muat.tsv	Kidney-ChRCC	8
f38fc6ac-2af8-4d89-a514-4e2c5fdf08de.muat.tsv	Kidney-ChRCC	8
fae88d21-171c-4df4-b258-3c5948a1034b.muat.tsv	Kidney-ChRCC	8
005794f1-5a87-45b5-9811-83ddf6924568.muat.tsv	Kidney-RCC	9
00bf0350-8c7c-4b9e-8143-13ea2dc1122f.muat.tsv	Kidney-RCC	9
00db1b95-8ca3-4cc4-bb46-6b8c8019a7c7.muat.tsv	Kidney-RCC	9
0168a2a6-c3af-4d58-a51c-d33f0fc7876d.muat.tsv	Kidney-RCC	9
04db8bef-8777-48ac-bc2e-3c9acb103f48.muat.tsv	Kidney-RCC	9
0ed63d84-d3fe-4289-9255-35f4a03b703b.muat.tsv	Kidney-RCC	9
0f53e757-1823-409f-a0ea-249270728e15.muat.tsv	Kidney-RCC	9
10d15b7a-16d1-4953-aaef-f193ffa97f42.muat.tsv	Kidney-RCC	9
141918cd-3e23-45bc-96e1-b208c80f69e7.muat.tsv	Kidney-RCC	9
14dd86c1-dfb3-4124-a453-4d64223bc048.muat.tsv	Kidney-RCC	9
155873b2-e5de-405f-87f6-6de0d238b160.muat.tsv	Kidney-RCC	9
15a93657-0521-430a-a816-bf0842374b75.muat.tsv	Kidney-RCC	9
19d6cf34-1cd7-4242-a4d1-5d3e11f428aa.muat.tsv	Kidney-RCC	9
1d325d84-a3a0-4802-9842-76cb21cecb1c.muat.tsv	Kidney-RCC	9
2425a532-f562-423a-88f5-228642f53875.muat.tsv	Kidney-RCC	9
252a1c43-f954-44d7-8e31-6bcd0157a05c.muat.tsv	Kidney-RCC	9
267a9862-17bd-4056-ba4a-1f373736ffbb.muat.tsv	Kidney-RCC	9
29548b5f-c88a-4908-8c46-e86483e75067.muat.tsv	Kidney-RCC	9
2c581a74-7716-4c20-b366-a8e1d9a901f6.muat.tsv	Kidney-RCC	9
2deb8f9a-9e0a-46d1-bcb5-902db3b5c8ac.muat.tsv	Kidney-RCC	9
2e8ad1cd-d5d5-4bb4-8bbd-e9bef45088da.muat.tsv	Kidney-RCC	9
3232f77f-b745-4232-a802-6699b6356efd.muat.tsv	Kidney-RCC	9
33b7e799-ad10-498f-9948-8ce433311539.muat.tsv	Kidney-RCC	9
34ab4c57-5240-4af7-a329-a5ab55934fd4.muat.tsv	Kidney-RCC	9
39c55051-e1bc-4081-962a-17205645de45.muat.tsv	Kidney-RCC	9
3afae3fb-2d87-4724-a589-d31cce1f4c28.muat.tsv	Kidney-RCC	9
3afb3f57-545a-4ed5-9461-2fcb28d89399.muat.tsv	Kidney-RCC	9
3b7810f7-f8ff-4d62-b766-3ba06170194c.muat.tsv	Kidney-RCC	9
3feac02a-c99f-4dd9-9eff-e4f5e87f7dc5.muat.tsv	Kidney-RCC	9
42f88b95-fa12-47c7-93f1-cf72f207291c.muat.tsv	Kidney-RCC	9
45348eff-4b09-4776-825e-b18de9dba937.muat.tsv	Kidney-RCC	9
483bb781-0179-42e1-bf9c-487b240769b8.muat.tsv	Kidney-RCC	9
49ad3c8d-88cd-43cd-a273-1623fe2aec0b.muat.tsv	Kidney-RCC	9
50203cff-83f8-4884-8346-b91ef717d00e.muat.tsv	Kidney-RCC	9
50515723-b495-42a9-8750-e3da288bf6a3.muat.tsv	Kidney-RCC	9
50a5970d-a0cb-4251-8ab0-74ad0e94be9a.muat.tsv	Kidney-RCC	9
51206157-94cc-4702-8247-c98283b487aa.muat.tsv	Kidney-RCC	9
51e5a835-eb48-4640-87d0-f40f5e2bff18.muat.tsv	Kidney-RCC	9
54842328-9432-4820-8976-7964bf9bf147.muat.tsv	Kidney-RCC	9
5c156f63-6537-4d93-a6c2-4155618cf638.muat.tsv	Kidney-RCC	9
5ecc88f7-8391-4168-af11-07a6bf9b3652.muat.tsv	Kidney-RCC	9
63d0c49d-918d-41fb-808a-1f8001981917.muat.tsv	Kidney-RCC	9
642e1379-1061-40bc-9a4c-f7c191e84d9d.muat.tsv	Kidney-RCC	9
64446aec-c125-4c81-b9cc-62482cb1aaed.muat.tsv	Kidney-RCC	9
675a5a32-b405-4f03-bfcd-756343d1dfaf.muat.tsv	Kidney-RCC	9
68b7fdb1-22b5-4152-9e69-a41151640cd8.muat.tsv	Kidney-RCC	9
6ba5f81a-b7a0-4c18-a112-2e11094eec85.muat.tsv	Kidney-RCC	9
6bd4bca3-e568-4d1b-8b42-401fdf13d751.muat.tsv	Kidney-RCC	9
6d3551d6-b5f4-4fd1-b8d7-8e5931096c19.muat.tsv	Kidney-RCC	9
72293a70-9dc8-4e4a-acdc-c74587a90420.muat.tsv	Kidney-RCC	9
741c4656-0fd0-416e-86c8-f6533b6c96f4.muat.tsv	Kidney-RCC	9
759e20be-6a2b-4c54-aca0-6d358598d6f5.muat.tsv	Kidney-RCC	9
7815397b-aa39-4b79-bcaa-6859a3f115f8.muat.tsv	Kidney-RCC	9
79fa8423-2014-4536-a1f9-cb48aed3c45f.muat.tsv	Kidney-RCC	9
7bd3d112-d411-4ea8-a9a9-bd965f0fc943.muat.tsv	Kidney-RCC	9
81d0d6bb-7319-4b67-bcf7-36df24e76b43.muat.tsv	Kidney-RCC	9
85422a8e-2599-4dab-a257-150e380ecba8.muat.tsv	Kidney-RCC	9
85448d11-9f84-44b7-8ae3-a115f24bdb76.muat.tsv	Kidney-RCC	9
87e0b332-60f3-4d59-8c4e-691a820c9ee1.muat.tsv	Kidney-RCC	9
8fa0484b-5f95-4ec8-b3de-cea2e8f3c5ca.muat.tsv	Kidney-RCC	9
8fb7fcac-6c1d-40c2-9309-b53821cbef30.muat.tsv	Kidney-RCC	9
8fc7a4cc-c25d-4372-bf17-2dae795e5596.muat.tsv	Kidney-RCC	9
959efb81-1d56-4659-9b7a-09f2b62483f2.muat.tsv	Kidney-RCC	9
9a015939-8810-4808-9dfa-fb60a1173bc7.muat.tsv	Kidney-RCC	9
9ae0744a-9bc1-4cd7-b7cf-c6569ed9e4aa.muat.tsv	Kidney-RCC	9
9c181313-5b4c-41c5-9ad5-a5a86fe609aa.muat.tsv	Kidney-RCC	9
a0eb2611-1ca6-44b7-897e-ce18399eb7bc.muat.tsv	Kidney-RCC	9
a2034620-e4b5-4d4f-ac05-7fc1c098eb40.muat.tsv	Kidney-RCC	9
a441697c-4ca0-4eab-9b01-b9cb50223ce2.muat.tsv	Kidney-RCC	9
a4f8305f-4409-4776-b34d-4878d18c8693.muat.tsv	Kidney-RCC	9
a54aac0e-4108-49cf-bf50-687031c7cda6.muat.tsv	Kidney-RCC	9
a56cd282-f6c5-4373-b3d8-676562894598.muat.tsv	Kidney-RCC	9
a89a2341-263d-4e7f-87fa-18d9692d6b2b.muat.tsv	Kidney-RCC	9
a9dbd55c-5dcc-48db-8785-6baef3fdd7db.muat.tsv	Kidney-RCC	9
aad8c8d6-d828-4aac-9cfb-cee893e36850.muat.tsv	Kidney-RCC	9
ad9455e9-7147-489e-9b1f-3540c457c260.muat.tsv	Kidney-RCC	9
b19ec4cd-2876-4a2b-bcb9-b3c8db54fc15.muat.tsv	Kidney-RCC	9
b30dfb8b-8288-4e5a-afc2-3d5bd7bfa26c.muat.tsv	Kidney-RCC	9
b4f515ce-5bee-4e40-a66a-01f41e92181e.muat.tsv	Kidney-RCC	9
b51fa117-2c0a-4e1d-8ec4-9f039073a486.muat.tsv	Kidney-RCC	9
b6365bdb-e6d5-4615-95b3-db12a0c2f3d9.muat.tsv	Kidney-RCC	9
b7fbd99c-dea0-4448-a430-7f94c611e702.muat.tsv	Kidney-RCC	9
b9d2e29e-8546-4310-aeea-e029f17c0516.muat.tsv	Kidney-RCC	9
ba67c02a-180b-43f3-b53c-2b77d84fbe3c.muat.tsv	Kidney-RCC	9
bb567851-d4ff-4a93-8576-04a37aea68af.muat.tsv	Kidney-RCC	9
bb659e7c-0b97-41b5-ac10-a66bb1f6f283.muat.tsv	Kidney-RCC	9
bd2cc59d-f5ce-46ed-beb0-4c80b24cbe71.muat.tsv	Kidney-RCC	9
bef23192-57cd-4301-b7a7-5e82ca62482d.muat.tsv	Kidney-RCC	9
c14407ad-670e-4d1e-9417-2b76f4810fff.muat.tsv	Kidney-RCC	9
c19a1388-95e6-4708-a24c-3738f1908071.muat.tsv	Kidney-RCC	9
c298ec82-8305-4c89-898f-268308f782b2.muat.tsv	Kidney-RCC	9
c2aafb9c-230a-43df-9a43-b34aa145a7bd.muat.tsv	Kidney-RCC	9
c504d5a9-29b0-4b7e-ac7b-5e543449a0f4.muat.tsv	Kidney-RCC	9
c5bc0826-8037-4fe6-ad4e-b1b675e771fb.muat.tsv	Kidney-RCC	9
c8f64a71-e545-4eb6-9da3-2d43ae0c2627.muat.tsv	Kidney-RCC	9
ca2b9fe2-97e0-4d4f-afd7-a5acf638800f.muat.tsv	Kidney-RCC	9
cbb788dd-964b-4cfd-80e1-979c7b5b3c52.muat.tsv	Kidney-RCC	9
cdf045a6-ab6a-4dc5-b0b0-d72fbb26b0bb.muat.tsv	Kidney-RCC	9
cf5deb22-f7eb-409d-a0e4-882716199c39.muat.tsv	Kidney-RCC	9
d01710f9-efc8-4b5f-9e53-300b30f9219f.muat.tsv	Kidney-RCC	9
d2ab7fd4-d1c7-48ae-ba9a-78c5d811465e.muat.tsv	Kidney-RCC	9
d429c27a-5963-42fe-b3a0-7252c20669d8.muat.tsv	Kidney-RCC	9
d4c6061b-5019-4564-806d-4e75910a4690.muat.tsv	Kidney-RCC	9
d5c87d16-172f-4790-8867-949dcaa534d4.muat.tsv	Kidney-RCC	9
d926a39f-d057-4e78-8907-b74f52157d99.muat.tsv	Kidney-RCC	9
d991f23a-dc1b-427a-b798-bd4187d3aa02.muat.tsv	Kidney-RCC	9
dacd4cc2-fc2b-4fbd-adf6-c8a46ae69c91.muat.tsv	Kidney-RCC	9
db4592fb-13c2-4d61-9dc3-a5d43def8d4b.muat.tsv	Kidney-RCC	9
db4d1d04-1189-4c0e-99a7-904667af07b5.muat.tsv	Kidney-RCC	9
dddea2e4-b8c3-4157-9d92-6de472e8375a.muat.tsv	Kidney-RCC	9
de4c3f91-d164-47df-9971-feba840d247c.muat.tsv	Kidney-RCC	9
deb0de92-a46b-4e71-814c-2f6c5e97dbcd.muat.tsv	Kidney-RCC	9
decfb419-63b3-47b0-9dfc-baae180566a0.muat.tsv	Kidney-RCC	9
e1217ebe-1826-41a9-b6c4-702100a66f5e.muat.tsv	Kidney-RCC	9
e5c89fcf-cc57-4fad-a138-ea47ee9ea225.muat.tsv	Kidney-RCC	9
e6801359-d1d7-4871-b2fb-180674a2e469.muat.tsv	Kidney-RCC	9
ebe80d6c-7513-4f5e-9919-669b6d1fa68c.muat.tsv	Kidney-RCC	9
effb868c-f905-41a0-ace1-b5e508732534.muat.tsv	Kidney-RCC	9
f03330dd-c616-4ad5-abc3-6d6b0445e9e9.muat.tsv	Kidney-RCC	9
f269134a-e3d5-4020-bcf5-01fb42f914b2.muat.tsv	Kidney-RCC	9
f37971bd-ec65-4840-8d4f-678692cee695.muat.tsv	Kidney-RCC	9
f3c1a125-06e9-41c4-9558-275a3e346cc5.muat.tsv	Kidney-RCC	9
f64e9609-d75d-400c-a92d-d77fd54d6c29.muat.tsv	Kidney-RCC	9
f6e758a5-150f-4424-90b7-1c1a34aec9a3.muat.tsv	Kidney-RCC	9
f9a81200-5381-496a-8062-099f9e793618.muat.tsv	Kidney-RCC	9
fa5e2900-95e7-4700-9707-a329cd0c77fd.muat.tsv	Kidney-RCC	9
fb194ca3-10aa-4dc5-8d08-619ddbd6d1b6.muat.tsv	Kidney-RCC	9
fbf937f1-5f30-470c-8a77-46cd1c41e073.muat.tsv	Kidney-RCC	9
fd74de4d-6973-4597-a541-e8a13d80ad55.muat.tsv	Kidney-RCC	9
fec30898-f86b-4207-aa78-de77142c8f50.muat.tsv	Kidney-RCC	9
0040b1b6-b07a-4b6e-90ef-133523eaf412.muat.tsv	Liver-HCC	10
01dc6872-c623-11e3-bf01-24c6515278c0.muat.tsv	Liver-HCC	10
030695f6-c623-11e3-bf01-24c6515278c0.muat.tsv	Liver-HCC	10
03c88506-d72e-4a44-a34e-a7f0564f1799.muat.tsv	Liver-HCC	10
041e3b42-c623-11e3-bf01-24c6515278c0.muat.tsv	Liver-HCC	10
062e96d4-c623-11e3-bf01-24c6515278c0.muat.tsv	Liver-HCC	10
06ecd127-6c24-422d-a7fb-bf5aee1b8b7b.muat.tsv	Liver-HCC	10
072f4146-c623-11e3-bf01-24c6515278c0.muat.tsv	Liver-HCC	10
0831e45e-c623-11e3-bf01-24c6515278c0.muat.tsv	Liver-HCC	10
0a9c9db0-c623-11e3-bf01-24c6515278c0.muat.tsv	Liver-HCC	10
0cdbabf2-c623-11e3-bf01-24c6515278c0.muat.tsv	Liver-HCC	10
0d259ac2-03d1-4814-9b0b-d05e3a6029b7.muat.tsv	Liver-HCC	10
0dd39eca-c623-11e3-bf01-24c6515278c0.muat.tsv	Liver-HCC	10
0eeafcd6-c623-11e3-bf01-24c6515278c0.muat.tsv	Liver-HCC	10
10136472-c623-11e3-bf01-24c6515278c0.muat.tsv	Liver-HCC	10
10cb8ac6-c622-11e3-bf01-24c6515278c0.muat.tsv	Liver-HCC	10
10db2142-c623-11e3-bf01-24c6515278c0.muat.tsv	Liver-HCC	10
1127b561-ea40-4d5e-95df-daa0a5ebc1e4.muat.tsv	Liver-HCC	10
11473a98-d953-45f9-abf5-709b68a4bae8.muat.tsv	Liver-HCC	10
13bd2b30-c623-11e3-bf01-24c6515278c0.muat.tsv	Liver-HCC	10
145f6dbb-9744-44f7-8485-e440689de3fd.muat.tsv	Liver-HCC	10
15895218-c623-11e3-bf01-24c6515278c0.muat.tsv	Liver-HCC	10
15fd8dc8-c622-11e3-bf01-24c6515278c0.muat.tsv	Liver-HCC	10
17de5b12-c623-11e3-bf01-24c6515278c0.muat.tsv	Liver-HCC	10
18f5e75e-c623-11e3-bf01-24c6515278c0.muat.tsv	Liver-HCC	10
19085f7d-e6a6-406f-bd09-520a27e0283d.muat.tsv	Liver-HCC	10
19fe27d8-c623-11e3-bf01-24c6515278c0.muat.tsv	Liver-HCC	10
1b06afe2-c623-11e3-bf01-24c6515278c0.muat.tsv	Liver-HCC	10
1c10ab52-01a3-11e4-8395-af1f6b7ba88c.muat.tsv	Liver-HCC	10
1c1c6494-c623-11e3-bf01-24c6515278c0.muat.tsv	Liver-HCC	10
1cb25b72-3726-4f12-9e22-f5c7e4b05681.muat.tsv	Liver-HCC	10
1dbdbb2c-c623-11e3-bf01-24c6515278c0.muat.tsv	Liver-HCC	10
1df8939c-c622-11e3-bf01-24c6515278c0.muat.tsv	Liver-HCC	10
1ea7e01c-c623-11e3-bf01-24c6515278c0.muat.tsv	Liver-HCC	10
1fd69adc-c623-11e3-bf01-24c6515278c0.muat.tsv	Liver-HCC	10
221d0290-c623-11e3-bf01-24c6515278c0.muat.tsv	Liver-HCC	10
2316ee90-c623-11e3-bf01-24c6515278c0.muat.tsv	Liver-HCC	10
2468e58c-c623-11e3-bf01-24c6515278c0.muat.tsv	Liver-HCC	10
2572b0bc-c622-11e3-bf01-24c6515278c0.muat.tsv	Liver-HCC	10
27fcccdc-c622-11e3-bf01-24c6515278c0.muat.tsv	Liver-HCC	10
2828e5e6-c623-11e3-bf01-24c6515278c0.muat.tsv	Liver-HCC	10
295aac88-c623-11e3-bf01-24c6515278c0.muat.tsv	Liver-HCC	10
2b569b88-c622-11e3-bf01-24c6515278c0.muat.tsv	Liver-HCC	10
2bd56bba-c623-11e3-bf01-24c6515278c0.muat.tsv	Liver-HCC	10
2bff30d5-be79-4686-8164-7a7d9619d3c0.muat.tsv	Liver-HCC	10
2d0e4b82-c623-11e3-bf01-24c6515278c0.muat.tsv	Liver-HCC	10
2ecd8358-c622-11e3-bf01-24c6515278c0.muat.tsv	Liver-HCC	10
2f149d78-c623-11e3-bf01-24c6515278c0.muat.tsv	Liver-HCC	10
305a5074-5384-45a0-985d-289b178d09f6.muat.tsv	Liver-HCC	10
30a8f292-c623-11e3-bf01-24c6515278c0.muat.tsv	Liver-HCC	10
31bcfd64-c622-11e3-bf01-24c6515278c0.muat.tsv	Liver-HCC	10
31c0c8f8-c623-11e3-bf01-24c6515278c0.muat.tsv	Liver-HCC	10
32be40fa-c623-11e3-bf01-24c6515278c0.muat.tsv	Liver-HCC	10
33a8693c-c623-11e3-bf01-24c6515278c0.muat.tsv	Liver-HCC	10
34030a28-c622-11e3-bf01-24c6515278c0.muat.tsv	Liver-HCC	10
34c24482-c623-11e3-bf01-24c6515278c0.muat.tsv	Liver-HCC	10
352fbbb4-88a5-4354-b1fa-3a01da3fbfa7.muat.tsv	Liver-HCC	10
35cca3b8-c623-11e3-bf01-24c6515278c0.muat.tsv	Liver-HCC	10
35e33a7a-c622-11e3-bf01-24c6515278c0.muat.tsv	Liver-HCC	10
35f82a33-bde2-47e2-8aba-ff1fd5920219.muat.tsv	Liver-HCC	10
36d9c1aa-c623-11e3-bf01-24c6515278c0.muat.tsv	Liver-HCC	10
36e1d9cc-32ec-4a0a-8fb1-c46f058a6fb8.muat.tsv	Liver-HCC	10
380593d8-c623-11e3-bf01-24c6515278c0.muat.tsv	Liver-HCC	10
38d8e626-c622-11e3-bf01-24c6515278c0.muat.tsv	Liver-HCC	10
3b02a7a7-e5bc-4e77-b691-521603630b00.muat.tsv	Liver-HCC	10
3b41cb48-c623-11e3-bf01-24c6515278c0.muat.tsv	Liver-HCC	10
3bacc189-01b8-46cc-a442-f393c0f428c6.muat.tsv	Liver-HCC	10
3c30b10e-c623-11e3-bf01-24c6515278c0.muat.tsv	Liver-HCC	10
3c78970e-c622-11e3-bf01-24c6515278c0.muat.tsv	Liver-HCC	10
3d400522-c623-11e3-bf01-24c6515278c0.muat.tsv	Liver-HCC	10
3e2a85d0-c622-11e3-bf01-24c6515278c0.muat.tsv	Liver-HCC	10
3e68233a-c623-11e3-bf01-24c6515278c0.muat.tsv	Liver-HCC	10
3f99ae0e-c623-11e3-bf01-24c6515278c0.muat.tsv	Liver-HCC	10
40b1e928-c623-11e3-bf01-24c6515278c0.muat.tsv	Liver-HCC	10
41840dc1-5ea2-4f01-a0d4-8b65add641c8.muat.tsv	Liver-HCC	10
41de507a-c623-11e3-bf01-24c6515278c0.muat.tsv	Liver-HCC	10
4255582e-c622-11e3-bf01-24c6515278c0.muat.tsv	Liver-HCC	10
42e92d78-c623-11e3-bf01-24c6515278c0.muat.tsv	Liver-HCC	10
43206cb7-787d-4f68-8019-55e8585c4b4d.muat.tsv	Liver-HCC	10
43dadc68-c623-11e3-bf01-24c6515278c0.muat.tsv	Liver-HCC	10
446437de-c622-11e3-bf01-24c6515278c0.muat.tsv	Liver-HCC	10
44e4f08a-c623-11e3-bf01-24c6515278c0.muat.tsv	Liver-HCC	10
4624fd20-e2ad-4826-b606-a694b04e1076.muat.tsv	Liver-HCC	10
463bf060-8ba6-4a73-8173-172025f7b527.muat.tsv	Liver-HCC	10
468083cb-95c3-47c1-9d96-79bcf7bf3f26.muat.tsv	Liver-HCC	10
47050918-c623-11e3-bf01-24c6515278c0.muat.tsv	Liver-HCC	10
47d77750-c622-11e3-bf01-24c6515278c0.muat.tsv	Liver-HCC	10
47e5ff56-9534-4fcf-a593-33027e877f93.muat.tsv	Liver-HCC	10
484a41c8-fcaf-488d-97dc-bfe6a4b88a95.muat.tsv	Liver-HCC	10
48624a82-c623-11e3-bf01-24c6515278c0.muat.tsv	Liver-HCC	10
4904d56f-0fe7-4482-8f6d-9e54d261f399.muat.tsv	Liver-HCC	10
4a703d3e-c623-11e3-bf01-24c6515278c0.muat.tsv	Liver-HCC	10
4b8943be-c623-11e3-bf01-24c6515278c0.muat.tsv	Liver-HCC	10
4c183106-c622-11e3-bf01-24c6515278c0.muat.tsv	Liver-HCC	10
4c3eda94-56f4-46d3-8c88-50d476e773f6.muat.tsv	Liver-HCC	10
4c8afa82-c623-11e3-bf01-24c6515278c0.muat.tsv	Liver-HCC	10
4cff8590-559e-4204-8635-96e11bfeda68.muat.tsv	Liver-HCC	10
4dac9498-c623-11e3-bf01-24c6515278c0.muat.tsv	Liver-HCC	10
4ed52e0c-c623-11e3-bf01-24c6515278c0.muat.tsv	Liver-HCC	10
4f1fc78e-733d-4c6e-86b2-dbe1f98c141d.muat.tsv	Liver-HCC	10
4fdc8980-c623-11e3-bf01-24c6515278c0.muat.tsv	Liver-HCC	10
5042b417-d14e-42bb-b6f3-de303346a252.muat.tsv	Liver-HCC	10
50b61288-1412-4104-92e6-8b1a359ef399.muat.tsv	Liver-HCC	10
50eb58ba-c623-11e3-bf01-24c6515278c0.muat.tsv	Liver-HCC	10
50ee360c-e3df-4888-9999-ebb88e271d08.muat.tsv	Liver-HCC	10
51800588-c622-11e3-bf01-24c6515278c0.muat.tsv	Liver-HCC	10
520b8ab2-c623-11e3-bf01-24c6515278c0.muat.tsv	Liver-HCC	10
52d8ccfc-c623-11e3-bf01-24c6515278c0.muat.tsv	Liver-HCC	10
532259b8-c622-11e3-bf01-24c6515278c0.muat.tsv	Liver-HCC	10
54354d24-c622-11e3-bf01-24c6515278c0.muat.tsv	Liver-HCC	10
54cfd4b0-c623-11e3-bf01-24c6515278c0.muat.tsv	Liver-HCC	10
558239c7-a160-4228-8fdf-a0a1d2f62133.muat.tsv	Liver-HCC	10
55e5497a-c623-11e3-bf01-24c6515278c0.muat.tsv	Liver-HCC	10
56c846d6-c622-11e3-bf01-24c6515278c0.muat.tsv	Liver-HCC	10
56d4ea48-c623-11e3-bf01-24c6515278c0.muat.tsv	Liver-HCC	10
5769ae11-5f1b-483f-b228-7584591c66e6.muat.tsv	Liver-HCC	10
5808f774-c623-11e3-bf01-24c6515278c0.muat.tsv	Liver-HCC	10
58f4ff52-c623-11e3-bf01-24c6515278c0.muat.tsv	Liver-HCC	10
5b178f44-c622-11e3-bf01-24c6515278c0.muat.tsv	Liver-HCC	10
5bb37ffc-c623-11e3-bf01-24c6515278c0.muat.tsv	Liver-HCC	10
5cf21488-c622-11e3-bf01-24c6515278c0.muat.tsv	Liver-HCC	10
5d58b984-e0b8-4237-a576-0e9d4079599e.muat.tsv	Liver-HCC	10
5dce221a-c623-11e3-bf01-24c6515278c0.muat.tsv	Liver-HCC	10
5df489bc-6178-49e4-8a42-506f70300dff.muat.tsv	Liver-HCC	10
5e9c69d2-c622-11e3-bf01-24c6515278c0.muat.tsv	Liver-HCC	10
5ead73fe-1c34-48ed-b20d-89fc3c82dbd6.muat.tsv	Liver-HCC	10
5eddfb26-c623-11e3-bf01-24c6515278c0.muat.tsv	Liver-HCC	10
6012cb02-c623-11e3-bf01-24c6515278c0.muat.tsv	Liver-HCC	10
6172ca02-c622-11e3-bf01-24c6515278c0.muat.tsv	Liver-HCC	10
627823ec-c623-11e3-bf01-24c6515278c0.muat.tsv	Liver-HCC	10
632f3eb0-c623-11e3-bf01-24c6515278c0.muat.tsv	Liver-HCC	10
63fef3fe-c622-11e3-bf01-24c6515278c0.muat.tsv	Liver-HCC	10
64b80154-c623-11e3-bf01-24c6515278c0.muat.tsv	Liver-HCC	10
6527aa5a-c622-11e3-bf01-24c6515278c0.muat.tsv	Liver-HCC	10
65f702b8-c623-11e3-bf01-24c6515278c0.muat.tsv	Liver-HCC	10
6622f932-c622-11e3-bf01-24c6515278c0.muat.tsv	Liver-HCC	10
67189cd8-c623-11e3-bf01-24c6515278c0.muat.tsv	Liver-HCC	10
674819dc-c622-11e3-bf01-24c6515278c0.muat.tsv	Liver-HCC	10
68054218-c623-11e3-bf01-24c6515278c0.muat.tsv	Liver-HCC	10
690e481c-c623-11e3-bf01-24c6515278c0.muat.tsv	Liver-HCC	10
69f37546-c622-11e3-bf01-24c6515278c0.muat.tsv	Liver-HCC	10
6a129b50-c623-11e3-bf01-24c6515278c0.muat.tsv	Liver-HCC	10
6b25a78f-20dc-4ccc-b4c0-f9885d16725d.muat.tsv	Liver-HCC	10
6b50391f-d890-4ca0-b942-beab0f8bf1c9.muat.tsv	Liver-HCC	10
6baee028-c622-11e3-bf01-24c6515278c0.muat.tsv	Liver-HCC	10
6ce66be0-c623-11e3-bf01-24c6515278c0.muat.tsv	Liver-HCC	10
6d9d7ffc-c622-11e3-bf01-24c6515278c0.muat.tsv	Liver-HCC	10
6e26f98e-c623-11e3-bf01-24c6515278c0.muat.tsv	Liver-HCC	10
6e6ad1a2-f1eb-44d1-9852-f5752afcf5eb.muat.tsv	Liver-HCC	10
6ec4456e-c622-11e3-bf01-24c6515278c0.muat.tsv	Liver-HCC	10
70422e6d-cb1f-4284-8be9-1d4517ffad60.muat.tsv	Liver-HCC	10
70c2f91e-c622-11e3-bf01-24c6515278c0.muat.tsv	Liver-HCC	10
712e5f3c-c623-11e3-bf01-24c6515278c0.muat.tsv	Liver-HCC	10
7260f57c-c623-11e3-bf01-24c6515278c0.muat.tsv	Liver-HCC	10
73afad06-c623-11e3-bf01-24c6515278c0.muat.tsv	Liver-HCC	10
74ec279a-c622-11e3-bf01-24c6515278c0.muat.tsv	Liver-HCC	10
764ded9e-c622-11e3-bf01-24c6515278c0.muat.tsv	Liver-HCC	10
77bf9514-88da-473b-9a91-f669ef3cd343.muat.tsv	Liver-HCC	10
78bc4dfa-c622-11e3-bf01-24c6515278c0.muat.tsv	Liver-HCC	10
7a6cb147-a576-446d-a605-fa846ea3d1ad.muat.tsv	Liver-HCC	10
7ae510f8-c622-11e3-bf01-24c6515278c0.muat.tsv	Liver-HCC	10
7c405ca0-c622-11e3-bf01-24c6515278c0.muat.tsv	Liver-HCC	10
7cd7fe38-c623-11e3-bf01-24c6515278c0.muat.tsv	Liver-HCC	10
7df3a542-c623-11e3-bf01-24c6515278c0.muat.tsv	Liver-HCC	10
7eac4710-c622-11e3-bf01-24c6515278c0.muat.tsv	Liver-HCC	10
7eb0ee38-fbe2-49ea-ba63-aa13825eca6e.muat.tsv	Liver-HCC	10
7f03cb4b-60b1-460c-b761-402e7ca09b0d.muat.tsv	Liver-HCC	10
7f795952-c623-11e3-bf01-24c6515278c0.muat.tsv	Liver-HCC	10
7fba5aac-c622-11e3-bf01-24c6515278c0.muat.tsv	Liver-HCC	10
7fc7b316-f3d3-4e71-9417-423fe334e6bc.muat.tsv	Liver-HCC	10
80ab6c08-c622-11e3-bf01-24c6515278c0.muat.tsv	Liver-HCC	10
80ebcecc-4a7a-40dd-914c-f0648a58095f.muat.tsv	Liver-HCC	10
81a8b064-e735-455f-b2db-af7ae11daac4.muat.tsv	Liver-HCC	10
82aefe8e-c622-11e3-bf01-24c6515278c0.muat.tsv	Liver-HCC	10
83d57c5c-c622-11e3-bf01-24c6515278c0.muat.tsv	Liver-HCC	10
84a0bc36-9f29-4b23-aee1-bf5ff71f697b.muat.tsv	Liver-HCC	10
84fe77b4-f6cc-49bf-a6b9-1621ec9394f8.muat.tsv	Liver-HCC	10
850389d4-c622-11e3-bf01-24c6515278c0.muat.tsv	Liver-HCC	10
8659a35e-c622-11e3-bf01-24c6515278c0.muat.tsv	Liver-HCC	10
87671312-c622-11e3-bf01-24c6515278c0.muat.tsv	Liver-HCC	10
88d82a42-c622-11e3-bf01-24c6515278c0.muat.tsv	Liver-HCC	10
8a6d6b2e-c622-11e3-bf01-24c6515278c0.muat.tsv	Liver-HCC	10
8b0c4c91-2d07-4a9b-97a1-d2bda003437e.muat.tsv	Liver-HCC	10
8c5f9574-c622-11e3-bf01-24c6515278c0.muat.tsv	Liver-HCC	10
8cf713ff-256b-4411-a1b4-5bf6f445b747.muat.tsv	Liver-HCC	10
8d7592e2-c622-11e3-bf01-24c6515278c0.muat.tsv	Liver-HCC	10
8eb90ea4-c622-11e3-bf01-24c6515278c0.muat.tsv	Liver-HCC	10
8fd5e62c-c622-11e3-bf01-24c6515278c0.muat.tsv	Liver-HCC	10
90611290-e44c-438e-91aa-f3b83dae3b71.muat.tsv	Liver-HCC	10
917564e4-c622-11e3-bf01-24c6515278c0.muat.tsv	Liver-HCC	10
93a49462-4bd3-4efa-87a5-69006abba5a0.muat.tsv	Liver-HCC	10
94431626-c622-11e3-bf01-24c6515278c0.muat.tsv	Liver-HCC	10
9563a264-c622-11e3-bf01-24c6515278c0.muat.tsv	Liver-HCC	10
96517058-18d2-4847-8085-768ca8aa1565.muat.tsv	Liver-HCC	10
96abdbc8-c622-11e3-bf01-24c6515278c0.muat.tsv	Liver-HCC	10
98d27916-c622-11e3-bf01-24c6515278c0.muat.tsv	Liver-HCC	10
992d9566-b1da-421a-bf36-d23382b115fa.muat.tsv	Liver-HCC	10
99bdc3da-c622-11e3-bf01-24c6515278c0.muat.tsv	Liver-HCC	10
9aac83e4-c622-11e3-bf01-24c6515278c0.muat.tsv	Liver-HCC	10
9c681cd9-25fb-42ac-aa6b-bb962882fa22.muat.tsv	Liver-HCC	10
9cb80280-c622-11e3-bf01-24c6515278c0.muat.tsv	Liver-HCC	10
9db994a0-c622-11e3-bf01-24c6515278c0.muat.tsv	Liver-HCC	10
9ec31146-c622-11e3-bf01-24c6515278c0.muat.tsv	Liver-HCC	10
9fba5db6-c622-11e3-bf01-24c6515278c0.muat.tsv	Liver-HCC	10
a1a75f66-c622-11e3-bf01-24c6515278c0.muat.tsv	Liver-HCC	10
a2a67c8a-c622-11e3-bf01-24c6515278c0.muat.tsv	Liver-HCC	10
a2f143d6-ba07-4ff0-960d-b29c3c716665.muat.tsv	Liver-HCC	10
a3914a6c-c622-11e3-bf01-24c6515278c0.muat.tsv	Liver-HCC	10
a612b654-c622-11e3-bf01-24c6515278c0.muat.tsv	Liver-HCC	10
a7314730-c622-11e3-bf01-24c6515278c0.muat.tsv	Liver-HCC	10
a846f5e8-c622-11e3-bf01-24c6515278c0.muat.tsv	Liver-HCC	10
a94d63fa-c622-11e3-bf01-24c6515278c0.muat.tsv	Liver-HCC	10
aabddb20-c622-11e3-bf01-24c6515278c0.muat.tsv	Liver-HCC	10
abbbe65c-c622-11e3-bf01-24c6515278c0.muat.tsv	Liver-HCC	10
adfbba82-c622-11e3-bf01-24c6515278c0.muat.tsv	Liver-HCC	10
af2cbdb6-c622-11e3-bf01-24c6515278c0.muat.tsv	Liver-HCC	10
b070af2a-c622-11e3-bf01-24c6515278c0.muat.tsv	Liver-HCC	10
b2d9aaff-5a48-48f0-bf55-bfd4ddaeccaf.muat.tsv	Liver-HCC	10
b32449c0-c622-11e3-bf01-24c6515278c0.muat.tsv	Liver-HCC	10
b421b9ca-c622-11e3-bf01-24c6515278c0.muat.tsv	Liver-HCC	10
b55751c4-c622-11e3-bf01-24c6515278c0.muat.tsv	Liver-HCC	10
b5f90cb8-7304-48fb-a1d3-ff459c7d79d1.muat.tsv	Liver-HCC	10
b67208c4-c622-11e3-bf01-24c6515278c0.muat.tsv	Liver-HCC	10
b77543e4-c622-11e3-bf01-24c6515278c0.muat.tsv	Liver-HCC	10
b86655a4-c622-11e3-bf01-24c6515278c0.muat.tsv	Liver-HCC	10
b9098b7c-eab0-4ef5-b968-8d3024bf32f7.muat.tsv	Liver-HCC	10
b9f03936-1de5-4330-8b0f-6d0ab533876e.muat.tsv	Liver-HCC	10
ba940092-c622-11e3-bf01-24c6515278c0.muat.tsv	Liver-HCC	10
bba106ce-c622-11e3-bf01-24c6515278c0.muat.tsv	Liver-HCC	10
bdeeb1a6-c622-11e3-bf01-24c6515278c0.muat.tsv	Liver-HCC	10
bef21282-c622-11e3-bf01-24c6515278c0.muat.tsv	Liver-HCC	10
c016d025-3c92-41c5-b846-493b1fcce79e.muat.tsv	Liver-HCC	10
c021b61c-c622-11e3-bf01-24c6515278c0.muat.tsv	Liver-HCC	10
c05adc19-2e01-4712-a35a-69eee4d40998.muat.tsv	Liver-HCC	10
c158ac2a-c622-11e3-bf01-24c6515278c0.muat.tsv	Liver-HCC	10
c271b7d2-c622-11e3-bf01-24c6515278c0.muat.tsv	Liver-HCC	10
c285c2fa-24b4-47a1-874d-86e74b002b05.muat.tsv	Liver-HCC	10
c36213e4-c057-46f5-ada5-f1f921855bb4.muat.tsv	Liver-HCC	10
c488a170-c622-11e3-bf01-24c6515278c0.muat.tsv	Liver-HCC	10
c5ad7238-c622-11e3-bf01-24c6515278c0.muat.tsv	Liver-HCC	10
c6bb32f0-c622-11e3-bf01-24c6515278c0.muat.tsv	Liver-HCC	10
c7d798b8-c622-11e3-bf01-24c6515278c0.muat.tsv	Liver-HCC	10
c906a13e-c622-11e3-bf01-24c6515278c0.muat.tsv	Liver-HCC	10
ca5ded1c-c622-11e3-bf01-24c6515278c0.muat.tsv	Liver-HCC	10
cb86fbb6-c622-11e3-bf01-24c6515278c0.muat.tsv	Liver-HCC	10
cc792058-c622-11e3-bf01-24c6515278c0.muat.tsv	Liver-HCC	10
cdcc04fc-c622-11e3-bf01-24c6515278c0.muat.tsv	Liver-HCC	10
cf2d34c4-c622-11e3-bf01-24c6515278c0.muat.tsv	Liver-HCC	10
cf777ef1-765f-4828-b789-f5aa6722eb35.muat.tsv	Liver-HCC	10
d02597f8-3ac7-4165-a65f-0e134e5d215b.muat.tsv	Liver-HCC	10
d0469256-c622-11e3-bf01-24c6515278c0.muat.tsv	Liver-HCC	10
d182b67c-c622-11e3-bf01-24c6515278c0.muat.tsv	Liver-HCC	10
d252f328-4583-4e97-9a71-bb2885f06f73.muat.tsv	Liver-HCC	10
d3ad5b5a-c622-11e3-bf01-24c6515278c0.muat.tsv	Liver-HCC	10
d3b72600-a888-4ef6-ac5d-661c105405dd.muat.tsv	Liver-HCC	10
d4c9e5c6-c622-11e3-bf01-24c6515278c0.muat.tsv	Liver-HCC	10
d60f880a-c622-11e3-bf01-24c6515278c0.muat.tsv	Liver-HCC	10
d6ccfd6f-2ea9-499d-a25d-4ba9d4a9258e.muat.tsv	Liver-HCC	10
d7578910-c622-11e3-bf01-24c6515278c0.muat.tsv	Liver-HCC	10
d9c5493e-f969-4c04-a646-9a3134011021.muat.tsv	Liver-HCC	10
dbfa4e8a-c622-11e3-bf01-24c6515278c0.muat.tsv	Liver-HCC	10
dcf45005-7e6d-4c26-9994-f973da7e814f.muat.tsv	Liver-HCC	10
de4f520c-c622-11e3-bf01-24c6515278c0.muat.tsv	Liver-HCC	10
e127e9e4-c622-11e3-bf01-24c6515278c0.muat.tsv	Liver-HCC	10
e23c591e-c622-11e3-bf01-24c6515278c0.muat.tsv	Liver-HCC	10
e30c64d5-e796-4cfc-8dc8-6e62bf97822f.muat.tsv	Liver-HCC	10
e34bcc5e-c622-11e3-bf01-24c6515278c0.muat.tsv	Liver-HCC	10
e64e9f76-c622-11e3-bf01-24c6515278c0.muat.tsv	Liver-HCC	10
e75fbf08-c622-11e3-bf01-24c6515278c0.muat.tsv	Liver-HCC	10
e88397a6-c622-11e3-bf01-24c6515278c0.muat.tsv	Liver-HCC	10
e9445993-854d-44fc-a063-eacf70222fdf.muat.tsv	Liver-HCC	10
eb1792ee-6946-4e0d-bdd1-c924328dba5d.muat.tsv	Liver-HCC	10
eb588266-c622-11e3-bf01-24c6515278c0.muat.tsv	Liver-HCC	10
ec23a354-e339-4466-9a1b-8e886ef627e6.muat.tsv	Liver-HCC	10
ec5e2990-c622-11e3-bf01-24c6515278c0.muat.tsv	Liver-HCC	10
ed52e836-c622-11e3-bf01-24c6515278c0.muat.tsv	Liver-HCC	10
ee7b8074-c622-11e3-bf01-24c6515278c0.muat.tsv	Liver-HCC	10
ef78f09c-c622-11e3-bf01-24c6515278c0.muat.tsv	Liver-HCC	10
f064f762-c622-11e3-bf01-24c6515278c0.muat.tsv	Liver-HCC	10
f0768c67-f38c-40a8-8f27-81a927fb5dca.muat.tsv	Liver-HCC	10
f1a4f60a-5228-47cd-883f-ff8d2dfe1633.muat.tsv	Liver-HCC	10
f4025b40-a249-487f-8e93-7a140bcf57c1.muat.tsv	Liver-HCC	10
f410b432-c622-11e3-bf01-24c6515278c0.muat.tsv	Liver-HCC	10
f4f48342-c622-11e3-bf01-24c6515278c0.muat.tsv	Liver-HCC	10
f61e794e-c622-11e3-bf01-24c6515278c0.muat.tsv	Liver-HCC	10
f7e9eed5-7a0b-4b2d-bea3-fd8c42a3b90e.muat.tsv	Liver-HCC	10
f8733b80-c622-11e3-bf01-24c6515278c0.muat.tsv	Liver-HCC	10
f9718c44-c622-11e3-bf01-24c6515278c0.muat.tsv	Liver-HCC	10
fabf1f6c-c622-11e3-bf01-24c6515278c0.muat.tsv	Liver-HCC	10
fdf9a814-c622-11e3-bf01-24c6515278c0.muat.tsv	Liver-HCC	10
ffad9288-c622-11e3-bf01-24c6515278c0.muat.tsv	Liver-HCC	10
0176cf1d-0760-4769-a493-277f4bb7585e.muat.tsv	Lung-AdenoCA	11
020fab36-c7de-4933-b2bf-dc7b019a1326.muat.tsv	Lung-AdenoCA	11
09bc8542-4ea1-4599-91b3-d606425b37e2.muat.tsv	Lung-AdenoCA	11
0b19bee7-5281-4915-9d98-c20eb3e84ecf.muat.tsv	Lung-AdenoCA	11
0ce6f3ed-bdbc-4b70-9db4-2e48f4bf644d.muat.tsv	Lung-AdenoCA	11
14bf9bfb-14d6-4cac-a556-828f680e8a15.muat.tsv	Lung-AdenoCA	11
15e097e3-e468-466c-8e57-b59fba90bbf2.muat.tsv	Lung-AdenoCA	11
23d77176-dfed-4bee-ac96-9934377d8d81.muat.tsv	Lung-AdenoCA	11
23d86395-9e20-4cf9-bf7e-f76544a1f772.muat.tsv	Lung-AdenoCA	11
2bde43e2-fd4e-413e-adc7-c50bca75d358.muat.tsv	Lung-AdenoCA	11
309f5324-5608-4f62-b744-5ab268b70927.muat.tsv	Lung-AdenoCA	11
37d0cf1b-1743-4852-8073-372b16b5c17d.muat.tsv	Lung-AdenoCA	11
3b20d548-2a7d-4031-85a1-425ca7201d7a.muat.tsv	Lung-AdenoCA	11
46693a2b-5105-4770-a9e1-031dfedeb694.muat.tsv	Lung-AdenoCA	11
49dec0c2-8e75-4f44-a253-82b2ea605890.muat.tsv	Lung-AdenoCA	11
52910a60-bb15-4ba5-9d09-50d8ee6a445b.muat.tsv	Lung-AdenoCA	11
53d32d8b-5649-42b0-8c52-2c39af2a961b.muat.tsv	Lung-AdenoCA	11
5a7f3c88-ef02-4e97-8009-5622245b6a09.muat.tsv	Lung-AdenoCA	11
6726c157-f688-491d-8b56-35628645df89.muat.tsv	Lung-AdenoCA	11
68c2a355-862c-4657-b296-5776ed8447b0.muat.tsv	Lung-AdenoCA	11
9c7b3ac8-1352-49cd-8a8c-df6b19f6fd64.muat.tsv	Lung-AdenoCA	11
9ffcb7fa-424c-4f93-87a7-ce5e9053c613.muat.tsv	Lung-AdenoCA	11
b7f11036-7ac4-41bc-a9a4-64162725fdfc.muat.tsv	Lung-AdenoCA	11
bce88385-4a1b-4a8c-920c-060f6a2675d4.muat.tsv	Lung-AdenoCA	11
bd3e88b3-b37c-4641-85fa-d8125ba324ca.muat.tsv	Lung-AdenoCA	11
c437535b-2acc-4236-beae-94e2c1336830.muat.tsv	Lung-AdenoCA	11
cd0aeed5-93a1-4287-8a88-fe6b7b5e3983.muat.tsv	Lung-AdenoCA	11
d5443922-fea5-4ff0-bd6e-8ce04e1951d8.muat.tsv	Lung-AdenoCA	11
d9cd7f95-07d3-4b87-be83-87340b08d249.muat.tsv	Lung-AdenoCA	11
dd09c7aa-744a-413d-839f-e75e1825f9f9.muat.tsv	Lung-AdenoCA	11
de614a3e-1c0d-49c7-a2f1-28bc58e6e5c7.muat.tsv	Lung-AdenoCA	11
f5a97315-1906-4774-980e-0879c6ad368e.muat.tsv	Lung-AdenoCA	11
fa2c3620-7e82-4b12-b135-87986f0f2890.muat.tsv	Lung-AdenoCA	11
fa6a60f5-8949-4e01-9435-d3117601627f.muat.tsv	Lung-AdenoCA	11
0bbc7ede-5022-4084-925c-d65baaf7abc2.muat.tsv	Lung-SCC	12
0e6654c9-cd5e-4f94-a6d4-54f2bb16de1f.muat.tsv	Lung-SCC	12
1c3df485-8e75-4378-87f6-c6463a520624.muat.tsv	Lung-SCC	12
2045c788-9ea8-4ea5-a5e3-65fc16a62adb.muat.tsv	Lung-SCC	12
24badf07-8615-48a3-8d6e-45c3d783f18d.muat.tsv	Lung-SCC	12
25224aa0-cfdd-48ec-92e5-8f3992a3e574.muat.tsv	Lung-SCC	12
2fe2433b-9a55-431f-a869-2b5a63e8e8fc.muat.tsv	Lung-SCC	12
34881c6b-f59f-42c0-9f29-9c5c47262ae6.muat.tsv	Lung-SCC	12
369c06f2-8904-49cb-99d1-dd297ed0cd0c.muat.tsv	Lung-SCC	12
43aa4123-0fe2-4071-8a81-cbdd0410b917.muat.tsv	Lung-SCC	12
448af8b4-e071-48b0-a65b-b4ad17afdc0c.muat.tsv	Lung-SCC	12
45e16b70-c3ec-493e-86d1-505ffdf5056c.muat.tsv	Lung-SCC	12
48f68f73-3ac0-44ac-ba12-b8889fcb7f38.muat.tsv	Lung-SCC	12
4c2ad4a0-5d57-4e27-9f35-058b2f205f50.muat.tsv	Lung-SCC	12
4c3840df-9824-40db-879e-6d24adc8c155.muat.tsv	Lung-SCC	12
504d4cb0-d2dd-420d-82e6-9ec14434a0fc.muat.tsv	Lung-SCC	12
649f2c20-5b50-40a8-a6fd-9a51f3d5b9df.muat.tsv	Lung-SCC	12
692dfa4f-45e5-4183-b5da-6650a1fbcabd.muat.tsv	Lung-SCC	12
706868b5-4920-433a-bea3-92e9bf83059b.muat.tsv	Lung-SCC	12
71a2b4a2-88dd-4911-a67e-70b3309c4a12.muat.tsv	Lung-SCC	12
7731ef7f-25bd-42f5-9a20-be249306a711.muat.tsv	Lung-SCC	12
79eb7bba-f0d8-462c-add7-20a2fb7843e1.muat.tsv	Lung-SCC	12
7ac0b303-d685-4fa5-bfec-34d2ba1dbc8e.muat.tsv	Lung-SCC	12
7dc5f8ba-0080-43d3-8426-bd527a970761.muat.tsv	Lung-SCC	12
84e601b7-dfa5-4cd5-9fef-07f03967a0d4.muat.tsv	Lung-SCC	12
89c48e53-c8a9-4518-b3b8-509cdcaff52b.muat.tsv	Lung-SCC	12
8cf9b32d-3d6f-4898-8c7a-89511b754021.muat.tsv	Lung-SCC	12
9623d295-c23d-4f2f-827c-69f767a26f1f.muat.tsv	Lung-SCC	12
96dc785c-8417-4813-8d15-c32b22d78b74.muat.tsv	Lung-SCC	12
a762dd44-a8ac-4269-8163-bbf6d0f8d4b3.muat.tsv	Lung-SCC	12
a96eddfc-3afb-4bf8-a440-c91778113fbd.muat.tsv	Lung-SCC	12
abc94013-71f5-4ac6-88a4-01b4ef9f9d2f.muat.tsv	Lung-SCC	12
ad41f1f3-e38e-4418-9c16-52bca5719f39.muat.tsv	Lung-SCC	12
b7a7d93b-38a7-4fc3-a433-3bb0a8cb7c42.muat.tsv	Lung-SCC	12
b88f014e-bc0f-4775-8228-39e0b471c3b0.muat.tsv	Lung-SCC	12
c48d7f4a-e98a-4077-a749-eb9f56f05b84.muat.tsv	Lung-SCC	12
d2ab2555-7288-47a4-a80c-bf62d65b67b8.muat.tsv	Lung-SCC	12
d54ca81c-1bcc-41ea-b17a-9f7249ebe9c1.muat.tsv	Lung-SCC	12
e7ebc6fb-0926-4c8a-a67b-0c6b9c1ffaba.muat.tsv	Lung-SCC	12
e9cb8877-8e83-46c0-93f0-ea20530c9400.muat.tsv	Lung-SCC	12
ee6cc68e-8d2a-41ee-82c6-0fecdf7e6259.muat.tsv	Lung-SCC	12
efe4d5dd-fffb-41df-ab86-be06cc16646f.muat.tsv	Lung-SCC	12
fab3d6f4-de1c-4d6c-bdea-ac39a7884657.muat.tsv	Lung-SCC	12
fb0c6353-a90c-45e2-9355-7cd16cf756ff.muat.tsv	Lung-SCC	12
00b9d0e6-69dc-4345-bffd-ce32880c8eef.muat.tsv	Lymph-BNHL	13
03ad38a6-0902-4aaa-84a3-91ea88fa9883.muat.tsv	Lymph-BNHL	13
05616329-e7ba-4efd-87b1-d79cd0f7af3d.muat.tsv	Lymph-BNHL	13
068f4f69-d2fe-4f25-912e-ca7d4623efb6.muat.tsv	Lymph-BNHL	13
07835447-5d7e-4828-80fd-89b063989c9a.muat.tsv	Lymph-BNHL	13
0d569bd5-418d-4d72-87ca-8e14668c2119.muat.tsv	Lymph-BNHL	13
0e7f46ca-6f5c-4538-b6d6-00af65d57fcf.muat.tsv	Lymph-BNHL	13
124d5b04-4588-44c3-9c00-61e064cf1bdb.muat.tsv	Lymph-BNHL	13
140d5fa9-afbe-444e-a7e7-6a4cb4ab2923.muat.tsv	Lymph-BNHL	13
15678c3d-ce61-454d-849e-1d4ca358909b.muat.tsv	Lymph-BNHL	13
1a4633c4-72a0-4e30-8c4c-345e04337627.muat.tsv	Lymph-BNHL	13
1b1780d5-06da-40ee-9e15-02631a68027b.muat.tsv	Lymph-BNHL	13
1d1eeba2-4d7b-4380-b0b6-26d246bc4158.muat.tsv	Lymph-BNHL	13
22578b9f-78dc-464c-9bb9-382f033283d0.muat.tsv	Lymph-BNHL	13
232b7754-b3c3-4530-9d24-3af40d9b2816.muat.tsv	Lymph-BNHL	13
2439ec74-1713-4d47-a5d9-886f69dddcb6.muat.tsv	Lymph-BNHL	13
282b45ee-4af2-4c61-9acc-286eaf8d661a.muat.tsv	Lymph-BNHL	13
28f8d45f-4763-472e-9c4d-6787ba00164b.muat.tsv	Lymph-BNHL	13
2b02e3ad-4423-491e-993a-561e80dc7bcf.muat.tsv	Lymph-BNHL	13
2c3ada8b-9650-4859-9857-43209c0f7cea.muat.tsv	Lymph-BNHL	13
2f0a660c-ba3c-49bb-90f7-39b0034cea82.muat.tsv	Lymph-BNHL	13
3b55c58d-f95a-4a1d-9aa1-8d2c026656a9.muat.tsv	Lymph-BNHL	13
3e012b50-06d1-4120-971b-5e54139b00ee.muat.tsv	Lymph-BNHL	13
3e7ccab5-5b1d-4147-b907-77cab8f0837e.muat.tsv	Lymph-BNHL	13
3e94aa64-7dd3-4d63-a5de-b4050d3dfafa.muat.tsv	Lymph-BNHL	13
41dba8d1-8aad-474c-a82b-20b28ab818bd.muat.tsv	Lymph-BNHL	13
461df2ae-fcf1-4b93-be0a-c14954fe7c42.muat.tsv	Lymph-BNHL	13
4a4309b0-2aca-4d6a-ac50-039b28406bba.muat.tsv	Lymph-BNHL	13
4d1a4587-adb4-4a65-943e-f19efe8de142.muat.tsv	Lymph-BNHL	13
4d72d06d-b6af-4294-9eef-6e61e067761f.muat.tsv	Lymph-BNHL	13
4de7441f-a609-4a75-9fe7-17a647079ac1.muat.tsv	Lymph-BNHL	13
4e7cdeda-6dc1-4f17-b853-72a68e5aa7e1.muat.tsv	Lymph-BNHL	13
4e7e6e1f-c648-446f-bdf6-0b1fcc6dfa83.muat.tsv	Lymph-BNHL	13
56e57223-264e-489d-bc9a-a07789065c40.muat.tsv	Lymph-BNHL	13
578ba169-1d2f-4187-b174-082bbc6a5bd2.muat.tsv	Lymph-BNHL	13
5bcf473f-417d-47a5-9745-ac7faf830b1f.muat.tsv	Lymph-BNHL	13
5f18b334-6616-406f-8f33-0592b56c14e6.muat.tsv	Lymph-BNHL	13
650fe009-da01-4717-89df-9c95fafe3d7e.muat.tsv	Lymph-BNHL	13
687baf0b-aed9-4ab2-adb6-556a1d177a24.muat.tsv	Lymph-BNHL	13
71982a1b-52a4-440f-bd5d-62a0e6cc7fd9.muat.tsv	Lymph-BNHL	13
76788f17-257d-47c7-ad85-ac5f959216b5.muat.tsv	Lymph-BNHL	13
78bd2aa8-e5f6-4b4b-96f0-d406fbdbcee8.muat.tsv	Lymph-BNHL	13
79e81ab3-5466-4324-9387-2de00d62315c.muat.tsv	Lymph-BNHL	13
81b4dd02-34ec-4ddc-8818-ed888a60ad88.muat.tsv	Lymph-BNHL	13
81cc0f39-6677-4f2e-9a75-d30152b188f3.muat.tsv	Lymph-BNHL	13
82b8cda8-fbff-455e-b0db-7ff6528bd6c8.muat.tsv	Lymph-BNHL	13
866ecfe7-caa6-4565-9418-6b9d6c8a3b43.muat.tsv	Lymph-BNHL	13
874f64e9-8a0d-4f88-92c4-7e831842b1d1.muat.tsv	Lymph-BNHL	13
890e840c-1d1d-4874-a8eb-f9d9a2b50a1c.muat.tsv	Lymph-BNHL	13
897a4500-6fb8-4e81-aa07-021a26d632fb.muat.tsv	Lymph-BNHL	13
8ddcf0d9-312f-4055-8984-55d463face34.muat.tsv	Lymph-BNHL	13
8fc11cb6-9d79-41c3-bb45-0dadda890e8d.muat.tsv	Lymph-BNHL	13
929f2216-6ab3-414f-a814-49b69d4b49d9.muat.tsv	Lymph-BNHL	13
995a1ad2-faca-4a37-a59d-e62455985afb.muat.tsv	Lymph-BNHL	13
9b3e7a03-cf8c-4da8-bc36-20129d7783ba.muat.tsv	Lymph-BNHL	13
9e842227-2bc6-4185-bedb-abeb03836b51.muat.tsv	Lymph-BNHL	13
a29278af-7ecf-403e-b6a9-623ea7879d05.muat.tsv	Lymph-BNHL	13
a31b6123-c1b7-4cd0-86d8-b2e640cce9da.muat.tsv	Lymph-BNHL	13
aa20b9ab-dba9-4002-ad45-cafa2f85cef7.muat.tsv	Lymph-BNHL	13
aa847c3d-d3a7-46aa-a81b-db5099a458fb.muat.tsv	Lymph-BNHL	13
abedd46c-47b8-4242-adb6-12835400cb3f.muat.tsv	Lymph-BNHL	13
ac2c8928-33a2-4aa0-8bc1-cdfa1ca0b56a.muat.tsv	Lymph-BNHL	13
ad0700e2-048a-4856-a77a-bc0b6f25f0e2.muat.tsv	Lymph-BNHL	13
b2190e26-1809-4aba-9f45-07c2edb3b4a4.muat.tsv	Lymph-BNHL	13
b9dbc78e-44ce-427c-bbeb-de8d097bde2c.muat.tsv	Lymph-BNHL	13
baa02e74-9cae-4996-858e-17d9f52d924b.muat.tsv	Lymph-BNHL	13
bc1d5327-2e76-4e0e-b749-72a559469d0d.muat.tsv	Lymph-BNHL	13
bd403458-5154-488b-931a-a7e737a6bf8c.muat.tsv	Lymph-BNHL	13
bd6bd940-ef06-433a-80d9-dca5683e9cd2.muat.tsv	Lymph-BNHL	13
bdbcffb0-c7da-4e7d-8002-9feffe48533c.muat.tsv	Lymph-BNHL	13
c66926a8-474d-482c-bfb7-043029c8b737.muat.tsv	Lymph-BNHL	13
cc7bba1d-8990-4557-a565-9cff1085f023.muat.tsv	Lymph-BNHL	13
ce85ccf3-6621-4976-b187-2f28d45dd4d9.muat.tsv	Lymph-BNHL	13
d6ee68e5-ceb3-4a63-b3bd-e64fe5398102.muat.tsv	Lymph-BNHL	13
d733cf1a-4c42-4def-b6cb-5ef2c6a27fcd.muat.tsv	Lymph-BNHL	13
db9ce6c6-529c-4da6-92c4-f4f3fc3fe109.muat.tsv	Lymph-BNHL	13
dbae3c4e-6d66-483a-a611-7285067bf85c.muat.tsv	Lymph-BNHL	13
dc4bc4c4-2cc1-4a2e-a9f2-613088af17bf.muat.tsv	Lymph-BNHL	13
dd8f3e1c-6ed6-41c2-957d-6f679a3cb3ca.muat.tsv	Lymph-BNHL	13
df814571-57f1-4e55-bc1a-c892c568c4ba.muat.tsv	Lymph-BNHL	13
e2b09705-c5c8-48ee-a90e-19648a7bf2cb.muat.tsv	Lymph-BNHL	13
e2fa7251-507e-4d76-95a3-a228adc3885a.muat.tsv	Lymph-BNHL	13
e84e0649-a2e8-4873-9cb6-1aa65601ae3a.muat.tsv	Lymph-BNHL	13
e89e9c69-ffcd-4a4c-818d-1dee43ddc76a.muat.tsv	Lymph-BNHL	13
e98e4e23-a139-4fff-b017-35f3f976eddd.muat.tsv	Lymph-BNHL	13
ebe0ed67-2d3f-45cd-8f9b-4912595b16a0.muat.tsv	Lymph-BNHL	13
f047cb85-8f88-45d5-83c3-0416c9f3fff7.muat.tsv	Lymph-BNHL	13
f04aecf0-eb12-4ab9-928e-7bcf201b0b40.muat.tsv	Lymph-BNHL	13
f2c08ac1-4755-4c36-a11d-338d8df9fa0d.muat.tsv	Lymph-BNHL	13
f60007b3-0603-4ad1-8b47-d2d4c4c621e4.muat.tsv	Lymph-BNHL	13
f9837a56-7244-4846-a63d-266e6a92f168.muat.tsv	Lymph-BNHL	13
fa676301-902f-473f-8313-5bff34ae549a.muat.tsv	Lymph-BNHL	13
fce8d8c6-f2a0-43a8-9a7a-b9c519a6686c.muat.tsv	Lymph-BNHL	13
fdf7dfb7-9285-46b3-be60-672164507705.muat.tsv	Lymph-BNHL	13
04b570c2-3224-4e9b-81cc-089b4a7ff07a.muat.tsv	Lymph-CLL	14
05da3161-1444-4188-914d-19762de3a443.muat.tsv	Lymph-CLL	14
08f7812b-0d74-42ba-985b-d0a027e8a80c.muat.tsv	Lymph-CLL	14
0b6cd7df-6970-4d60-b7b5-85002a7d8781.muat.tsv	Lymph-CLL	14
1157a548-6770-4c89-a84c-bcf6f0e96ea8.muat.tsv	Lymph-CLL	14
1193a9c4-5aab-4cd7-a690-60c96bd1172d.muat.tsv	Lymph-CLL	14
140d6ef7-0217-4d16-9add-215d0d14ba06.muat.tsv	Lymph-CLL	14
14cbcbb1-028b-471a-bb4f-8b29cfa5e4eb.muat.tsv	Lymph-CLL	14
15563a10-47a8-401d-a507-2c7101f7ae60.muat.tsv	Lymph-CLL	14
19cd4360-8392-4bc2-ae88-fdc1335d886b.muat.tsv	Lymph-CLL	14
1bdfaa8a-1b7e-4251-b135-ce5e4568371b.muat.tsv	Lymph-CLL	14
1de83d45-8492-4b83-9055-a9f43b823f91.muat.tsv	Lymph-CLL	14
21e7e43e-f9b1-4351-a6d9-b9cd06d15f68.muat.tsv	Lymph-CLL	14
22cd3875-a123-4f0d-8cd1-371958208ad6.muat.tsv	Lymph-CLL	14
26c301a6-a597-4c24-9f6c-2293e5ae41c7.muat.tsv	Lymph-CLL	14
2a7f6aac-8f94-4815-8b94-0ea7db71135c.muat.tsv	Lymph-CLL	14
2df17728-33e8-45ab-833b-ef68a5482daa.muat.tsv	Lymph-CLL	14
2f324d8b-ec7b-4d3b-9d64-65f9fc6630a2.muat.tsv	Lymph-CLL	14
31a70598-33be-4f09-9990-bd7594467802.muat.tsv	Lymph-CLL	14
367fdef3-d7af-4996-932f-cc5087e843dc.muat.tsv	Lymph-CLL	14
39a5d94d-e8c8-4057-be96-362ffbafb94d.muat.tsv	Lymph-CLL	14
3de261ea-6478-4f96-8ca1-30be130e945f.muat.tsv	Lymph-CLL	14
3e8a2c90-e747-4a22-bc9e-0b062479fec2.muat.tsv	Lymph-CLL	14
3ee54a3c-69ba-479a-b1fe-79917e1b6dd5.muat.tsv	Lymph-CLL	14
43d630aa-3890-401c-bf56-e3a9f325734f.muat.tsv	Lymph-CLL	14
4808f9e1-452d-45eb-9b87-2f87c67d3452.muat.tsv	Lymph-CLL	14
49ce0836-adec-4f62-ac01-dbdfbb96d9fc.muat.tsv	Lymph-CLL	14
4b7a704b-e516-4275-be11-45cc935237e2.muat.tsv	Lymph-CLL	14
4b8c6b0c-0d0c-4834-a2f3-691e0919b902.muat.tsv	Lymph-CLL	14
4b91ece6-c9b2-4889-b18c-c63eb58eb061.muat.tsv	Lymph-CLL	14
50f4d836-79a9-4bc7-a63a-7aa29e41d418.muat.tsv	Lymph-CLL	14
513bafce-375c-49b0-ae75-6c607abd05d8.muat.tsv	Lymph-CLL	14
537cccf2-fb25-448b-813e-ca5d5642b910.muat.tsv	Lymph-CLL	14
5b4b2312-acb5-4329-8d46-7f93213e3daf.muat.tsv	Lymph-CLL	14
5f53bcda-2fd3-4574-9cc2-5efe353372b2.muat.tsv	Lymph-CLL	14
616ff577-c5c3-432e-a857-f29901de119c.muat.tsv	Lymph-CLL	14
631eedb3-dbd1-4606-90e1-ea91b9a77a5a.muat.tsv	Lymph-CLL	14
66b4a1f3-480f-4050-96ac-920c1c080864.muat.tsv	Lymph-CLL	14
6cfce053-bfd6-4ca0-b74b-b2e4549e4f1f.muat.tsv	Lymph-CLL	14
6ea6b5e4-cdc4-4e3a-bde2-8089d2a4d7eb.muat.tsv	Lymph-CLL	14
767517f2-f94c-44bb-9af6-36b662b166ef.muat.tsv	Lymph-CLL	14
79524d64-8f4a-4889-b345-33198808b9de.muat.tsv	Lymph-CLL	14
7d52a9e7-b5a9-4519-96fd-e8be42a7890c.muat.tsv	Lymph-CLL	14
7f7e007e-4b06-4328-b116-6dcdb2ad8181.muat.tsv	Lymph-CLL	14
870e7aa5-a9c2-4c4e-afa8-36bb3bdc4eee.muat.tsv	Lymph-CLL	14
873ed251-fa44-465f-99e0-c90a42ea13d9.muat.tsv	Lymph-CLL	14
8c4038b6-c02a-46db-9514-c13b88d9bf48.muat.tsv	Lymph-CLL	14
8cce153d-953d-40c5-976b-60f6a143608c.muat.tsv	Lymph-CLL	14
90de4296-0223-4b9f-8abb-6db278bfc932.muat.tsv	Lymph-CLL	14
91397d9c-3120-407f-8847-74b356943469.muat.tsv	Lymph-CLL	14
915cbb43-9e00-433d-818f-531011bea57e.muat.tsv	Lymph-CLL	14
9c730cfb-3fd6-428a-a0a4-c061ca5db06c.muat.tsv	Lymph-CLL	14
9e99b8d9-6f0d-4fe0-9c1e-d286c0714909.muat.tsv	Lymph-CLL	14
a1724132-f95c-4622-8987-fe3183b9dce3.muat.tsv	Lymph-CLL	14
a7e1deb7-2e3d-4e36-90c7-9cae34cdcfb3.muat.tsv	Lymph-CLL	14
a83e247a-8f65-4be4-9c6e-a72c4abffae8.muat.tsv	Lymph-CLL	14
a9a240f3-d237-4bb8-b968-e4a3cc7c2633.muat.tsv	Lymph-CLL	14
a9d055c6-6c53-4e85-8270-34883a1342a9.muat.tsv	Lymph-CLL	14
ac23a8d2-ac42-4031-9dd4-9b56baeb246e.muat.tsv	Lymph-CLL	14
ad92f17f-11e6-49bd-9835-6b2f47053485.muat.tsv	Lymph-CLL	14
b7722577-f200-4dec-97f6-4fab3a9ba52d.muat.tsv	Lymph-CLL	14
bcd52bcb-6e35-4220-9775-96dabff926b4.muat.tsv	Lymph-CLL	14
c00d925a-ca4d-4561-a8f2-d4542f218086.muat.tsv	Lymph-CLL	14
c13d7ee5-2bf0-43e4-9cd3-9326ed9355cf.muat.tsv	Lymph-CLL	14
c459dba5-b27c-46f0-b5b8-c62d597a0542.muat.tsv	Lymph-CLL	14
c569b867-dadd-4591-af17-7e9b74699561.muat.tsv	Lymph-CLL	14
c642b9cc-bdb1-4796-9692-8be92398be17.muat.tsv	Lymph-CLL	14
c9f87f0d-4967-4be2-8b92-a20f1980ea22.muat.tsv	Lymph-CLL	14
ca49fdb1-d55a-427c-9819-90980dcd956f.muat.tsv	Lymph-CLL	14
d5423a93-0a72-43cf-a7ae-9011f47553c7.muat.tsv	Lymph-CLL	14
d88296ac-bb0d-47ab-9051-6c358f0af780.muat.tsv	Lymph-CLL	14
dabdd983-a819-410e-bfb8-5c66a66cf5ab.muat.tsv	Lymph-CLL	14
dc505248-ed04-4f77-a7c6-3fefbc5df27b.muat.tsv	Lymph-CLL	14
de99a4de-e916-4572-ac9e-73e341827229.muat.tsv	Lymph-CLL	14
def5526a-774a-4704-bb24-10c4e713649a.muat.tsv	Lymph-CLL	14
e1f0c565-6ed3-4e42-bc3e-c7b0003e837a.muat.tsv	Lymph-CLL	14
ea4a5ca7-86f9-47c7-81be-0c2c669a999f.muat.tsv	Lymph-CLL	14
eba6d269-27f8-4e50-b59a-5d639bdd5cff.muat.tsv	Lymph-CLL	14
ef3b454c-b2cf-4f68-a2ab-733620b6714e.muat.tsv	Lymph-CLL	14
f1fdacf3-2bb5-400c-895d-ec7f472fa0d4.muat.tsv	Lymph-CLL	14
f266899a-1dab-4226-a965-bc1327c64080.muat.tsv	Lymph-CLL	14
f5c8f98a-c34a-49e8-a655-d8f29487b55c.muat.tsv	Lymph-CLL	14
fa9996c3-b874-4424-a5a6-f1c7c0f42b9b.muat.tsv	Lymph-CLL	14
fb74cca4-ac9c-4be0-80e3-e71592f96aae.muat.tsv	Lymph-CLL	14
ffa976f0-aa60-4867-842e-361afa7d68ac.muat.tsv	Lymph-CLL	14
f8e61a02-654c-c226-e040-11ac0d481b60.muat.tsv	Myeloid-MPN	15
f8e61a02-6e5e-c8e2-e040-11ac0d481b70.muat.tsv	Myeloid-MPN	15
f8e61a02-8c9e-aaee-e040-11ac0d481b6a.muat.tsv	Myeloid-MPN	15
f8e61a02-909d-a906-e040-11ac0d481b6e.muat.tsv	Myeloid-MPN	15
f8e61a02-92b1-947e-e040-11ac0d481b68.muat.tsv	Myeloid-MPN	15
f8e61a02-938b-9428-e040-11ac0d481b6c.muat.tsv	Myeloid-MPN	15
f8e61a06-42fa-e42c-e040-11ac0d481b72.muat.tsv	Myeloid-MPN	15
f8efa5ad-3a4d-39d6-e040-11ac0c480132.muat.tsv	Myeloid-MPN	15
f8efc19a-1e4b-e1b0-e040-11ac0c48104e.muat.tsv	Myeloid-MPN	15
f8f0136b-09ec-d079-e040-11ac0c4842e7.muat.tsv	Myeloid-MPN	15
f8f024e5-7096-3047-e040-11ac0d481c0f.muat.tsv	Myeloid-MPN	15
f8f61e36-b934-9410-e040-11ac0c4804cc.muat.tsv	Myeloid-MPN	15
f8f7f274-dd98-3bb0-e040-11ac0c483fcd.muat.tsv	Myeloid-MPN	15
f8f9d9b8-abdd-1afb-e040-11ac0d480523.muat.tsv	Myeloid-MPN	15
f8fae6e5-93b5-7233-e040-11ac0c4830e7.muat.tsv	Myeloid-MPN	15
f8fb791c-08b4-b6e1-e040-11ac0d4868f3.muat.tsv	Myeloid-MPN	15
f9012277-55c4-2486-e040-11ac0c48236f.muat.tsv	Myeloid-MPN	15
f901c7f7-891e-8ec1-e040-11ac0c480829.muat.tsv	Myeloid-MPN	15
f9020478-c741-6776-e040-11ac0d481228.muat.tsv	Myeloid-MPN	15
f9031d03-def1-24b4-e040-11ac0c486570.muat.tsv	Myeloid-MPN	15
f903cfe2-c082-1bf6-e040-11ac0d4809f7.muat.tsv	Myeloid-MPN	15
f9052bfc-94a0-cb29-e040-11ac0c48284a.muat.tsv	Myeloid-MPN	15
f90b298a-0546-6c36-e040-11ac0c487a0b.muat.tsv	Myeloid-MPN	15
f90cab09-6797-eccb-e040-11ac0d486aa3.muat.tsv	Myeloid-MPN	15
f90d51f8-3bc4-2e66-e040-11ac0d484d19.muat.tsv	Myeloid-MPN	15
f90dbdbf-f8cd-e0d8-e040-11ac0c482576.muat.tsv	Myeloid-MPN	15
f90f8204-4d65-04fa-e040-11ac0c4841bb.muat.tsv	Myeloid-MPN	15
f9101872-d864-c508-e040-11ac0c4818b5.muat.tsv	Myeloid-MPN	15
f9116dda-19f4-9e1b-e040-11ac0c4872b8.muat.tsv	Myeloid-MPN	15
f91a9af2-7909-099e-e040-11ac0c484205.muat.tsv	Myeloid-MPN	15
f91ba748-5a05-e738-e040-11ac0c486a08.muat.tsv	Myeloid-MPN	15
f91bde65-233d-2218-e040-11ac0c480a33.muat.tsv	Myeloid-MPN	15
f91d1645-9b68-edbb-e040-11ac0c4854d8.muat.tsv	Myeloid-MPN	15
f91faa2e-ea53-bef4-e040-11ac0d485f5d.muat.tsv	Myeloid-MPN	15
f920200e-f349-3730-e040-11ac0d4825cc.muat.tsv	Myeloid-MPN	15
f920ef57-c942-d2e1-e040-11ac0d481706.muat.tsv	Myeloid-MPN	15
f92268fe-7a92-51e8-e040-11ac0d48733a.muat.tsv	Myeloid-MPN	15
f925f24b-bffd-89ab-e040-11ac0d48682f.muat.tsv	Myeloid-MPN	15
f92a78d1-90ff-70c8-e040-11ac0d485eca.muat.tsv	Myeloid-MPN	15
f92b2c52-ed64-4594-e040-11ac0d48425c.muat.tsv	Myeloid-MPN	15
f92b8fda-350b-17d5-e040-11ac0c480ce8.muat.tsv	Myeloid-MPN	15
f92c8821-daba-3727-e040-11ac0d480224.muat.tsv	Myeloid-MPN	15
f92fde51-6a19-6641-e040-11ac0c484074.muat.tsv	Myeloid-MPN	15
f937fc8b-6fa7-12fd-e040-11ac0d4850f9.muat.tsv	Myeloid-MPN	15
f938b6f4-a457-c624-e040-11ac0c486fad.muat.tsv	Myeloid-MPN	15
f939f757-a415-ad44-e040-11ac0d4868e5.muat.tsv	Myeloid-MPN	15
f93abbbf-5e13-9b85-e040-11ac0d485718.muat.tsv	Myeloid-MPN	15
f93dd46d-4611-e84e-e040-11ac0c483323.muat.tsv	Myeloid-MPN	15
f942b732-7c0b-7ec6-e040-11ac0c483f86.muat.tsv	Myeloid-MPN	15
0009b464-b376-4fbc-8a56-da538269a02f.muat.tsv	Ovary-AdenoCA	16
01df36af-3617-40fc-9892-f54ce433cf71.muat.tsv	Ovary-AdenoCA	16
052665d1-ab75-4f40-be5a-b88154c8beed.muat.tsv	Ovary-AdenoCA	16
0664753b-7566-41e0-8006-7009c6735406.muat.tsv	Ovary-AdenoCA	16
09508a0d-ebe0-4fa1-b7b2-1710814181cd.muat.tsv	Ovary-AdenoCA	16
0ae2193f-0d68-485a-b8c2-7568cbcce33e.muat.tsv	Ovary-AdenoCA	16
0d0793c1-df1b-4db1-ba36-adcb960cc0f5.muat.tsv	Ovary-AdenoCA	16
123c9d1c-72ba-4d82-8e57-d5caa52a40ba.muat.tsv	Ovary-AdenoCA	16
127b0f7d-d24e-48b7-ac25-d3f14a43952d.muat.tsv	Ovary-AdenoCA	16
12874085-a596-41ae-b4cd-817cb1ebb278.muat.tsv	Ovary-AdenoCA	16
1292e13b-d7c6-447b-a227-9a8113215580.muat.tsv	Ovary-AdenoCA	16
129de5b2-d9b0-4762-9ef8-72d98231fb50.muat.tsv	Ovary-AdenoCA	16
14ed7388-41ed-43d4-afb2-04cd6410d5d2.muat.tsv	Ovary-AdenoCA	16
1659bae5-3140-4d05-891c-81b48277b2fc.muat.tsv	Ovary-AdenoCA	16
16df7888-2480-4394-8856-d57a6ef371d2.muat.tsv	Ovary-AdenoCA	16
17ed8831-a261-42d9-8ff3-cf75a6cb2a24.muat.tsv	Ovary-AdenoCA	16
1dc9e7fd-fc62-4b32-9619-4e02a266a385.muat.tsv	Ovary-AdenoCA	16
25f73b03-4ba8-47ba-ad80-6ccb82105c98.muat.tsv	Ovary-AdenoCA	16
2a8d63eb-0174-4213-9214-413f391f512c.muat.tsv	Ovary-AdenoCA	16
2b40a733-7a63-4bb8-a953-95a4ee28f962.muat.tsv	Ovary-AdenoCA	16
2b4feb84-89e4-4c38-8561-5ffab02c8132.muat.tsv	Ovary-AdenoCA	16
2c9dc04b-e9ec-4cf1-ab2c-a18edb30dd37.muat.tsv	Ovary-AdenoCA	16
2f2eaecc-6509-423f-b63a-8c3bea1ba4a4.muat.tsv	Ovary-AdenoCA	16
33ea81f2-db2c-4567-bd7b-4cb9aadfef88.muat.tsv	Ovary-AdenoCA	16
35ceba07-0759-4fbe-b076-af821a528cf0.muat.tsv	Ovary-AdenoCA	16
3a5eaed6-fcfd-437a-b61c-fd3725c64717.muat.tsv	Ovary-AdenoCA	16
3a6bce45-0431-49d8-82df-b1d9a738e5a6.muat.tsv	Ovary-AdenoCA	16
3c2b1509-1eb9-4b79-9569-57810f291499.muat.tsv	Ovary-AdenoCA	16
42465bbd-289b-4e96-98fe-76809c5e1520.muat.tsv	Ovary-AdenoCA	16
42af8f74-fd4b-486d-bc11-db53cc471d62.muat.tsv	Ovary-AdenoCA	16
44eebc04-c027-45ae-beca-c4012b494f29.muat.tsv	Ovary-AdenoCA	16
4679f37a-4f09-449b-a1d8-1f02847996da.muat.tsv	Ovary-AdenoCA	16
46f19b5c-3eba-4b23-a1ab-9748090ca4e5.muat.tsv	Ovary-AdenoCA	16
4e913899-eeb8-4630-ba9d-41a81ced8069.muat.tsv	Ovary-AdenoCA	16
51b25b37-f75c-4380-a0f6-5273e0b7ee33.muat.tsv	Ovary-AdenoCA	16
53bcbb68-addd-47fc-9910-cd1d3f38197d.muat.tsv	Ovary-AdenoCA	16
5533240d-8fed-440d-b781-6092785a77ce.muat.tsv	Ovary-AdenoCA	16
58faf969-bf37-4180-8807-2f44f2cc8eda.muat.tsv	Ovary-AdenoCA	16
5b560f4c-d2a3-43fa-b394-abef78bdefc1.muat.tsv	Ovary-AdenoCA	16
5cc7c966-499e-49e3-b509-4eeb00ee03d4.muat.tsv	Ovary-AdenoCA	16
5d922e48-aa70-454d-9417-c9af686feebc.muat.tsv	Ovary-AdenoCA	16
669f0e01-28f6-4ed8-bdb5-73f84ea28f78.muat.tsv	Ovary-AdenoCA	16
6797443c-eb4a-4654-b957-c0056e5a4206.muat.tsv	Ovary-AdenoCA	16
6c31d730-1734-44ac-92b3-760981528723.muat.tsv	Ovary-AdenoCA	16
6ce42746-88aa-485f-a1c4-1759aad95914.muat.tsv	Ovary-AdenoCA	16
6f981023-4269-4e8e-a4ab-2c92bb27273c.muat.tsv	Ovary-AdenoCA	16
6fffe0cf-bb38-4e77-88ab-a256bd7fbbce.muat.tsv	Ovary-AdenoCA	16
745b8756-0eab-423f-8cde-e0ff1aaa6596.muat.tsv	Ovary-AdenoCA	16
7a921087-8e62-4a93-a757-fd8cdbe1eb8f.muat.tsv	Ovary-AdenoCA	16
7fdd07a4-4a27-40c3-af92-a0074e6391f5.muat.tsv	Ovary-AdenoCA	16
8093649a-74d6-4832-9154-8cc0182fa381.muat.tsv	Ovary-AdenoCA	16
80f02aec-c07a-4bcb-b547-e60f8c33a7b1.muat.tsv	Ovary-AdenoCA	16
8658f4f5-9a50-4195-8ea3-227951977647.muat.tsv	Ovary-AdenoCA	16
86f23897-dba0-4e89-8381-d174eaa6fcc1.muat.tsv	Ovary-AdenoCA	16
8888e808-594b-4c76-b2e4-62aa56736f7c.muat.tsv	Ovary-AdenoCA	16
89dad92e-5b3f-479a-a6da-a94ee7df7f8a.muat.tsv	Ovary-AdenoCA	16
8a69f3ca-4e17-4daa-8722-a36316e345ba.muat.tsv	Ovary-AdenoCA	16
8b28f6d2-4b7d-493b-826e-b119a4fb0cb4.muat.tsv	Ovary-AdenoCA	16
9020b6a5-8325-4b0d-84d9-04371c857910.muat.tsv	Ovary-AdenoCA	16
941fcb56-e059-403d-aab1-0692a3ecc45e.muat.tsv	Ovary-AdenoCA	16
95fc38ac-2b36-4c46-abbf-8d2d52ff9626.muat.tsv	Ovary-AdenoCA	16
9aecfc8f-62ea-4acf-aa00-d1f0fe6c6556.muat.tsv	Ovary-AdenoCA	16
9e6806c4-d331-4025-abee-2f576e3bf182.muat.tsv	Ovary-AdenoCA	16
a0bbb3b1-e774-4c75-9301-ba43fb803f20.muat.tsv	Ovary-AdenoCA	16
a1fc7064-abf5-477d-983e-576a784e1d40.muat.tsv	Ovary-AdenoCA	16
a3135834-3af0-4e98-bc6f-ad8ddf33db80.muat.tsv	Ovary-AdenoCA	16
a330a96e-9897-4605-b5f1-5b5ef45cd365.muat.tsv	Ovary-AdenoCA	16
acd510de-b732-4a1a-8b72-6d22e763540b.muat.tsv	Ovary-AdenoCA	16
ae82fead-2671-4335-a342-67bb69935ad9.muat.tsv	Ovary-AdenoCA	16
b243adb4-b3e7-4e0e-bc0d-625aa8dbb1be.muat.tsv	Ovary-AdenoCA	16
b97941dd-9844-4db2-9e25-42c725f47d70.muat.tsv	Ovary-AdenoCA	16
bbb2cf2f-8f32-43d4-846c-d1020e6329ec.muat.tsv	Ovary-AdenoCA	16
bbe59385-5f83-43f6-a485-517c860bef6f.muat.tsv	Ovary-AdenoCA	16
bc9b66f5-fcb8-4545-ab2d-438bb810edc0.muat.tsv	Ovary-AdenoCA	16
bff518fb-6da7-4dfc-ae4c-bd3f641028e2.muat.tsv	Ovary-AdenoCA	16
c2ec7f57-8510-4bbf-a2e9-dbd9ce8dcad1.muat.tsv	Ovary-AdenoCA	16
c691d6b3-8e70-4951-8551-2ee4e4d0d10b.muat.tsv	Ovary-AdenoCA	16
c767254e-b289-4904-a80f-050cf01ff8ba.muat.tsv	Ovary-AdenoCA	16
c9959f68-c385-4c1f-9188-8203844d288e.muat.tsv	Ovary-AdenoCA	16
cf6c7066-6611-43ec-aef1-295a976cce5b.muat.tsv	Ovary-AdenoCA	16
d2e4dc23-992d-4e44-add4-2972718083cb.muat.tsv	Ovary-AdenoCA	16
d392ded3-afc8-4c79-b278-40245f18f2f8.muat.tsv	Ovary-AdenoCA	16
d4bf6034-aeae-48a6-907b-10e2cc904015.muat.tsv	Ovary-AdenoCA	16
d67cad13-e849-48b0-926c-10b6046ba0b9.muat.tsv	Ovary-AdenoCA	16
d8c2b4b2-e12b-43d2-bafc-87b29f027797.muat.tsv	Ovary-AdenoCA	16
d9e66fc5-9018-4568-b388-c5eb756f7823.muat.tsv	Ovary-AdenoCA	16
da43386c-47f8-4e03-b6ca-8b94e13792e7.muat.tsv	Ovary-AdenoCA	16
dbbd54db-4470-4df6-b5be-3e175c7133b0.muat.tsv	Ovary-AdenoCA	16
e45f3391-2e74-4767-817a-280cebac7c57.muat.tsv	Ovary-AdenoCA	16
e4aaca83-3ae9-47f6-a975-c144767ad705.muat.tsv	Ovary-AdenoCA	16
e6f7344b-951f-4f3f-b140-7bf53164c462.muat.tsv	Ovary-AdenoCA	16
e84debc4-b47d-48ed-a0d0-2859f0ebf987.muat.tsv	Ovary-AdenoCA	16
e9d98643-01ee-40c3-a617-e004559625cd.muat.tsv	Ovary-AdenoCA	16
efbec43c-0c16-4006-abe8-c3ec2ec42c05.muat.tsv	Ovary-AdenoCA	16
efec3225-de07-4559-9a90-95223495cc61.muat.tsv	Ovary-AdenoCA	16
f1504811-8363-41e6-b43c-62452b1262d3.muat.tsv	Ovary-AdenoCA	16
f26b1f44-12de-43ba-85bb-bc61741a5a88.muat.tsv	Ovary-AdenoCA	16
f6c811ff-f22e-490b-9b23-b527d20e6e6d.muat.tsv	Ovary-AdenoCA	16
f858d813-f3c5-4ad9-8c20-9f231d6624d8.muat.tsv	Ovary-AdenoCA	16
f988e698-9b34-45ce-ba4c-74e06e9cae4a.muat.tsv	Ovary-AdenoCA	16
fea5827b-251d-474b-8713-fc76db995fe7.muat.tsv	Ovary-AdenoCA	16
ff3fe4a3-7d19-4d4d-81b6-aaa41ba5bf39.muat.tsv	Ovary-AdenoCA	16
01b0848c-ae36-4ade-a3da-d297b003c99f.muat.tsv	Panc-AdenoCA	17
02c97e2b-914e-4afc-bf50-78f0cfbfa67b.muat.tsv	Panc-AdenoCA	17
02e5c36f-5bec-45e2-a048-875653b85ca1.muat.tsv	Panc-AdenoCA	17
03c3c692-8a86-4843-85ae-e045f0fa6f88.muat.tsv	Panc-AdenoCA	17
05070acd-3ec1-44bb-9c32-26d3a483a72a.muat.tsv	Panc-AdenoCA	17
0554ffe5-31f7-43f5-8372-2b73c9cf3527.muat.tsv	Panc-AdenoCA	17
079bcb09-a075-4313-9a3e-dd67734a8c5d.muat.tsv	Panc-AdenoCA	17
0972bfcf-c6c6-48cc-b820-cdfa6279a4f3.muat.tsv	Panc-AdenoCA	17
09cb8bc5-13ac-44ac-9b7d-6de143373570.muat.tsv	Panc-AdenoCA	17
09e1fe3e-bfd8-4175-ac42-0e1bf0ba5523.muat.tsv	Panc-AdenoCA	17
0b29c893-03bf-4131-b192-c14a2788d411.muat.tsv	Panc-AdenoCA	17
0cf9bbc2-cbd5-4b64-8d90-cfa416307b39.muat.tsv	Panc-AdenoCA	17
0efee3f3-313b-44eb-b3b0-af975a1ded82.muat.tsv	Panc-AdenoCA	17
0fc63b79-7fff-441d-88fc-922d53c787ab.muat.tsv	Panc-AdenoCA	17
1168944c-5451-4a18-8758-88bf5723bdd9.muat.tsv	Panc-AdenoCA	17
129459c1-38be-45da-bb87-18848c97c544.muat.tsv	Panc-AdenoCA	17
12f038e1-00af-4c64-a2e0-9e63323492ef.muat.tsv	Panc-AdenoCA	17
1327bbd4-a466-4e26-905f-cf91315f1cc8.muat.tsv	Panc-AdenoCA	17
1447c8cb-25d4-4092-8919-4df08f898d2d.muat.tsv	Panc-AdenoCA	17
170ad241-9e24-469b-b7ca-3fd783a89b21.muat.tsv	Panc-AdenoCA	17
1776f326-b12f-4355-8107-80fa6fcd2159.muat.tsv	Panc-AdenoCA	17
183b04f5-107f-496c-8e9a-8263dd00cffa.muat.tsv	Panc-AdenoCA	17
1a841850-fca0-48ab-8c78-db0bd5a64435.muat.tsv	Panc-AdenoCA	17
1ac54c6e-a1e4-4f3b-b4a5-cdb327e0dca6.muat.tsv	Panc-AdenoCA	17
1b0fe1d5-b286-4f49-ae92-94d9c6db9657.muat.tsv	Panc-AdenoCA	17
1c28e44a-6e6c-44ed-b58a-e3262c0e6759.muat.tsv	Panc-AdenoCA	17
1c9fbe26-1447-4335-aaab-06d6bb3e2741.muat.tsv	Panc-AdenoCA	17
1e181878-c640-4e91-a620-3fc4b08a4de1.muat.tsv	Panc-AdenoCA	17
1f81a1b0-8089-44ef-87b5-b3359a407ad2.muat.tsv	Panc-AdenoCA	17
20d1b88b-3ff6-4201-a748-6a993500c652.muat.tsv	Panc-AdenoCA	17
2102558b-87b0-447b-bb9a-e4ae9df8b75e.muat.tsv	Panc-AdenoCA	17
228fb827-c05e-494c-8a21-e1d925e100cb.muat.tsv	Panc-AdenoCA	17
230f53ef-be3f-495e-9b95-b0f670bd6908.muat.tsv	Panc-AdenoCA	17
241abdfd-e6de-4830-a233-4bbc5f622725.muat.tsv	Panc-AdenoCA	17
2564a262-03e8-467b-9ea2-f3ab38d75ae1.muat.tsv	Panc-AdenoCA	17
25c32aca-6738-43ef-a103-243f2f9a3b43.muat.tsv	Panc-AdenoCA	17
25cf7449-8c5b-403e-aa75-e2af158598e8.muat.tsv	Panc-AdenoCA	17
28f41a20-b6d6-4ecc-888f-72f779ad9af7.muat.tsv	Panc-AdenoCA	17
29a00d78-b9bb-4c6b-b142-d5b8bfa63455.muat.tsv	Panc-AdenoCA	17
2b3837b3-ee29-4a08-848e-1206404da986.muat.tsv	Panc-AdenoCA	17
2bd9ccca-3fae-4b66-a762-6f30d6276222.muat.tsv	Panc-AdenoCA	17
2bf5b018-9f19-4fbd-9e1f-7d958aabe5d1.muat.tsv	Panc-AdenoCA	17
2c48eefe-2a08-47bf-8e4d-cbaab6777150.muat.tsv	Panc-AdenoCA	17
2e43e0ca-54ea-482e-acf2-0048d9187a5c.muat.tsv	Panc-AdenoCA	17
2fdfb06c-0d2f-4e1d-9756-bcb08a7f90af.muat.tsv	Panc-AdenoCA	17
31c75873-abb4-4d88-9e2f-07497a6c892d.muat.tsv	Panc-AdenoCA	17
32fa6457-c8bd-4d26-8106-925baf13df68.muat.tsv	Panc-AdenoCA	17
33061bf5-9b99-4735-a810-f2d5eeef6873.muat.tsv	Panc-AdenoCA	17
33070975-0f35-4518-9ffb-4c6170c32534.muat.tsv	Panc-AdenoCA	17
368e592d-260c-4f58-81c4-a9f1e6177a4b.muat.tsv	Panc-AdenoCA	17
3933c60d-73d6-4f74-ae02-fd545fc1f092.muat.tsv	Panc-AdenoCA	17
39c6c3b3-4683-4d11-984c-ed589188da65.muat.tsv	Panc-AdenoCA	17
39d38c06-3779-4ca4-b103-1d096f93dae8.muat.tsv	Panc-AdenoCA	17
3b526846-72d6-4e10-b7cd-8cdb45a92a1c.muat.tsv	Panc-AdenoCA	17
3bfbc33d-804b-4bb3-97ac-97563d77b13d.muat.tsv	Panc-AdenoCA	17
3c86ba21-7b11-4ec7-9d20-a2325197c676.muat.tsv	Panc-AdenoCA	17
3e4d0e50-8cf4-4eb0-a00a-ccf0484ecc2f.muat.tsv	Panc-AdenoCA	17
3ed783cf-2248-44a1-a2a2-d6b6519b91ef.muat.tsv	Panc-AdenoCA	17
3fba4880-cb7b-4ac5-ab5f-728614faa1ea.muat.tsv	Panc-AdenoCA	17
40378b7a-a65d-4510-aaba-a34c4058fac7.muat.tsv	Panc-AdenoCA	17
42f00950-09c9-461a-8423-d5b04a96af10.muat.tsv	Panc-AdenoCA	17
441d2f21-b448-4fc8-8c54-9b85aca56237.muat.tsv	Panc-AdenoCA	17
4652ae03-b096-42d0-bdfa-3f6281d4f023.muat.tsv	Panc-AdenoCA	17
46e166fe-3b20-49ad-98db-42c854c61c93.muat.tsv	Panc-AdenoCA	17
4a4e0397-8702-46ef-aaa8-3980f03a40bf.muat.tsv	Panc-AdenoCA	17
4a88981e-e409-440f-9bf0-71ca1bab8b4e.muat.tsv	Panc-AdenoCA	17
4aa7eabc-0419-4897-b7af-5dcccfd6ac2f.muat.tsv	Panc-AdenoCA	17
4c4aa1b1-fda3-4c5b-b588-68aa727500ad.muat.tsv	Panc-AdenoCA	17
4cbe411b-b05e-46bd-bea8-126289a0866c.muat.tsv	Panc-AdenoCA	17
4db9e471-0068-4ec6-9bcb-33ef5fdec33e.muat.tsv	Panc-AdenoCA	17
51458c86-0fdd-470e-b059-1ffbffc92a7f.muat.tsv	Panc-AdenoCA	17
5187e77d-f412-4303-8049-11d1aa1a0235.muat.tsv	Panc-AdenoCA	17
5255d645-d3d2-422e-8449-046cd21f4935.muat.tsv	Panc-AdenoCA	17
52f43b72-15ea-40a0-a3b4-4bf22bc0bf25.muat.tsv	Panc-AdenoCA	17
53534b3c-cd15-4d68-a9b1-6902bb234c45.muat.tsv	Panc-AdenoCA	17
536dedba-46c4-4a21-b112-13c030b13069.muat.tsv	Panc-AdenoCA	17
54195db3-94a9-4538-8bb8-9953d936acd4.muat.tsv	Panc-AdenoCA	17
541f91bd-7e9d-4348-9e78-45b948d8967e.muat.tsv	Panc-AdenoCA	17
5650dc4e-8bce-4716-9199-cd5750d7a888.muat.tsv	Panc-AdenoCA	17
569ff1b4-de87-4309-8484-80549aaf9485.muat.tsv	Panc-AdenoCA	17
5b41e033-6df8-411e-a13b-59eeb8afbf9b.muat.tsv	Panc-AdenoCA	17
5d9ff58c-5702-48fc-a66a-d1276327fd49.muat.tsv	Panc-AdenoCA	17
5f94cb62-4019-47ff-bf6a-eeda8e9e033c.muat.tsv	Panc-AdenoCA	17
60aff7a0-4960-4ed1-922b-3233ccbfdba1.muat.tsv	Panc-AdenoCA	17
60c33e32-7e19-4e71-b075-a63fcf27e660.muat.tsv	Panc-AdenoCA	17
6297aa77-37a0-4f46-987b-32bd8653c0c2.muat.tsv	Panc-AdenoCA	17
631ab9d0-5400-400c-b0bc-c3e576bcfe06.muat.tsv	Panc-AdenoCA	17
644c669b-937b-4adc-81b9-6a1811cba9da.muat.tsv	Panc-AdenoCA	17
654dba9f-cfe5-4121-97c7-868613cdef53.muat.tsv	Panc-AdenoCA	17
65d2dbc3-a163-4696-b246-47a430e66572.muat.tsv	Panc-AdenoCA	17
66290cc6-1f1f-4a0b-83d1-423952da4840.muat.tsv	Panc-AdenoCA	17
6867811f-ac89-47da-b5dc-1270033c36e7.muat.tsv	Panc-AdenoCA	17
68ba1105-569a-4209-9b45-0e2d64931806.muat.tsv	Panc-AdenoCA	17
6ad44218-d34e-4126-bf56-1be2140cd3fb.muat.tsv	Panc-AdenoCA	17
6bdf00f6-670f-466e-87fb-e853e41f000e.muat.tsv	Panc-AdenoCA	17
6fc0cb07-9713-4355-8543-f85d1c5505c2.muat.tsv	Panc-AdenoCA	17
70dd8453-11d3-4105-a8d0-6a755c52495d.muat.tsv	Panc-AdenoCA	17
71ef8379-03a0-4b81-92c9-1ba666fe4d7a.muat.tsv	Panc-AdenoCA	17
7266ec7b-4824-4b88-910e-e9bfb848d55f.muat.tsv	Panc-AdenoCA	17
72a5e569-99d4-47bc-be1b-6296a5025080.muat.tsv	Panc-AdenoCA	17
72f82fbd-9838-4082-b605-bc3d80226f16.muat.tsv	Panc-AdenoCA	17
73058c80-607e-4b55-b112-8f8f6775d014.muat.tsv	Panc-AdenoCA	17
7410c00d-ed0b-48dc-a4bf-eb76ac613980.muat.tsv	Panc-AdenoCA	17
754d26af-f184-497c-856a-cd1ea7a5115c.muat.tsv	Panc-AdenoCA	17
75cd90ef-e884-4812-bbf3-5a524d95147e.muat.tsv	Panc-AdenoCA	17
75fac59c-3346-4c5a-bb9f-fb67fec8d13b.muat.tsv	Panc-AdenoCA	17
78100212-65aa-4365-8b64-4b33f77732d5.muat.tsv	Panc-AdenoCA	17
78103d9b-0b8a-431e-bb58-5c99fbea12e4.muat.tsv	Panc-AdenoCA	17
7981bbf3-dceb-4d89-900c-555967e97921.muat.tsv	Panc-AdenoCA	17
7b318282-5df4-42bc-b1e0-0e4a66ba9204.muat.tsv	Panc-AdenoCA	17
7c43c006-d917-4915-b304-65995b6c0d46.muat.tsv	Panc-AdenoCA	17
7cb71498-6ada-43c6-912b-bad4f93cf580.muat.tsv	Panc-AdenoCA	17
7ccee959-1e87-4a39-b6b3-840ddcb94995.muat.tsv	Panc-AdenoCA	17
7d04f401-3505-410c-8def-0348ecd8aae2.muat.tsv	Panc-AdenoCA	17
7d7fff91-3f69-4123-b514-140ed3d9cd66.muat.tsv	Panc-AdenoCA	17
7ef9fd9b-d349-4ec3-ab4d-1a1d11c0204b.muat.tsv	Panc-AdenoCA	17
7f42e118-aab6-438a-9e84-e7451fe12d7e.muat.tsv	Panc-AdenoCA	17
7f5fd36f-6e30-45ca-92a5-d8a8a8ee1bc2.muat.tsv	Panc-AdenoCA	17
7fcd8af9-4d73-4c97-95cc-b30b09f21bb2.muat.tsv	Panc-AdenoCA	17
81bc7f0c-865d-4801-a935-2ab04170df53.muat.tsv	Panc-AdenoCA	17
8282283d-247a-431d-9421-0fcc52f0a897.muat.tsv	Panc-AdenoCA	17
84a6ea88-eeb8-4060-a90c-e4abac013ad4.muat.tsv	Panc-AdenoCA	17
88bc38ba-ad1d-431e-a67e-0a5a23678386.muat.tsv	Panc-AdenoCA	17
88d5a8b2-daba-45ce-90bf-480fac85bf1d.muat.tsv	Panc-AdenoCA	17
89195d56-1ef2-41df-b200-9f18e38f574a.muat.tsv	Panc-AdenoCA	17
8be6b14d-286a-471b-a282-ab98bc6050c3.muat.tsv	Panc-AdenoCA	17
8c233a11-3b2e-4273-bbe1-b5a5f5a351d5.muat.tsv	Panc-AdenoCA	17
8d67c121-37d0-4fc0-a349-2c9452589d65.muat.tsv	Panc-AdenoCA	17
9011cf17-0783-4f9d-b355-4f0fc1a2e78b.muat.tsv	Panc-AdenoCA	17
9078333d-73d3-496a-9fc3-a94353b7e107.muat.tsv	Panc-AdenoCA	17
91b6fd6b-547a-47e4-8ecb-a6f1826ccfd3.muat.tsv	Panc-AdenoCA	17
92dc0e0c-842f-40de-9c39-486b491ea80a.muat.tsv	Panc-AdenoCA	17
94652d14-2e4d-4f4a-a4f7-8df77df788c0.muat.tsv	Panc-AdenoCA	17
95cc9620-7686-4805-a96c-cf8e659847c3.muat.tsv	Panc-AdenoCA	17
96ba50eb-3c12-41ad-ac7b-d23b2001fe44.muat.tsv	Panc-AdenoCA	17
96cca60e-17dc-44c3-90f7-1b57b0e08e5f.muat.tsv	Panc-AdenoCA	17
97c46ede-b280-4344-8dbb-e860c6472239.muat.tsv	Panc-AdenoCA	17
9c399826-087f-44b9-98c0-bd881646b0f4.muat.tsv	Panc-AdenoCA	17
9c857452-c81d-4b9e-87a8-5b41f4394f7c.muat.tsv	Panc-AdenoCA	17
9ebac79d-8b38-4469-837e-b834725fe6d5.muat.tsv	Panc-AdenoCA	17
9ffe694e-b488-489e-bdbe-0800e505eec4.muat.tsv	Panc-AdenoCA	17
a2238b5f-0513-487a-9b1b-7bef85ebf336.muat.tsv	Panc-AdenoCA	17
a3210fd0-344c-468e-8ff2-2d0869a2fb75.muat.tsv	Panc-AdenoCA	17
a3edc9cc-f54a-4459-a5d0-097879c811e5.muat.tsv	Panc-AdenoCA	17
a492a32b-bf2f-4f8c-b06e-794a4baa2fe7.muat.tsv	Panc-AdenoCA	17
a5346247-3f30-470a-b4ab-732180786291.muat.tsv	Panc-AdenoCA	17
a5d5c238-0447-47fa-9a81-3b823cbdcea6.muat.tsv	Panc-AdenoCA	17
a6ebe0c0-8aab-4b9f-8328-4b795895a77d.muat.tsv	Panc-AdenoCA	17
aa4a868a-df23-4eef-a618-e945aa2ce98a.muat.tsv	Panc-AdenoCA	17
ac02c38e-5fca-4995-b0cc-39b6189976a3.muat.tsv	Panc-AdenoCA	17
af9cfac8-7fbe-49cb-aeca-8d68aea57994.muat.tsv	Panc-AdenoCA	17
b04624d2-d8f8-4b51-be1b-72c73d8055f9.muat.tsv	Panc-AdenoCA	17
b37d6283-6f95-4975-a794-f3d5c4bbc7b3.muat.tsv	Panc-AdenoCA	17
b47aa163-eec9-4225-940b-4373e78152e2.muat.tsv	Panc-AdenoCA	17
b54b9433-ec10-4cb5-a860-4555da64917b.muat.tsv	Panc-AdenoCA	17
b5cabba2-30a4-458e-897c-00ec3fefa6d2.muat.tsv	Panc-AdenoCA	17
b5dd0bc9-6c1c-4272-b920-744de37d0aee.muat.tsv	Panc-AdenoCA	17
b710b214-5666-4054-97ef-3b9ac2bd90ac.muat.tsv	Panc-AdenoCA	17
b80ca528-2c5f-400c-8df3-9c47869a64c2.muat.tsv	Panc-AdenoCA	17
b8270565-9e02-4d46-9534-08206bfd027a.muat.tsv	Panc-AdenoCA	17
bb8176a7-ea7c-42d7-a85a-cec1ca386f2e.muat.tsv	Panc-AdenoCA	17
bbbc531a-dd41-40b7-ae59-e35508aea0c7.muat.tsv	Panc-AdenoCA	17
bbdd7393-024b-4073-b5bc-ef7a68c15b8a.muat.tsv	Panc-AdenoCA	17
bbff7954-95ec-455c-b0bc-92f67a09ee77.muat.tsv	Panc-AdenoCA	17
bc395326-1656-4ef2-bb19-0cb29194b91c.muat.tsv	Panc-AdenoCA	17
bcef0b6c-6584-4090-9d28-ef784a7e5fbb.muat.tsv	Panc-AdenoCA	17
c13fb736-614c-4d5f-83bf-2d7586f4fb53.muat.tsv	Panc-AdenoCA	17
c15a51cc-4fdc-4343-a410-13ddc238dac8.muat.tsv	Panc-AdenoCA	17
c3679262-63d7-463e-9501-6ab3f177aee8.muat.tsv	Panc-AdenoCA	17
c741fb12-8160-43a7-bc70-2c545ea0031d.muat.tsv	Panc-AdenoCA	17
c9e7c629-7b57-4ede-b315-0cea8c97c48e.muat.tsv	Panc-AdenoCA	17
ca284012-bd06-47a3-8a9d-c6b185d87d85.muat.tsv	Panc-AdenoCA	17
cafe9603-a804-48fb-9217-e2d1c3c346c5.muat.tsv	Panc-AdenoCA	17
cb4608a7-6aec-4cba-b20f-489e214c9dbd.muat.tsv	Panc-AdenoCA	17
cba4de91-cce7-4edc-8450-d0a52c959586.muat.tsv	Panc-AdenoCA	17
cf072bfe-3191-4a71-9e0b-decaa28365e1.muat.tsv	Panc-AdenoCA	17
cfe0bf13-2ff4-4164-9b6a-cd3615bf3ddc.muat.tsv	Panc-AdenoCA	17
d05ea63c-86a3-463a-a790-2edaa74b4da7.muat.tsv	Panc-AdenoCA	17
d1804679-e728-4597-ac69-49554c087b9e.muat.tsv	Panc-AdenoCA	17
d333b55b-8bac-4a99-9d23-3cc0c25057bf.muat.tsv	Panc-AdenoCA	17
d4907a1b-8b06-47c5-8bca-c781d9cddaf8.muat.tsv	Panc-AdenoCA	17
d5796835-d6cd-427e-a398-5fbef88b0648.muat.tsv	Panc-AdenoCA	17
d8de6de6-4cfe-4239-9ebd-3437aa65efb2.muat.tsv	Panc-AdenoCA	17
d91f487e-0895-44ef-aeb1-a62bd576f8b0.muat.tsv	Panc-AdenoCA	17
db2a1df8-487d-4dad-a347-5c5ed539d5ad.muat.tsv	Panc-AdenoCA	17
dc856038-f5f7-4dfc-a0a4-3e3a6b8d160f.muat.tsv	Panc-AdenoCA	17
dd4fdb6a-8067-4b64-ab74-bbb0fec34ca9.muat.tsv	Panc-AdenoCA	17
ded2689b-8e37-480c-b37c-acc538e54ddf.muat.tsv	Panc-AdenoCA	17
e0aa815f-668a-4de9-bb32-3f215bb7f843.muat.tsv	Panc-AdenoCA	17
e1df938f-1f23-4291-98ef-13db6debb796.muat.tsv	Panc-AdenoCA	17
e4c8c7f0-5bac-4d59-91c4-c98207150548.muat.tsv	Panc-AdenoCA	17
e5193d7e-e8b7-4098-bf98-8b3a62781d13.muat.tsv	Panc-AdenoCA	17
e56b0990-ff67-47c1-b9ad-87ef1d4aa2ae.muat.tsv	Panc-AdenoCA	17
e7048a93-a1ed-4cdc-a1ab-fa507408ca77.muat.tsv	Panc-AdenoCA	17
e7603fc8-9b73-4c17-86f9-46ca1bceeb1d.muat.tsv	Panc-AdenoCA	17
e97ea3d7-9fcd-4df1-9ea8-587cb3be75ec.muat.tsv	Panc-AdenoCA	17
ec646623-6d33-4fbd-888e-89f55d82eb11.muat.tsv	Panc-AdenoCA	17
ec77847e-48fd-4ba5-bc3e-3cd1b149b552.muat.tsv	Panc-AdenoCA	17
ecfe388a-99f5-44b9-9226-a6ae6d892538.muat.tsv	Panc-AdenoCA	17
edac1323-2497-45e6-9148-e9c955292ba2.muat.tsv	Panc-AdenoCA	17
ee5d5e7d-78cf-4a29-a9ee-56aa3da877dd.muat.tsv	Panc-AdenoCA	17
ee8ba991-8c96-476e-b096-49f3aaaffc2f.muat.tsv	Panc-AdenoCA	17
ef3a0ccd-85bc-4e5f-a8c6-5a2e2d9e6717.muat.tsv	Panc-AdenoCA	17
efacd7d6-56cf-4f6a-87f0-1a7ab6b1a643.muat.tsv	Panc-AdenoCA	17
efc39172-083c-4297-b922-3f58df781332.muat.tsv	Panc-AdenoCA	17
f1d9124e-dfa2-415e-b8b8-dd872fd3e2cb.muat.tsv	Panc-AdenoCA	17
f283ed80-8302-4f26-99ed-ea20d101289d.muat.tsv	Panc-AdenoCA	17
f4ada7a2-c4ac-4f89-ada7-4645861002cb.muat.tsv	Panc-AdenoCA	17
f4e673a9-5b85-46e7-bcac-2ce6e1026896.muat.tsv	Panc-AdenoCA	17
f4e926fd-006e-4c85-b71c-1433c325acb0.muat.tsv	Panc-AdenoCA	17
f5bb7ae4-4bb4-4e87-b83c-bc8620584989.muat.tsv	Panc-AdenoCA	17
f94c4f69-8119-4eaf-97c1-5106890c14d4.muat.tsv	Panc-AdenoCA	17
fa54205f-7e51-4e5a-9f0a-5e8a2e40235f.muat.tsv	Panc-AdenoCA	17
fa9a3247-a465-4fdf-bb64-5afaa83a5d76.muat.tsv	Panc-AdenoCA	17
fdbd0277-ddbf-4cc5-8ec3-3644b9553627.muat.tsv	Panc-AdenoCA	17
fe96d91c-3686-4125-af71-b8703a011ad4.muat.tsv	Panc-AdenoCA	17
ffe4bb51-e98a-41a7-a4e1-c3970386889c.muat.tsv	Panc-AdenoCA	17
00508f2b-36bf-44fc-b66b-97e1f3e40bfa.muat.tsv	Panc-Endocrine	18
01c8e465-2b4e-4519-bdef-c3ac06b43eeb.muat.tsv	Panc-Endocrine	18
0363fe2c-d765-450e-8b1a-d13a23d9af2a.muat.tsv	Panc-Endocrine	18
05c487aa-72d8-42e6-aa2b-b9b5ce273f5c.muat.tsv	Panc-Endocrine	18
074fd614-5d9c-4bcc-96ad-351aa14387e3.muat.tsv	Panc-Endocrine	18
0bafd9ae-64b3-492d-a6fd-12aa8edefcbe.muat.tsv	Panc-Endocrine	18
0e7ac212-0469-4f17-9432-205ab1831257.muat.tsv	Panc-Endocrine	18
16c6f975-48fd-4cda-946a-777cb922949d.muat.tsv	Panc-Endocrine	18
1a5bf97e-3d49-4d3f-b385-ffa7a295be9c.muat.tsv	Panc-Endocrine	18
1b7838c9-c685-41c3-b184-a2e40c7c4dc7.muat.tsv	Panc-Endocrine	18
1eb1bc62-18f6-4bcb-a16d-aa6a91914031.muat.tsv	Panc-Endocrine	18
2660825c-68f0-4631-948e-6da158edbe9e.muat.tsv	Panc-Endocrine	18
29127cde-548f-4c42-96cf-6f0020c3db9a.muat.tsv	Panc-Endocrine	18
3189bc97-afd8-4daf-80c9-2d78a08228d3.muat.tsv	Panc-Endocrine	18
33b99e90-741d-43f2-804b-75721199a0dc.muat.tsv	Panc-Endocrine	18
3728982b-4547-4249-bd42-72a91d3fda8c.muat.tsv	Panc-Endocrine	18
3ad44032-01fb-4f84-b880-f01bb13a4359.muat.tsv	Panc-Endocrine	18
3ae3ce4a-54ec-4c3b-83f2-845696ea0fa1.muat.tsv	Panc-Endocrine	18
3bb25b72-ceb1-4169-891e-339f22cb0f03.muat.tsv	Panc-Endocrine	18
44406493-37f4-48c7-961b-8714be50773a.muat.tsv	Panc-Endocrine	18
48b15122-b1e9-4c30-8fc5-70a07686779a.muat.tsv	Panc-Endocrine	18
4d2204f1-be84-4f58-b7e7-61ae9fbf6d25.muat.tsv	Panc-Endocrine	18
5174f450-0bf7-4237-a53e-844064f0e701.muat.tsv	Panc-Endocrine	18
559c30f2-8ae7-43c8-819c-800261065e06.muat.tsv	Panc-Endocrine	18
56425c2e-6bbf-4b20-ba07-79a526dd4603.muat.tsv	Panc-Endocrine	18
5702affd-eafe-42a4-8f56-c1f22f8f184d.muat.tsv	Panc-Endocrine	18
589e0aea-9057-4b8c-8af1-74c74fe46a38.muat.tsv	Panc-Endocrine	18
5935dd9d-d411-48f8-8512-aa73a63878b0.muat.tsv	Panc-Endocrine	18
59e2d6d1-debd-4796-ab0c-6a5673a990fc.muat.tsv	Panc-Endocrine	18
5ee28a35-7aa0-48e3-9c14-daca7b0241fe.muat.tsv	Panc-Endocrine	18
606d7f5e-ff98-4245-a9ac-281f5074f97a.muat.tsv	Panc-Endocrine	18
63a907ff-1042-4f9c-a385-55a32b3e103b.muat.tsv	Panc-Endocrine	18
69fe982d-6ab8-49b7-9efa-8349d60eb076.muat.tsv	Panc-Endocrine	18
6dc43234-4f07-4c53-8b07-8d78d9dbad3b.muat.tsv	Panc-Endocrine	18
6e776415-ddf4-4060-953f-08ef22441234.muat.tsv	Panc-Endocrine	18
7243992d-0763-4b75-8066-e8e5309d0193.muat.tsv	Panc-Endocrine	18
724bf2b8-a246-4b6f-85f8-95824c03896e.muat.tsv	Panc-Endocrine	18
79353875-9d86-4063-a8ea-1d998acb1e81.muat.tsv	Panc-Endocrine	18
7ae3671f-bf98-4693-8f35-3b762c9121d4.muat.tsv	Panc-Endocrine	18
857a8354-9589-424e-98f4-98b9bfd6dcb0.muat.tsv	Panc-Endocrine	18
8c443bd0-7987-44de-b312-5b859e6d13a9.muat.tsv	Panc-Endocrine	18
8c4ebff2-8318-4046-98f5-da8f6b1a9e3b.muat.tsv	Panc-Endocrine	18
8cbd1752-7eea-46d3-8623-09e96dfb1fdf.muat.tsv	Panc-Endocrine	18
94244f28-4ba2-4aa6-a0fb-0cd9b94bf9cc.muat.tsv	Panc-Endocrine	18
94b5dc5a-701a-45e3-8f63-8231031a055a.muat.tsv	Panc-Endocrine	18
958d4d1d-25e2-43f2-a18b-59b2c66f0c05.muat.tsv	Panc-Endocrine	18
96e99cf0-707e-49f3-9ec6-cb4f90ecf7e4.muat.tsv	Panc-Endocrine	18
9cfa4e8f-ea4d-433b-8c2c-54f66ecb7e43.muat.tsv	Panc-Endocrine	18
aa215f18-ae1f-4f0e-89dd-ac59ee8c8c44.muat.tsv	Panc-Endocrine	18
acb5e263-111b-43d8-9bd1-adb9a54e0fc0.muat.tsv	Panc-Endocrine	18
b24feafa-f2e9-4498-8471-a9e42c80cc9f.muat.tsv	Panc-Endocrine	18
b27b569a-2c79-4453-8a2d-41fd0b4dd28d.muat.tsv	Panc-Endocrine	18
b4860b5f-0a80-4fb2-81e1-4bafeb525b1c.muat.tsv	Panc-Endocrine	18
b499032c-6cb8-4646-a95b-10af2a21a289.muat.tsv	Panc-Endocrine	18
b4e5626b-44fe-4cdb-a7d5-42028e0dbc4d.muat.tsv	Panc-Endocrine	18
b5cc4a6d-93a9-497c-a7bb-a5db82edc176.muat.tsv	Panc-Endocrine	18
b8068cbb-4523-4ac9-ab17-edd4eb0e2975.muat.tsv	Panc-Endocrine	18
c307688c-b1fa-47f6-a9e2-1ea41f7645b6.muat.tsv	Panc-Endocrine	18
c766274a-3c1e-443f-9ed4-c0e2b9c904d1.muat.tsv	Panc-Endocrine	18
c9e7cff0-aec2-4ff2-8091-7cbea2bf5991.muat.tsv	Panc-Endocrine	18
cef1fb1c-18fa-453a-b87f-295d3b0bc12b.muat.tsv	Panc-Endocrine	18
d404ac28-da11-4746-9c3b-cf0b1888f67b.muat.tsv	Panc-Endocrine	18
d515c7d2-2314-46bf-9736-ff3f3d2ab599.muat.tsv	Panc-Endocrine	18
d6faafa5-7279-4dc3-be71-45af5c855b34.muat.tsv	Panc-Endocrine	18
dc4ba4bc-6333-4fe9-8805-e058cc9e6e18.muat.tsv	Panc-Endocrine	18
dc57c2e7-4c5b-4e2b-93c6-f032fcebc2fa.muat.tsv	Panc-Endocrine	18
de4d6f9f-d64a-41b9-a928-64e79b9f7d5f.muat.tsv	Panc-Endocrine	18
df2d41c4-7e79-4a46-aa4a-2a11c051ac40.muat.tsv	Panc-Endocrine	18
e07affb1-b6b2-40a4-9c54-0e72f5ea5045.muat.tsv	Panc-Endocrine	18
e3eb5217-50e4-49e2-a6fa-f847d091f3c9.muat.tsv	Panc-Endocrine	18
e541b5b9-546d-47bc-acd6-4006ce0eec1d.muat.tsv	Panc-Endocrine	18
ed4b53cb-5473-4bc1-9d84-0b0ad93cbd57.muat.tsv	Panc-Endocrine	18
ee368301-b2f7-428f-9330-67c054c1a09d.muat.tsv	Panc-Endocrine	18
f89ef95e-6e39-420b-a3c2-ccebcc69ce3b.muat.tsv	Panc-Endocrine	18
fbea74b5-b1a8-4767-af7c-e179ce8da071.muat.tsv	Panc-Endocrine	18
005e85a3-3571-462d-8dc9-2babfc7ace21.muat.tsv	Prost-AdenoCA	19
008aef39-0c97-48ce-9dfd-f12d67116c59.muat.tsv	Prost-AdenoCA	19
008bad10-d41b-4bbb-86fa-9976ecea46b1.muat.tsv	Prost-AdenoCA	19
0192d529-7340-45d8-a5f0-249cbb11ca19.muat.tsv	Prost-AdenoCA	19
052015bc-8c24-467c-8ff7-9e0dc4ad39fd.muat.tsv	Prost-AdenoCA	19
07531318-87e8-4db8-aa61-9b93597d063b.muat.tsv	Prost-AdenoCA	19
07f16397-71bb-4594-ad4d-caa7d2baeabd.muat.tsv	Prost-AdenoCA	19
089be98d-c3c9-4fb4-aef2-7a8578a91d51.muat.tsv	Prost-AdenoCA	19
08e1d976-6c39-428e-a4c2-f655b675683e.muat.tsv	Prost-AdenoCA	19
0bd3a230-531e-44aa-9999-b8ed8da0176b.muat.tsv	Prost-AdenoCA	19
0bfd1043-5142-3662-e050-11ac0c486501.muat.tsv	Prost-AdenoCA	19
0bfd1043-70fb-d2dc-e050-11ac0c4860cb.muat.tsv	Prost-AdenoCA	19
0bfd1043-7343-fdd0-e050-11ac0c484cab.muat.tsv	Prost-AdenoCA	19
0bfd1043-7344-fdd0-e050-11ac0c484cab.muat.tsv	Prost-AdenoCA	19
0bfd1043-7346-fdd0-e050-11ac0c484cab.muat.tsv	Prost-AdenoCA	19
0bfd1043-7ebf-aaec-e050-11ac0c482f39.muat.tsv	Prost-AdenoCA	19
0bfd1043-7ec1-aaec-e050-11ac0c482f39.muat.tsv	Prost-AdenoCA	19
0bfd1043-7ed6-9ccc-e050-11ac0c481957.muat.tsv	Prost-AdenoCA	19
0bfd1043-8170-e3e4-e050-11ac0c4860c5.muat.tsv	Prost-AdenoCA	19
0bfd1043-8172-e3e4-e050-11ac0c4860c5.muat.tsv	Prost-AdenoCA	19
0bfd1043-8173-e3e4-e050-11ac0c4860c5.muat.tsv	Prost-AdenoCA	19
0bfd1043-8175-e3e4-e050-11ac0c4860c5.muat.tsv	Prost-AdenoCA	19
0bfd1043-8177-e3e4-e050-11ac0c4860c5.muat.tsv	Prost-AdenoCA	19
0bfd1043-817c-e3e4-e050-11ac0c4860c5.muat.tsv	Prost-AdenoCA	19
0bfd1043-817e-e3e4-e050-11ac0c4860c5.muat.tsv	Prost-AdenoCA	19
0bfd1043-8180-e3e4-e050-11ac0c4860c5.muat.tsv	Prost-AdenoCA	19
0bfd1043-8181-e3e4-e050-11ac0c4860c5.muat.tsv	Prost-AdenoCA	19
0bfd1043-8187-e3e4-e050-11ac0c4860c5.muat.tsv	Prost-AdenoCA	19
0bfd1043-8189-e3e4-e050-11ac0c4860c5.muat.tsv	Prost-AdenoCA	19
0bfd1068-3fc3-a95b-e050-11ac0c4860c3.muat.tsv	Prost-AdenoCA	19
0bfd1068-3fc5-a95b-e050-11ac0c4860c3.muat.tsv	Prost-AdenoCA	19
0bfd1068-3fca-a95b-e050-11ac0c4860c3.muat.tsv	Prost-AdenoCA	19
0bfd1068-3fcd-a95b-e050-11ac0c4860c3.muat.tsv	Prost-AdenoCA	19
0bfd1068-3fcf-a95b-e050-11ac0c4860c3.muat.tsv	Prost-AdenoCA	19
0bfd1068-3fd3-a95b-e050-11ac0c4860c3.muat.tsv	Prost-AdenoCA	19
0bfd1068-3fd5-a95b-e050-11ac0c4860c3.muat.tsv	Prost-AdenoCA	19
0bfd1068-3fdd-a95b-e050-11ac0c4860c3.muat.tsv	Prost-AdenoCA	19
0bfd1068-3fdf-a95b-e050-11ac0c4860c3.muat.tsv	Prost-AdenoCA	19
0bfd1068-3fe1-a95b-e050-11ac0c4860c3.muat.tsv	Prost-AdenoCA	19
0bfd1068-3fe4-a95b-e050-11ac0c4860c3.muat.tsv	Prost-AdenoCA	19
0bfd1068-3fe6-a95b-e050-11ac0c4860c3.muat.tsv	Prost-AdenoCA	19
0bfe2ac9-0aec-c248-e050-11ac0d487e1c.muat.tsv	Prost-AdenoCA	19
0bfe2ac9-0aee-c248-e050-11ac0d487e1c.muat.tsv	Prost-AdenoCA	19
0bfe2ac9-0af5-c248-e050-11ac0d487e1c.muat.tsv	Prost-AdenoCA	19
0bfe2ac9-0af8-c248-e050-11ac0d487e1c.muat.tsv	Prost-AdenoCA	19
0bfe2ac9-0afd-c248-e050-11ac0d487e1c.muat.tsv	Prost-AdenoCA	19
0bfe2ac9-0aff-c248-e050-11ac0d487e1c.muat.tsv	Prost-AdenoCA	19
0bfebf9f-c779-e57d-e050-11ac0d487827.muat.tsv	Prost-AdenoCA	19
0bfebf9f-c77d-e57d-e050-11ac0d487827.muat.tsv	Prost-AdenoCA	19
0bfebf9f-c77f-e57d-e050-11ac0d487827.muat.tsv	Prost-AdenoCA	19
0bfebf9f-c781-e57d-e050-11ac0d487827.muat.tsv	Prost-AdenoCA	19
0bfebf9f-c783-e57d-e050-11ac0d487827.muat.tsv	Prost-AdenoCA	19
0c0038ff-6cc4-b0b0-e050-11ac0d483d73.muat.tsv	Prost-AdenoCA	19
0c0038ff-6cc6-b0b0-e050-11ac0d483d73.muat.tsv	Prost-AdenoCA	19
0c9a5dbc-f7f3-43e7-83d1-77b9fb4b8b54.muat.tsv	Prost-AdenoCA	19
0cb4356c-b5d6-4541-b048-ff6d4b3a5d26.muat.tsv	Prost-AdenoCA	19
0ed2e2e1-2fe3-43eb-8cad-34f3f21a7169.muat.tsv	Prost-AdenoCA	19
108b67d4-5d66-46da-8675-6acae643b76f.muat.tsv	Prost-AdenoCA	19
120f01d1-8884-4aca-a1cb-36b207b2aa3a.muat.tsv	Prost-AdenoCA	19
122bf0a9-8052-49da-a9d7-0e5de9ab7032.muat.tsv	Prost-AdenoCA	19
126ee433-d345-4cac-882a-c91831a24690.muat.tsv	Prost-AdenoCA	19
131332b2-ff51-4bd7-a626-aff2ecea6135.muat.tsv	Prost-AdenoCA	19
145f2b89-8878-4390-b0f6-f09b02fb138a.muat.tsv	Prost-AdenoCA	19
186cacaf-4f20-4ad2-a07a-a7dc942a70b0.muat.tsv	Prost-AdenoCA	19
1a319682-f55e-4e0b-8476-48a0bea6c265.muat.tsv	Prost-AdenoCA	19
1bbfe6f2-ad19-4d29-895b-973f5a91c707.muat.tsv	Prost-AdenoCA	19
1bd47e40-d708-4ca2-b4b3-eb8d996c916b.muat.tsv	Prost-AdenoCA	19
1be81ade-7ad6-4e7e-90d0-f986b3fb0a25.muat.tsv	Prost-AdenoCA	19
1d6c9181-a02f-4c35-85b3-65dc5808f50e.muat.tsv	Prost-AdenoCA	19
1d91f9c7-67ba-4606-9f0a-01ec6fc08262.muat.tsv	Prost-AdenoCA	19
1dd96495-5f83-4d36-96cf-b77cd0cbbfda.muat.tsv	Prost-AdenoCA	19
1eb37b28-fac2-477a-88b3-e04291a07926.muat.tsv	Prost-AdenoCA	19
1f5e70c1-c5de-49e7-941a-46e11a4f4416.muat.tsv	Prost-AdenoCA	19
25c002f7-e972-421a-b32d-7dd675d81931.muat.tsv	Prost-AdenoCA	19
280a069c-38e5-4300-a15c-2612301b70e3.muat.tsv	Prost-AdenoCA	19
289790a5-77bd-49a9-a1ec-478a8ecacd7f.muat.tsv	Prost-AdenoCA	19
2b54d668-7585-4bf4-9fdd-aea3c5cd4fa4.muat.tsv	Prost-AdenoCA	19
2c9c50ff-01d9-4703-931b-04119178706f.muat.tsv	Prost-AdenoCA	19
2ea2294d-fab9-43ae-a222-370487495b06.muat.tsv	Prost-AdenoCA	19
2f79fe89-9d24-4fbe-ba5b-0ff6c3c4d663.muat.tsv	Prost-AdenoCA	19
304c3e10-583c-421d-ab01-15c937d5014a.muat.tsv	Prost-AdenoCA	19
32d8c373-b5c8-420b-9808-8812b5501649.muat.tsv	Prost-AdenoCA	19
339a2c94-55c9-4113-a706-b0971fa2784f.muat.tsv	Prost-AdenoCA	19
33de44a2-bec1-402d-872c-d78c1f2d52b3.muat.tsv	Prost-AdenoCA	19
35553150-e4ef-4539-b220-259f2d634bd7.muat.tsv	Prost-AdenoCA	19
36962459-e81f-4b8c-a08d-df60ef3283a3.muat.tsv	Prost-AdenoCA	19
39aee9fc-fa27-4b71-b9e8-43ff34bd3930.muat.tsv	Prost-AdenoCA	19
39e32615-0160-4f13-b330-50748f5d87ed.muat.tsv	Prost-AdenoCA	19
3b8ab548-6669-4142-9612-cafded0d7a23.muat.tsv	Prost-AdenoCA	19
3c92c0e9-68e0-4354-8ed1-b6506878145d.muat.tsv	Prost-AdenoCA	19
3e86e68b-d083-4450-b056-4cd0f8d4a084.muat.tsv	Prost-AdenoCA	19
41027c0b-85af-4c78-bba0-0da63cd75fa9.muat.tsv	Prost-AdenoCA	19
41c565a9-d44a-447f-85c0-98f23bfee1b3.muat.tsv	Prost-AdenoCA	19
42a548f0-d86a-4273-8bda-be0fe6a53b20.muat.tsv	Prost-AdenoCA	19
43b675e0-22e0-42d6-a060-afc93e22ac95.muat.tsv	Prost-AdenoCA	19
44083f54-0953-48e3-a704-11ad0988ad2e.muat.tsv	Prost-AdenoCA	19
4508ce0a-5a2e-4502-98e9-2fd76c4eebef.muat.tsv	Prost-AdenoCA	19
45d0ccb2-641f-4348-b3a8-61f4113cd85b.muat.tsv	Prost-AdenoCA	19
475bca00-9089-4f50-8638-4e5e8aca6dcd.muat.tsv	Prost-AdenoCA	19
4b44b313-6f74-4233-bec4-7e41c91c77f1.muat.tsv	Prost-AdenoCA	19
4c5228b5-bf31-4abd-a47c-d088e16dba13.muat.tsv	Prost-AdenoCA	19
4c755527-3b5d-4d36-822d-990aa1003d6a.muat.tsv	Prost-AdenoCA	19
4d11d7da-1204-437e-87b1-e8337a67c9a8.muat.tsv	Prost-AdenoCA	19
4e596add-a7c5-4617-9649-b4ac6612e39c.muat.tsv	Prost-AdenoCA	19
4eac784b-084a-4106-9a76-2d9fbec57033.muat.tsv	Prost-AdenoCA	19
51adf6cf-f422-4d7e-aa46-cc9bf0ef8693.muat.tsv	Prost-AdenoCA	19
54319e3d-c28f-4ba1-9c87-299d303e4de3.muat.tsv	Prost-AdenoCA	19
551d5082-ab6a-4674-af0d-ce408f589949.muat.tsv	Prost-AdenoCA	19
597e4011-ea99-4356-b1d9-8cfe35db7c3b.muat.tsv	Prost-AdenoCA	19
59938f45-3e57-43d6-af3b-bb4968249e5a.muat.tsv	Prost-AdenoCA	19
59c18694-8a43-41dd-a6f6-52a20bc8dd54.muat.tsv	Prost-AdenoCA	19
5c8da06c-7964-4ad1-ac9e-d1b5507105d2.muat.tsv	Prost-AdenoCA	19
5d6ad982-bb01-4233-b8fa-d129460eec79.muat.tsv	Prost-AdenoCA	19
5df0aab4-0be2-4da3-a4b7-a10fca09a4ba.muat.tsv	Prost-AdenoCA	19
5fe8a231-bbac-4f91-a47a-0de4fee752d3.muat.tsv	Prost-AdenoCA	19
61973578-4c0d-4a3f-b9c4-f96ceab24629.muat.tsv	Prost-AdenoCA	19
61a48c69-4f7d-4dc6-aff7-88a6c33137df.muat.tsv	Prost-AdenoCA	19
6218f366-d5d2-4289-a95e-eeedfae7523a.muat.tsv	Prost-AdenoCA	19
62ea1264-47b6-4a6b-9fa6-779837f8e905.muat.tsv	Prost-AdenoCA	19
63faa59e-6649-412e-823a-338d0662ec72.muat.tsv	Prost-AdenoCA	19
6763f295-f2bf-4975-bea5-c1a490d9a1fa.muat.tsv	Prost-AdenoCA	19
6947cd78-0a51-4949-8383-343f9122d953.muat.tsv	Prost-AdenoCA	19
69dbe6ef-f5de-4c1f-b2f2-963dcb6ccd3e.muat.tsv	Prost-AdenoCA	19
6d0851ba-271a-408f-bcc3-c104b452c9e5.muat.tsv	Prost-AdenoCA	19
6d325c96-8f5c-4064-9806-4364016da8a4.muat.tsv	Prost-AdenoCA	19
6d936ef9-b5df-44d3-831f-528bf8ddc131.muat.tsv	Prost-AdenoCA	19
6fe135ef-54b4-4941-9bb9-872dc4d18d9f.muat.tsv	Prost-AdenoCA	19
6ff16b0d-5966-4119-9bec-c9ebff804a37.muat.tsv	Prost-AdenoCA	19
7181dd10-1371-4cb6-9219-a9542c62b854.muat.tsv	Prost-AdenoCA	19
7303f9fe-88bb-48ba-b9b4-ebf9e4770c1c.muat.tsv	Prost-AdenoCA	19
734a8251-9ecc-47f5-835f-846b67693ca6.muat.tsv	Prost-AdenoCA	19
73f7718b-f9b1-4a63-a561-0c9cc2abeb9f.muat.tsv	Prost-AdenoCA	19
74db46a8-a499-4951-af33-1d53b7d1c9b4.muat.tsv	Prost-AdenoCA	19
769e2ac9-a121-4b2a-a0fd-5f755b579811.muat.tsv	Prost-AdenoCA	19
783579bd-e29d-457c-8236-1a80b557600c.muat.tsv	Prost-AdenoCA	19
7a86abdc-d554-43bd-ad47-22d439c930ef.muat.tsv	Prost-AdenoCA	19
7a95af21-ca7c-4596-9c83-66d11ca0c417.muat.tsv	Prost-AdenoCA	19
7ae9b843-488f-459c-8c0d-c81dcae57f99.muat.tsv	Prost-AdenoCA	19
7d6fb1a7-7742-4b8c-9903-abff706240b5.muat.tsv	Prost-AdenoCA	19
7dd2dc62-0eb4-4d45-86f1-e9e9377181ca.muat.tsv	Prost-AdenoCA	19
7e10e325-16d2-42df-b957-df4d3a9477d0.muat.tsv	Prost-AdenoCA	19
7e4d570e-f26b-41fb-84c5-2a6f7d668bb5.muat.tsv	Prost-AdenoCA	19
7fe96e71-436d-49d4-9e47-e104e1203568.muat.tsv	Prost-AdenoCA	19
8044a282-bc2c-47c6-8a85-53c3b5eeb08f.muat.tsv	Prost-AdenoCA	19
84aa2983-714b-49fd-af93-f18ed4d6a6cb.muat.tsv	Prost-AdenoCA	19
84ae4dd8-f661-46aa-9892-69742e2f3542.muat.tsv	Prost-AdenoCA	19
86874a67-aa86-45f1-be32-3b2722ebedec.muat.tsv	Prost-AdenoCA	19
8689b53c-8883-479c-85f6-d13b86272b5d.muat.tsv	Prost-AdenoCA	19
87e1ffee-a8cd-4d75-937e-ed415cf43546.muat.tsv	Prost-AdenoCA	19
887616c5-06a7-4e83-948c-3546202349fb.muat.tsv	Prost-AdenoCA	19
8930735a-4eb4-4489-8513-d4b600c316ab.muat.tsv	Prost-AdenoCA	19
8a9359de-b0ad-4a2d-a543-e3b982697db9.muat.tsv	Prost-AdenoCA	19
8bbe4006-be0a-4cd5-91f6-529100d4f06e.muat.tsv	Prost-AdenoCA	19
8c850df7-d48e-4386-b3a5-cac5da865ea5.muat.tsv	Prost-AdenoCA	19
8e7fe8bb-6b3d-428f-a232-97e6042a0f39.muat.tsv	Prost-AdenoCA	19
90fd404b-f734-41ed-a601-0f30e43625fc.muat.tsv	Prost-AdenoCA	19
95730d8b-327a-402c-a8bf-d71370f777a7.muat.tsv	Prost-AdenoCA	19
9689cb33-8ac9-4ee5-800d-3900769988af.muat.tsv	Prost-AdenoCA	19
96b67289-9c42-402b-8e30-9efb4d512bef.muat.tsv	Prost-AdenoCA	19
982b58c4-02b3-4e7d-8af0-4b133d0c7e50.muat.tsv	Prost-AdenoCA	19
98f54445-b151-4aeb-b8cf-91d743ba066e.muat.tsv	Prost-AdenoCA	19
9b75735b-705d-4ebf-92a0-fbb190b95285.muat.tsv	Prost-AdenoCA	19
9e272bea-9193-4c10-a802-f7e18b2937a3.muat.tsv	Prost-AdenoCA	19
9ed8f0b9-d615-44c4-9ec9-e07ecd744922.muat.tsv	Prost-AdenoCA	19
9f5e6063-d19e-4f56-b3f9-5c2260d3bfc9.muat.tsv	Prost-AdenoCA	19
a08ec059-7592-4698-bb45-25a9c3680c23.muat.tsv	Prost-AdenoCA	19
a1af7c42-47af-435c-bb51-b932a3cd7b91.muat.tsv	Prost-AdenoCA	19
a319188c-6b80-4228-8f2b-8f423c0fcf97.muat.tsv	Prost-AdenoCA	19
a6045753-60bb-4e65-bc89-1ef0b47aab35.muat.tsv	Prost-AdenoCA	19
a6d8467e-88e3-4ea5-8583-61c5ab9747ae.muat.tsv	Prost-AdenoCA	19
a971ac23-0664-405d-9f5c-9ca892af003e.muat.tsv	Prost-AdenoCA	19
ab318624-db9d-41d8-b7b8-34712434f28f.muat.tsv	Prost-AdenoCA	19
ab8a55ed-ff47-4cad-ad91-52b9dc25aca7.muat.tsv	Prost-AdenoCA	19
acb9750e-7e17-4cef-bee1-5d710f9bf3a7.muat.tsv	Prost-AdenoCA	19
ad007b59-46f6-48b9-958a-2b9d28cca3b7.muat.tsv	Prost-AdenoCA	19
b0c61486-b061-4b6b-ac02-130a3ea0b080.muat.tsv	Prost-AdenoCA	19
b0f3087b-6f9c-47e9-b487-6726af1cb90b.muat.tsv	Prost-AdenoCA	19
b1f2442f-a973-47b4-9891-f028f0d44adc.muat.tsv	Prost-AdenoCA	19
b2ec0fd0-fbcf-4abc-ad80-4ae444e30b55.muat.tsv	Prost-AdenoCA	19
b33978c6-a855-4f9d-a0b0-d79453b9de41.muat.tsv	Prost-AdenoCA	19
b3f1d232-4392-4258-9256-d38ff4b59f94.muat.tsv	Prost-AdenoCA	19
b41c63e8-bb85-4f83-9bc6-e611fd9ef075.muat.tsv	Prost-AdenoCA	19
b4aea804-fc6e-4d58-906f-f3a932ca9dc5.muat.tsv	Prost-AdenoCA	19
b68c5ec2-0875-4d77-b4b7-738d2b2f313c.muat.tsv	Prost-AdenoCA	19
bb02202f-d140-4bec-95ce-5c2b117a2167.muat.tsv	Prost-AdenoCA	19
bc9f105f-6d99-44ac-9871-67defd5e85cd.muat.tsv	Prost-AdenoCA	19
bd3028c7-1fde-401d-a6b2-5f8e61eb4aa1.muat.tsv	Prost-AdenoCA	19
beafb7c6-ef39-478e-aa47-0f1ad39f95a3.muat.tsv	Prost-AdenoCA	19
c08f65a0-bf4c-462e-9d07-ad56b3adcac8.muat.tsv	Prost-AdenoCA	19
c3cb64b3-842b-4b42-8c42-020a0206eb06.muat.tsv	Prost-AdenoCA	19
c6a28615-1b92-4085-956e-eeedb2573c03.muat.tsv	Prost-AdenoCA	19
caf2e99d-8f1f-4043-b567-c3fe28dc33ac.muat.tsv	Prost-AdenoCA	19
cd0c3b1f-c73a-4991-8724-4e74381900cb.muat.tsv	Prost-AdenoCA	19
cd29af7e-d670-4d8e-83e2-da6e52abda71.muat.tsv	Prost-AdenoCA	19
d0f4dd92-a63b-4766-8889-5327fca1bd91.muat.tsv	Prost-AdenoCA	19
d1875ee6-6677-4117-a7a8-930ab5cde775.muat.tsv	Prost-AdenoCA	19
d1cebf4a-4127-47ee-85cb-465fca2ac445.muat.tsv	Prost-AdenoCA	19
d277e679-9fdd-44cd-9f2c-f9927e44d721.muat.tsv	Prost-AdenoCA	19
d709d214-02ee-46c1-a73a-e7074cb2623e.muat.tsv	Prost-AdenoCA	19
d74be531-b0fd-42c3-954e-4a4f7eef922a.muat.tsv	Prost-AdenoCA	19
db198301-6c69-4d56-88d1-c650406423dd.muat.tsv	Prost-AdenoCA	19
db37739d-af50-4e63-9147-1a7d25630ac6.muat.tsv	Prost-AdenoCA	19
dbfdb5c6-f52e-48f3-87e7-fb922df9e7a9.muat.tsv	Prost-AdenoCA	19
dc85552c-2488-48d9-9da1-67a380945b85.muat.tsv	Prost-AdenoCA	19
dcc938da-3e45-4c2f-ae0f-47817be04518.muat.tsv	Prost-AdenoCA	19
dcf98acc-736b-4af6-bdca-a320a413165a.muat.tsv	Prost-AdenoCA	19
dd5ed858-0623-4387-b1bf-109175c32ef4.muat.tsv	Prost-AdenoCA	19
de4faf55-1bcf-427f-b019-829bb4b64ff1.muat.tsv	Prost-AdenoCA	19
e1b169c3-44e0-43e5-9ee3-2df7a678a5ea.muat.tsv	Prost-AdenoCA	19
e1fc4226-40ce-43b7-b92e-aa7cecd0cf4d.muat.tsv	Prost-AdenoCA	19
e41bc2ec-3e0b-4c37-806b-3f6f25c8c4db.muat.tsv	Prost-AdenoCA	19
e6772001-dffc-4fb4-86e9-6c395edd176d.muat.tsv	Prost-AdenoCA	19
ec16d1f5-f8a9-4c19-8cce-92f6ea9eb3f7.muat.tsv	Prost-AdenoCA	19
ed7be9ae-e603-4731-8d91-a8285abaee33.muat.tsv	Prost-AdenoCA	19
edeea137-080d-42d3-a0ce-5cfe0d4a68e7.muat.tsv	Prost-AdenoCA	19
f0f2030e-17fd-4dd9-9104-899e59d72ed8.muat.tsv	Prost-AdenoCA	19
f1d73c2f-3d7d-4a0f-871b-b3bf76d865dc.muat.tsv	Prost-AdenoCA	19
f3720205-dc76-4101-8a56-72043fc896b5.muat.tsv	Prost-AdenoCA	19
f5378545-17d4-4a64-a57e-f6c91ef4cb3a.muat.tsv	Prost-AdenoCA	19
f54442d1-80fa-4678-ac94-c3ad03bc37fb.muat.tsv	Prost-AdenoCA	19
f601cf2f-081f-484d-ab0e-21a8ec8d3770.muat.tsv	Prost-AdenoCA	19
f640d377-98e9-41d3-8761-61eb33072c65.muat.tsv	Prost-AdenoCA	19
f7cc504a-37c9-45f5-b50d-599c54dca157.muat.tsv	Prost-AdenoCA	19
f8a165b0-51df-413c-b7c6-c7fc80547db4.muat.tsv	Prost-AdenoCA	19
f921b592-fa4d-49f7-b773-81a0e903aaed.muat.tsv	Prost-AdenoCA	19
f9c07ba7-152a-f624-e040-11ac0c484cd5.muat.tsv	Prost-AdenoCA	19
f9c0a08b-d1e5-4c18-e040-11ac0c4864df.muat.tsv	Prost-AdenoCA	19
f9c0a0d9-5af6-4476-e040-11ac0d4830d3.muat.tsv	Prost-AdenoCA	19
f9c0a12c-2651-d9ea-e040-11ac0d483201.muat.tsv	Prost-AdenoCA	19
f9c1df10-25b8-c8ae-e040-11ac0d486375.muat.tsv	Prost-AdenoCA	19
f9c23ce8-7f1c-9417-e040-11ac0d482562.muat.tsv	Prost-AdenoCA	19
f9c23d09-74e4-07f9-e040-11ac0d482577.muat.tsv	Prost-AdenoCA	19
f9c26646-d2b0-cf30-e040-11ac0d483918.muat.tsv	Prost-AdenoCA	19
f9c39eb7-39a9-6626-e040-11ac0d4870c2.muat.tsv	Prost-AdenoCA	19
f9c3e4e3-1b95-b71a-e040-11ac0d4819e7.muat.tsv	Prost-AdenoCA	19
f9c3eaad-a0d9-8bf8-e040-11ac0d481d8e.muat.tsv	Prost-AdenoCA	19
f9c4e06c-e8a6-613b-e040-11ac0d4828ba.muat.tsv	Prost-AdenoCA	19
f9c51617-3fcb-91c5-e040-11ac0d484abf.muat.tsv	Prost-AdenoCA	19
f9c52187-2e82-d58a-e040-11ac0d484fc4.muat.tsv	Prost-AdenoCA	19
f9c52414-385d-8cc7-e040-11ac0d485037.muat.tsv	Prost-AdenoCA	19
f9c650e7-9053-78eb-e040-11ac0d4874bb.muat.tsv	Prost-AdenoCA	19
f9c65e3d-f3f7-dd5f-e040-11ac0d487b1f.muat.tsv	Prost-AdenoCA	19
f9c6f4ca-4bb8-26b4-e040-11ac0d485600.muat.tsv	Prost-AdenoCA	19
fc9d5fc6-546f-27b7-e040-11ac0d485f87.muat.tsv	Prost-AdenoCA	19
fc9d5fc6-719b-0525-e040-11ac0d485f83.muat.tsv	Prost-AdenoCA	19
fc9d5fc6-7f7d-1313-e040-11ac0d485f85.muat.tsv	Prost-AdenoCA	19
fc9d5fc7-a87b-c5e7-e040-11ac0c4850aa.muat.tsv	Prost-AdenoCA	19
fc9d704c-0cfb-0407-e040-11ac0d486980.muat.tsv	Prost-AdenoCA	19
fc9d93b6-77c6-8719-e040-11ac0d487dec.muat.tsv	Prost-AdenoCA	19
fc9d93b6-92e8-acb7-e040-11ac0d487dee.muat.tsv	Prost-AdenoCA	19
fc9f9295-01f6-a9e0-e040-11ac0d4845af.muat.tsv	Prost-AdenoCA	19
fc9f998b-cc72-f6ea-e040-11ac0c482425.muat.tsv	Prost-AdenoCA	19
fca1c663-dec0-db39-e040-11ac0c486140.muat.tsv	Prost-AdenoCA	19
fca2d62f-2756-939e-e040-11ac0d4865e6.muat.tsv	Prost-AdenoCA	19
fd163b56-1c2d-4e63-9fad-ba3221ae274b.muat.tsv	Prost-AdenoCA	19
fe083d2d-d088-4ac1-825b-8c5bbfe974ac.muat.tsv	Prost-AdenoCA	19
ff870342-f0d6-4450-8f9c-344c046a0baf.muat.tsv	Prost-AdenoCA	19
04aa6b77-8074-480c-872e-a1a47afa5314.muat.tsv	Skin-Melanoma	20
04c09376-8756-41d9-bbca-f464170a8cfb.muat.tsv	Skin-Melanoma	20
08b5d0e4-4661-460e-a9f7-f2e687414711.muat.tsv	Skin-Melanoma	20
0ab4d782-9a50-48b9-96e4-6ce42b2ea034.muat.tsv	Skin-Melanoma	20
108749d2-5c62-4ef1-92df-aec6941ba53b.muat.tsv	Skin-Melanoma	20
10bb1a92-901e-4a14-80f4-5e88f997754b.muat.tsv	Skin-Melanoma	20
12f1ae2f-2666-45be-9742-f502d212373d.muat.tsv	Skin-Melanoma	20
13c62975-9f5e-4d40-a461-dceab08a31ec.muat.tsv	Skin-Melanoma	20
142b6dbf-c943-4a7d-8ab6-13a975f48d7a.muat.tsv	Skin-Melanoma	20
14630c19-9ee0-4ab3-9d8b-8c3309d1e7d0.muat.tsv	Skin-Melanoma	20
15daadb0-6b24-4248-9225-470dc08f1552.muat.tsv	Skin-Melanoma	20
16d5519e-ecb9-4fc8-81f1-e0e4adf722a8.muat.tsv	Skin-Melanoma	20
1ac15380-04a2-42dd-8ade-28556a570e80.muat.tsv	Skin-Melanoma	20
1d4a091d-fe65-49c0-8810-5a95243b108a.muat.tsv	Skin-Melanoma	20
1daefc49-5248-4948-87ce-0ec19a248ef9.muat.tsv	Skin-Melanoma	20
20e02396-e676-412d-9724-44a428919cdb.muat.tsv	Skin-Melanoma	20
22d67778-61fc-4f15-95b8-7e7c6cc7112b.muat.tsv	Skin-Melanoma	20
22edd867-dcd6-42b5-92bb-025ceb84b106.muat.tsv	Skin-Melanoma	20
2399ab13-abfa-480e-9fda-7947edc420be.muat.tsv	Skin-Melanoma	20
25103371-28ac-4f43-b0e2-2d376d0dcb84.muat.tsv	Skin-Melanoma	20
25e20393-752b-4796-9001-0e22ee04c586.muat.tsv	Skin-Melanoma	20
2790b964-63e3-49aa-bf8c-9a00d3448c25.muat.tsv	Skin-Melanoma	20
2e76891c-b620-4cc0-9315-6f1217b09b1e.muat.tsv	Skin-Melanoma	20
30600994-c1ec-44c9-a620-3f6c617eb928.muat.tsv	Skin-Melanoma	20
3433b1f3-59d1-4ac2-9bbf-e0c4042b4ddc.muat.tsv	Skin-Melanoma	20
351db483-a70e-496d-b70a-7449875121ee.muat.tsv	Skin-Melanoma	20
35a74e53-16ff-4764-8397-6a9b02dfe733.muat.tsv	Skin-Melanoma	20
3869ff3f-21b9-4817-8ff4-83c6fc75ab11.muat.tsv	Skin-Melanoma	20
39c476fd-273b-4136-874c-53352f1be008.muat.tsv	Skin-Melanoma	20
3f2ecbcd-5c9e-4d57-8aa5-962e2e86a83c.muat.tsv	Skin-Melanoma	20
3f98d326-5676-4257-9af8-0a5f5d3c2527.muat.tsv	Skin-Melanoma	20
450e8eba-a3a9-4dcb-b423-e33dfcd5c34e.muat.tsv	Skin-Melanoma	20
4e8396f7-9506-4401-96b6-bb2e89557d59.muat.tsv	Skin-Melanoma	20
507620ef-f0fc-4ac3-a7c0-ea2e36c40f77.muat.tsv	Skin-Melanoma	20
51893d3f-e7f3-43f9-9fd0-c0f25ae96804.muat.tsv	Skin-Melanoma	20
524bbd14-1e1f-479b-9a71-d27fce32d8bc.muat.tsv	Skin-Melanoma	20
5310f698-d31a-4628-84b4-dc9ac29722a5.muat.tsv	Skin-Melanoma	20
54a77010-2f16-4da9-8ca0-746a51801a00.muat.tsv	Skin-Melanoma	20
561fd34c-7c7d-4df0-bbfc-3d31147ca562.muat.tsv	Skin-Melanoma	20
56ddcb96-e90b-4fce-aa4c-c677bbfee488.muat.tsv	Skin-Melanoma	20
5912d4b3-2d5d-4b98-b967-1b4ff177097a.muat.tsv	Skin-Melanoma	20
5c3def3a-b515-41f6-8157-681b963534e7.muat.tsv	Skin-Melanoma	20
60413de1-6cd2-4f74-8180-3bdd394d6d16.muat.tsv	Skin-Melanoma	20
63762458-902a-4329-a823-703b54cb5f9d.muat.tsv	Skin-Melanoma	20
64dd81e1-35fa-4579-8a4c-f7486adbb949.muat.tsv	Skin-Melanoma	20
6507e084-c038-4ba6-a431-fb9a53190d5f.muat.tsv	Skin-Melanoma	20
66d312fc-809d-428b-98e3-a29d211db35c.muat.tsv	Skin-Melanoma	20
681e2301-2057-40e4-ab63-934775d63faa.muat.tsv	Skin-Melanoma	20
6c884037-49f9-41c3-b0e5-9cbcd545aeb7.muat.tsv	Skin-Melanoma	20
7117854b-6f0a-4a43-b66c-506a3e29377d.muat.tsv	Skin-Melanoma	20
72108583-5320-46ec-945f-5ff173d7dc15.muat.tsv	Skin-Melanoma	20
74e5905f-6350-498a-9454-9ea0593d2f56.muat.tsv	Skin-Melanoma	20
75ba6722-1148-4a52-a9ed-68d890238205.muat.tsv	Skin-Melanoma	20
76a0d9c9-5e69-44e8-9ed2-6d2e387803fc.muat.tsv	Skin-Melanoma	20
7ba70717-d65e-4a45-af79-60a976770526.muat.tsv	Skin-Melanoma	20
7e22401d-f4cd-44c5-8a01-b08a439e5a31.muat.tsv	Skin-Melanoma	20
7edc42d3-d08e-4360-a3e1-aeb57cfc6640.muat.tsv	Skin-Melanoma	20
7f031d71-3cb7-4744-86bd-a3beecfe166e.muat.tsv	Skin-Melanoma	20
88f2c496-3eb4-4c03-b3a5-8d5a55803aaf.muat.tsv	Skin-Melanoma	20
897ba508-d74b-46bf-8554-1210a66a36d1.muat.tsv	Skin-Melanoma	20
8ca665f8-fe78-48bf-8c0f-c606d92885d4.muat.tsv	Skin-Melanoma	20
8d5ffe62-6dd9-4764-b0b7-5e3010eefe6d.muat.tsv	Skin-Melanoma	20
8ea666b7-2b6e-4df8-9a9d-b8265b9749b4.muat.tsv	Skin-Melanoma	20
978ae91e-6ebe-4efa-97ff-cfad511ae7b3.muat.tsv	Skin-Melanoma	20
98e8f23c-5970-4fce-9551-4b11a772fe1b.muat.tsv	Skin-Melanoma	20
9e0009d1-c993-4247-9706-88ee84591dec.muat.tsv	Skin-Melanoma	20
9fc5b5c7-3973-42b4-8710-454de0cb5b50.muat.tsv	Skin-Melanoma	20
a6e24c2a-26b9-409c-bbcd-a8fcdd1e437c.muat.tsv	Skin-Melanoma	20
a84915de-6562-4836-86f9-f2a05598296e.muat.tsv	Skin-Melanoma	20
affa4ef4-02ec-40f1-b6a2-739f8bf2afa9.muat.tsv	Skin-Melanoma	20
b07bad52-d44c-4b27-900a-960985bfadec.muat.tsv	Skin-Melanoma	20
b35d9a68-29f4-49ab-b83e-b5151679e3af.muat.tsv	Skin-Melanoma	20
b3befa40-8f44-4eb6-ada0-ec395f460656.muat.tsv	Skin-Melanoma	20
b42d183c-bc9c-4652-9e56-10c54c5ee96e.muat.tsv	Skin-Melanoma	20
bcefbf6a-80ff-4825-9d3a-492e2dceb35d.muat.tsv	Skin-Melanoma	20
bcf76f1a-7109-422d-94c9-5e8364895fa0.muat.tsv	Skin-Melanoma	20
c95a2b1b-726c-4608-9fff-d57b6f1aa75a.muat.tsv	Skin-Melanoma	20
ca004926-f3ac-4824-8ed5-d84e62efdfae.muat.tsv	Skin-Melanoma	20
ca8fa9f5-3190-440d-9879-22e33d05ca6c.muat.tsv	Skin-Melanoma	20
d053f88f-09e6-472e-a691-bb293c461399.muat.tsv	Skin-Melanoma	20
d056645f-4dd3-49f3-b0a4-2293e2b4d82c.muat.tsv	Skin-Melanoma	20
d0e033bc-8e97-4322-b3b1-8626f1e2449b.muat.tsv	Skin-Melanoma	20
d2620dab-4319-499a-b8f1-9575aaf8f4f3.muat.tsv	Skin-Melanoma	20
d432e99a-67fb-4609-b90f-99438eee7cae.muat.tsv	Skin-Melanoma	20
deb9fbb6-656b-41ce-8299-554efc2379bd.muat.tsv	Skin-Melanoma	20
e2774050-1257-4c29-b201-d79ce70fe17e.muat.tsv	Skin-Melanoma	20
e2b2357c-da6f-4ca3-9c07-a22f0423e8fe.muat.tsv	Skin-Melanoma	20
ead1bc2e-42c3-46d9-8f6f-8cb16ba9d2c3.muat.tsv	Skin-Melanoma	20
eb9a8f12-6451-43cc-95b3-2e86cf704c96.muat.tsv	Skin-Melanoma	20
eeddf701-93f9-4f10-85cb-9dce1760bae8.muat.tsv	Skin-Melanoma	20
f07b9192-c86f-4ee4-a3b5-feb9c5098bf4.muat.tsv	Skin-Melanoma	20
f24688a9-7952-49d8-ba80-2bbad472379c.muat.tsv	Skin-Melanoma	20
f81693ba-09ee-4201-a389-0ceeda8a4636.muat.tsv	Skin-Melanoma	20
fa4d35e3-fc38-4e26-a9e0-521a648acec1.muat.tsv	Skin-Melanoma	20
fc249113-83d4-4abe-8c80-a4f7305dcd91.muat.tsv	Skin-Melanoma	20
fe8c62a6-c113-46e8-ab91-fdb90bb6a59f.muat.tsv	Skin-Melanoma	20
08d2a566-8407-4e9b-836c-bf5e1e9f85b2.muat.tsv	Stomach-AdenoCA	21
0cd60b96-eb2d-4687-9709-d1455ec45de7.muat.tsv	Stomach-AdenoCA	21
0e54cea2-d568-4a33-b9db-b698844e6ad9.muat.tsv	Stomach-AdenoCA	21
0fa9cfba-0f49-47d0-ab54-9dd2144e0a73.muat.tsv	Stomach-AdenoCA	21
1021b60d-f7b2-43b0-b2cc-f282d619d533.muat.tsv	Stomach-AdenoCA	21
153a64ee-6322-4f2e-b3df-77ef7d3a4cf0.muat.tsv	Stomach-AdenoCA	21
172c9864-c26d-4e9b-947a-e8ce761e996d.muat.tsv	Stomach-AdenoCA	21
1b8fe07d-859c-4d91-ade1-6b2bcb5774ce.muat.tsv	Stomach-AdenoCA	21
1d0617e8-2725-4411-b50f-e46ea1d43242.muat.tsv	Stomach-AdenoCA	21
1d2d355a-8409-4c8a-9f07-ac62885e228d.muat.tsv	Stomach-AdenoCA	21
1f2a8889-4374-4037-bb56-0f20733380e3.muat.tsv	Stomach-AdenoCA	21
25f07374-313a-4100-9a60-3d21d2988fca.muat.tsv	Stomach-AdenoCA	21
2c316b7e-6a82-4ba1-9f34-d8bfcf82d41e.muat.tsv	Stomach-AdenoCA	21
2e66eb75-097c-4ad8-b2b3-9f5849dfd02f.muat.tsv	Stomach-AdenoCA	21
30b9ab02-60f2-4974-85a9-874f247ae932.muat.tsv	Stomach-AdenoCA	21
34a445c2-1eb4-4a9f-8838-cddc2f82aae4.muat.tsv	Stomach-AdenoCA	21
388a8875-c3f5-494e-8456-28be8d3626e1.muat.tsv	Stomach-AdenoCA	21
3db3b7b1-da1d-4b9c-a92a-c60fecf4328c.muat.tsv	Stomach-AdenoCA	21
429aad6f-816d-4739-baa3-b0ebf2fcd501.muat.tsv	Stomach-AdenoCA	21
498ecf81-921d-4df9-a6a4-a625f484e823.muat.tsv	Stomach-AdenoCA	21
4dc9b032-7f7b-486d-a12b-8461af89501d.muat.tsv	Stomach-AdenoCA	21
55e520f4-0e4b-41a2-9951-c4e9f323100b.muat.tsv	Stomach-AdenoCA	21
576a1741-8c65-40da-9f0f-b2ca805d70f3.muat.tsv	Stomach-AdenoCA	21
5c4b369c-51a3-4ca7-8b9d-2a8e49c0dde7.muat.tsv	Stomach-AdenoCA	21
5dc6f055-c4f6-49a1-a68c-94cf87cbd363.muat.tsv	Stomach-AdenoCA	21
61cad26a-cbc6-4977-83b9-dc61e49f2861.muat.tsv	Stomach-AdenoCA	21
622eaa04-b8f9-471b-98b0-7befd119f14c.muat.tsv	Stomach-AdenoCA	21
63f5bb12-1b20-49d4-9e98-570e368f947d.muat.tsv	Stomach-AdenoCA	21
65be412d-46c3-4cbf-9b46-b35351e53065.muat.tsv	Stomach-AdenoCA	21
68509ede-3dcf-4a6e-9af0-4a9bb4dfa567.muat.tsv	Stomach-AdenoCA	21
6a7cdaf6-211e-4eb8-a70e-1153d69c45e4.muat.tsv	Stomach-AdenoCA	21
6dac8ca0-f776-4ea2-85c4-aefba4966be7.muat.tsv	Stomach-AdenoCA	21
6dbac113-d4cf-4db5-97c9-50fa400bb47e.muat.tsv	Stomach-AdenoCA	21
7116cc90-f465-4e7e-aa27-48a83ed258e9.muat.tsv	Stomach-AdenoCA	21
7e036d40-b669-4929-a1e2-c4736e01a473.muat.tsv	Stomach-AdenoCA	21
7e305f31-fbb0-4bce-894b-1dd85e303421.muat.tsv	Stomach-AdenoCA	21
7eb0f792-858f-45d1-a908-125b02ea1506.muat.tsv	Stomach-AdenoCA	21
81c7a8c1-8a6a-4e78-a72c-f7c021c67ff7.muat.tsv	Stomach-AdenoCA	21
8867bdef-3a8d-433e-b10f-d752e2cbb022.muat.tsv	Stomach-AdenoCA	21
931b24da-5d6d-4c2d-8de9-ef32d6eb8565.muat.tsv	Stomach-AdenoCA	21
9536f736-63bc-4099-bd54-740f5910f4a8.muat.tsv	Stomach-AdenoCA	21
a2e67393-50d7-4bcc-9bbd-c695086a936a.muat.tsv	Stomach-AdenoCA	21
a2ee5dde-4342-4e78-88c5-3c9a8e10cbf5.muat.tsv	Stomach-AdenoCA	21
a4c838df-6ac4-455a-8096-8ec680064374.muat.tsv	Stomach-AdenoCA	21
b49d5310-3cc5-4386-9444-cf0d61b52376.muat.tsv	Stomach-AdenoCA	21
bc0dee07-de20-44d6-be65-05af7e63ac96.muat.tsv	Stomach-AdenoCA	21
bd2f8133-3e71-4c5e-998f-0c1a9fdfb75f.muat.tsv	Stomach-AdenoCA	21
c1b44966-0f72-4c4f-8783-ab3ffe7f17b2.muat.tsv	Stomach-AdenoCA	21
c4e048de-1d43-4fbd-8289-9279b16c8a3a.muat.tsv	Stomach-AdenoCA	21
c612570a-881d-421f-98b9-0e4563133744.muat.tsv	Stomach-AdenoCA	21
c73f3f82-3091-46dd-b667-e96a1d8c501c.muat.tsv	Stomach-AdenoCA	21
c79ce3d3-4758-4f52-9da1-38f994c99f4e.muat.tsv	Stomach-AdenoCA	21
d6738c83-7b52-4224-846a-67bd085aaab8.muat.tsv	Stomach-AdenoCA	21
d7f8e1f3-a9a7-4929-92df-1283bac815d2.muat.tsv	Stomach-AdenoCA	21
d8d5585d-32cd-4ac4-b410-a4122a17a558.muat.tsv	Stomach-AdenoCA	21
d91e1a92-837d-44d6-92d8-419f435effe0.muat.tsv	Stomach-AdenoCA	21
dbd834cb-b14f-4380-9741-f96551268447.muat.tsv	Stomach-AdenoCA	21
dc107863-2c7d-4b19-8afb-666c7798f0da.muat.tsv	Stomach-AdenoCA	21
dc537fcf-d910-4c4b-8af9-e7da429f2633.muat.tsv	Stomach-AdenoCA	21
dd9d2e9e-02dc-40fc-842b-c5b9707fca56.muat.tsv	Stomach-AdenoCA	21
ea1cac20-88c1-4257-9cdb-d2890eb2e123.muat.tsv	Stomach-AdenoCA	21
eb18e71d-2a27-4eae-aa27-4b2c0716d2ba.muat.tsv	Stomach-AdenoCA	21
eb59b79f-bd36-4bf4-83e3-2af73bd1d30a.muat.tsv	Stomach-AdenoCA	21
eda1d8d9-e8f5-46f2-bb16-15d0b10c2cf9.muat.tsv	Stomach-AdenoCA	21
edc8839f-fa6b-41e0-ad49-f688073730bd.muat.tsv	Stomach-AdenoCA	21
f50fb278-1f0f-406e-b341-eb3d1b97afe6.muat.tsv	Stomach-AdenoCA	21
feccee20-a62d-4152-b832-b9fdaca87a61.muat.tsv	Stomach-AdenoCA	21
ffb4f42b-58e9-40c3-8963-11804f041375.muat.tsv	Stomach-AdenoCA	21
007aab66-2f07-459d-8952-3041d6ea24a8.muat.tsv	Thy-AdenoCA	22
0567d3e6-6278-4d0a-81ae-c084d73c6dd3.muat.tsv	Thy-AdenoCA	22
0c18a8b7-bad1-4aa4-a6df-472f89d9761c.muat.tsv	Thy-AdenoCA	22
13642cf8-9840-4a7d-a26a-95f65b2c70c3.muat.tsv	Thy-AdenoCA	22
15abb2a3-10a2-4e04-8eb9-6eadbd976af0.muat.tsv	Thy-AdenoCA	22
178d0486-cb0d-4979-8bdf-bb3fe99149bd.muat.tsv	Thy-AdenoCA	22
17a66d24-de77-4f2a-a8ad-d2c6a69e7671.muat.tsv	Thy-AdenoCA	22
19233fd1-5229-466e-acf3-5882165758e0.muat.tsv	Thy-AdenoCA	22
1924d200-6929-4eef-8a7f-317f8fbab915.muat.tsv	Thy-AdenoCA	22
1bbb522d-e224-4b3f-9e10-3a47d06b2b05.muat.tsv	Thy-AdenoCA	22
1d97ba51-d981-4986-9f71-c2b6cb9961c3.muat.tsv	Thy-AdenoCA	22
29578759-9ccb-4a24-b5b8-c45ebd4339d9.muat.tsv	Thy-AdenoCA	22
2dd5eea1-42a1-4e8b-99ac-20399cc7e15c.muat.tsv	Thy-AdenoCA	22
2dfe70fd-2650-49c0-b6eb-67df585d063b.muat.tsv	Thy-AdenoCA	22
3f039593-91d1-43cb-a06b-41e92f7e8d20.muat.tsv	Thy-AdenoCA	22
473fe833-fcc6-485e-93d2-95e662c3ef53.muat.tsv	Thy-AdenoCA	22
4bae2f08-da75-4991-acb8-5ba9912f9131.muat.tsv	Thy-AdenoCA	22
54426b1a-e0d3-4d8e-9e81-2d8e6b153b22.muat.tsv	Thy-AdenoCA	22
546b97b0-ab82-42a1-bbd2-241523278ec3.muat.tsv	Thy-AdenoCA	22
565e656c-d5e3-4fe4-a10c-2e9ca1e498b5.muat.tsv	Thy-AdenoCA	22
5c02d399-07af-4573-a568-bc1b256bc8f8.muat.tsv	Thy-AdenoCA	22
5deeaa45-4c1b-4ab2-a487-93c548838f68.muat.tsv	Thy-AdenoCA	22
62fceb56-8c6e-4d20-9d2f-5b7042854d23.muat.tsv	Thy-AdenoCA	22
63ea274b-d42b-4787-9c54-8ee95ea376ec.muat.tsv	Thy-AdenoCA	22
64a17d5b-8f40-4ccf-8f2f-e68c5fe6b1ff.muat.tsv	Thy-AdenoCA	22
64c2e6a0-2341-49c4-a6dd-656e7bb505dd.muat.tsv	Thy-AdenoCA	22
66eb4833-1b87-4fd9-a53d-26dc7ad6de29.muat.tsv	Thy-AdenoCA	22
77ebe6d2-6537-49d3-849d-fe93e2cf52af.muat.tsv	Thy-AdenoCA	22
79133e29-ba0b-4e2f-a6d9-bf294c5144f0.muat.tsv	Thy-AdenoCA	22
7dfcfe29-3900-4d7b-8067-60c51584b0b1.muat.tsv	Thy-AdenoCA	22
8845fce6-e2b4-4929-942b-57096b0bbafc.muat.tsv	Thy-AdenoCA	22
90883300-d4b6-45d7-af9a-4e4ce4104500.muat.tsv	Thy-AdenoCA	22
a9c29edd-2ef1-46ef-93c6-796cf0332a2b.muat.tsv	Thy-AdenoCA	22
ad874249-9964-4e48-aa3f-7e828ea28f3f.muat.tsv	Thy-AdenoCA	22
add0b0f6-b4a8-4b73-b634-c3600dc567d5.muat.tsv	Thy-AdenoCA	22
b1753e9c-29d0-4955-89d2-949cdabd1211.muat.tsv	Thy-AdenoCA	22
b8cd6882-be27-4742-bc63-3227d31bf704.muat.tsv	Thy-AdenoCA	22
c8381701-31cb-465a-bdf2-1b8132be7a14.muat.tsv	Thy-AdenoCA	22
d692ecd0-2433-426b-9af2-a30c44a80f7c.muat.tsv	Thy-AdenoCA	22
dbacc1ad-c88a-4bcf-a45f-e9c83c762164.muat.tsv	Thy-AdenoCA	22
e7335a24-e5fc-4558-9eba-511c5a802320.muat.tsv	Thy-AdenoCA	22
fa837b4d-55a7-4dcf-9fdf-cf9c13644df7.muat.tsv	Thy-AdenoCA	22
fc812906-d3b6-4210-a842-96f095280cbf.muat.tsv	Thy-AdenoCA	22
00db4dc2-3ec7-4ff9-9233-d69c8c8a607f.muat.tsv	Uterus-AdenoCA	23
0385961e-ea99-40b2-ad79-6872bc30d8a1.muat.tsv	Uterus-AdenoCA	23
0c39c03a-ec84-42c6-be69-8e98bc7a9f5a.muat.tsv	Uterus-AdenoCA	23
105a51c4-cc7e-4d0f-9cf8-e4d64a31d14d.muat.tsv	Uterus-AdenoCA	23
19c1c97f-a3ec-44a8-8a20-6f97caed1a4f.muat.tsv	Uterus-AdenoCA	23
19def402-fb8d-4b27-90dd-ce9135a3c0a2.muat.tsv	Uterus-AdenoCA	23
23cc70c4-b744-4fa0-a0de-b25c0fdf212f.muat.tsv	Uterus-AdenoCA	23
2b78de4e-4c8b-4adf-a058-3dae797e7881.muat.tsv	Uterus-AdenoCA	23
31bc44b9-35ff-43fd-8a01-a834f3b1ce46.muat.tsv	Uterus-AdenoCA	23
42de1441-6f3c-4b4d-b8b8-ad91e4b1dbe2.muat.tsv	Uterus-AdenoCA	23
460f7427-ebcf-404b-9e9e-e0278d0bca95.muat.tsv	Uterus-AdenoCA	23
493e7008-551c-4c0e-b567-a0f31868629e.muat.tsv	Uterus-AdenoCA	23
554b9439-7e11-43ec-8bc3-448c59100b9e.muat.tsv	Uterus-AdenoCA	23
577d5c9e-fbda-41d5-b0b3-cdb733453ea5.muat.tsv	Uterus-AdenoCA	23
638e80c7-9a6e-4a32-a621-fc4168e72343.muat.tsv	Uterus-AdenoCA	23
65f9a820-f026-4a10-8bb7-1fbc3b38321e.muat.tsv	Uterus-AdenoCA	23
6e599fcc-d79a-4e0f-b451-c20768c989f9.muat.tsv	Uterus-AdenoCA	23
712ba532-fb1a-43fa-a356-b446b509ceb7.muat.tsv	Uterus-AdenoCA	23
7364a112-61b9-41c6-b85f-18c97c54cefd.muat.tsv	Uterus-AdenoCA	23
82be6087-a491-42d4-9b48-6a10d1bace18.muat.tsv	Uterus-AdenoCA	23
82d2ea5f-ebdc-4907-a287-fe837fd6b59c.muat.tsv	Uterus-AdenoCA	23
8d4cb709-c95c-4bdc-844b-c0bfa2a3028e.muat.tsv	Uterus-AdenoCA	23
92126163-00c3-41f2-9ce6-7aad5f621407.muat.tsv	Uterus-AdenoCA	23
950486ad-14f8-480a-b079-9cc3cd842090.muat.tsv	Uterus-AdenoCA	23
95e8d38a-122e-494c-a304-bef4275fed7e.muat.tsv	Uterus-AdenoCA	23
96f337d2-cec4-4484-87cd-ab2109d2bf50.muat.tsv	Uterus-AdenoCA	23
99696731-c88f-427b-975b-1d90013e63ff.muat.tsv	Uterus-AdenoCA	23
9d2671b9-bd30-4e3c-aa74-01e31dd2531e.muat.tsv	Uterus-AdenoCA	23
a0e317b1-3f3b-4d25-b2d9-fcc2211dfda3.muat.tsv	Uterus-AdenoCA	23
accfc45b-eae0-4991-a488-e217cdb46655.muat.tsv	Uterus-AdenoCA	23
af96db5a-684f-41d1-a910-5a5193393d9c.muat.tsv	Uterus-AdenoCA	23
b38d0777-4901-48b8-9cdc-33b7f13a424f.muat.tsv	Uterus-AdenoCA	23
b77084ab-8148-49e0-b3f9-90f7d9ea1862.muat.tsv	Uterus-AdenoCA	23
bcf858fd-cc3b-4fde-ab10-eb96216f4366.muat.tsv	Uterus-AdenoCA	23
c082dc34-457e-40ec-8258-e11e8ed362c2.muat.tsv	Uterus-AdenoCA	23
c75cc75a-7496-420f-b526-ea63c77e9839.muat.tsv	Uterus-AdenoCA	23
cc19a480-9c66-4ee8-a0c0-921acac02689.muat.tsv	Uterus-AdenoCA	23
d12cfd8b-682d-41df-acf8-ee7f68a6241c.muat.tsv	Uterus-AdenoCA	23
dec775c5-7d9a-4dc5-b399-dc4b7ba49d73.muat.tsv	Uterus-AdenoCA	23
e7d74d34-3255-4c20-90fd-b105e6e229c8.muat.tsv	Uterus-AdenoCA	23
eae45fbe-9f7d-4f59-a0a9-1f0f0d69afc4.muat.tsv	Uterus-AdenoCA	23
ec31e921-0782-4f77-ac23-4190af1e61ee.muat.tsv	Uterus-AdenoCA	23
ed32c725-08ae-48eb-8fa2-719b9aeb7550.muat.tsv	Uterus-AdenoCA	23
f7187888-f261-4a39-99b4-966fd7207117.muat.tsv	Uterus-AdenoCA	23
f7dcc2e4-1fc4-4b39-bc6a-720e66116d68.muat.tsv	Uterus-AdenoCA	23
fd504153-3cf6-44b9-99d5-21961ebac188.muat.tsv	Uterus-AdenoCA	23
f848b66f-bd9e-4fba-afd4-eb58848d1ef4.muat.tsv	Breast-AdenoCA	1
a876398c-5b1d-444f-a360-5fe2db697480.muat.tsv	Breast-AdenoCA	1
