prep_path	class_name	class_index
0554ffe5-31f7-43f5-8372-2b73c9cf3527.muat.tsv	Panc-AdenoCA	12
15895218-c623-11e3-bf01-24c6515278c0.muat.tsv	Liver-HCC	7
54319e3d-c28f-4ba1-9c87-299d303e4de3.muat.tsv	Prost-AdenoCA	14
140d5fa9-afbe-444e-a7e7-6a4cb4ab2923.muat.tsv	Lymph-BNHL	8
880e6970-0131-4966-b13e-8614d33f0df7.muat.tsv	CNS-Medullo	2
6e776415-ddf4-4060-953f-08ef22441234.muat.tsv	Panc-Endocrine	13
ee8ba991-8c96-476e-b096-49f3aaaffc2f.muat.tsv	Panc-AdenoCA	12
4cbe411b-b05e-46bd-bea8-126289a0866c.muat.tsv	Panc-AdenoCA	12
654dba9f-cfe5-4121-97c7-868613cdef53.muat.tsv	Panc-AdenoCA	12
221d0290-c623-11e3-bf01-24c6515278c0.muat.tsv	Liver-HCC	7
9df57388-7de1-4c90-910e-ef63a246dff1.muat.tsv	Panc-AdenoCA	12
8b0c4c91-2d07-4a9b-97a1-d2bda003437e.muat.tsv	Liver-HCC	7
fc447d51-cdc2-a180-e040-11ac0c4846a4.muat.tsv	Breast-AdenoCA	1
f047cb85-8f88-45d5-83c3-0416c9f3fff7.muat.tsv	Lymph-BNHL	8
7cb71498-6ada-43c6-912b-bad4f93cf580.muat.tsv	Panc-AdenoCA	12
f8fb791c-08b4-b6e1-e040-11ac0d4868f3.muat.tsv	Myeloid-MPN	10
0624eb1d-3aff-4037-a3c5-fc363a9edd02.muat.tsv	CNS-Medullo	2
82b8cda8-fbff-455e-b0db-7ff6528bd6c8.muat.tsv	Lymph-BNHL	8
906f6f1e-569d-4ce2-9273-1f305782f77f.muat.tsv	CNS-Medullo	2
7ccee959-1e87-4a39-b6b3-840ddcb94995.muat.tsv	Panc-AdenoCA	12
ebc1a26b-9582-4756-acd5-b02d1152319d.muat.tsv	Lymph-CLL	9
96ba50eb-3c12-41ad-ac7b-d23b2001fe44.muat.tsv	Panc-AdenoCA	12
1d325d84-a3a0-4802-9842-76cb21cecb1c.muat.tsv	Kidney-RCC	6
4d121008-0987-4142-a2b8-7dac58f3110a.muat.tsv	CNS-Medullo	2
fc8130df-90ba-5d94-e040-11ac0d485e0c.muat.tsv	Breast-AdenoCA	1
681e2301-2057-40e4-ab63-934775d63faa.muat.tsv	Skin-Melanoma	15
f7702c0c-9636-4700-a8ae-7a58afd9fa71.muat.tsv	Panc-AdenoCA	12
71ef8379-03a0-4b81-92c9-1ba666fe4d7a.muat.tsv	Panc-AdenoCA	12
68956108-2606-4696-b038-462b6c432398.muat.tsv	CNS-Medullo	2
5255d645-d3d2-422e-8449-046cd21f4935.muat.tsv	Panc-AdenoCA	12
d884d070-6077-4155-9978-76aca7ba1e76.muat.tsv	CNS-PiloAstro	3
fc813235-5ed8-7695-e040-11ac0d485e3e.muat.tsv	Breast-AdenoCA	1
a5346247-3f30-470a-b4ab-732180786291.muat.tsv	Panc-AdenoCA	12
96abdbc8-c622-11e3-bf01-24c6515278c0.muat.tsv	Liver-HCC	7
7866dfb2-46b3-42b4-905b-12f80593d6bd.muat.tsv	Eso-AdenoCA	4
fb74cca4-ac9c-4be0-80e3-e71592f96aae.muat.tsv	Lymph-CLL	9
fc8130e0-a94d-d9d0-e040-11ac0c483262.muat.tsv	Breast-AdenoCA	1
7a4f6014-f7a2-459b-bc43-df164e73cbba.muat.tsv	Eso-AdenoCA	4
6dbac113-d4cf-4db5-97c9-50fa400bb47e.muat.tsv	Stomach-AdenoCA	16
8c4038b6-c02a-46db-9514-c13b88d9bf48.muat.tsv	Lymph-CLL	9
f9dc999f-6dde-448d-9cf1-2897ddcf7b0b.muat.tsv	Lymph-BNHL	8
6551ec26-4166-4d4f-bee2-444ea2466978.muat.tsv	CNS-Medullo	2
5fa88c3a-dbc1-43f2-82b2-e0592f35ce57.muat.tsv	CNS-Medullo	2
5187e77d-f412-4303-8049-11d1aa1a0235.muat.tsv	Panc-AdenoCA	12
3c2b1509-1eb9-4b79-9569-57810f291499.muat.tsv	Ovary-AdenoCA	11
fce8d8c6-f2a0-43a8-9a7a-b9c519a6686c.muat.tsv	Lymph-BNHL	8
b2190e26-1809-4aba-9f45-07c2edb3b4a4.muat.tsv	Lymph-BNHL	8
0bafd9ae-64b3-492d-a6fd-12aa8edefcbe.muat.tsv	Panc-Endocrine	13
f845ebba-8c56-b559-e040-11ac0c4863d5.muat.tsv	Bone-Osteosarc	0
0bfd1068-3fd3-a95b-e050-11ac0c4860c3.muat.tsv	Prost-AdenoCA	14
8a9359de-b0ad-4a2d-a543-e3b982697db9.muat.tsv	Prost-AdenoCA	14
44e4f08a-c623-11e3-bf01-24c6515278c0.muat.tsv	Liver-HCC	7
3166f1ae-678d-42ae-9d44-d3d25d6860c7.muat.tsv	CNS-Medullo	2
f85397dc-e6e9-4f54-e040-11ac0d48706c.muat.tsv	Bone-Osteosarc	0
5bb37ffc-c623-11e3-bf01-24c6515278c0.muat.tsv	Liver-HCC	7
874f64e9-8a0d-4f88-92c4-7e831842b1d1.muat.tsv	Lymph-BNHL	8
1be81ade-7ad6-4e7e-90d0-f986b3fb0a25.muat.tsv	Prost-AdenoCA	14
fab0be4b-c84a-45cd-a76f-44d9a8bf1846.muat.tsv	Eso-AdenoCA	4
f4ada7a2-c4ac-4f89-ada7-4645861002cb.muat.tsv	Panc-AdenoCA	12
da10f77f-4414-4125-b359-de596421cca6.muat.tsv	CNS-PiloAstro	3
9c27fedd-b1b3-4af0-9e9b-20271854db08.muat.tsv	Lymph-BNHL	8
3baecfba-6977-4374-8bc9-22240abad9b5.muat.tsv	CNS-PiloAstro	3
f9c4e06c-e8a6-613b-e040-11ac0d4828ba.muat.tsv	Prost-AdenoCA	14
f83fc777-5416-c3e9-e040-11ac0d482c8e.muat.tsv	Bone-Osteosarc	0
43bf37e0-3dbc-4360-818c-fc1356d77495.muat.tsv	CNS-PiloAstro	3
9258860c-a336-4075-996d-2ee0c18b281c.muat.tsv	Eso-AdenoCA	4
f866123a-9eb0-e856-e040-11ac0c48717e.muat.tsv	Bone-Osteosarc	0
324adcfa-3fba-45b9-99f0-9d41c0c54d79.muat.tsv	CNS-Medullo	2
958d4d1d-25e2-43f2-a18b-59b2c66f0c05.muat.tsv	Panc-Endocrine	13
55c82198-5be6-4cc5-b5b3-b707af234107.muat.tsv	Lymph-CLL	9
fc8130e3-023d-c7d4-e040-11ac0c483295.muat.tsv	Breast-AdenoCA	1
9ba2c970-c622-11e3-bf01-24c6515278c0.muat.tsv	Liver-HCC	7
fc8130e0-08dd-b996-e040-11ac0c48327b.muat.tsv	Breast-AdenoCA	1
f54d6b6f-3bc2-41dd-81d0-74cf9e1e90e9.muat.tsv	CNS-PiloAstro	3
f8e61a06-42fa-e42c-e040-11ac0d481b72.muat.tsv	Myeloid-MPN	10
c8f64a71-e545-4eb6-9da3-2d43ae0c2627.muat.tsv	Kidney-RCC	6
63fef3fe-c622-11e3-bf01-24c6515278c0.muat.tsv	Liver-HCC	7
14f41457-25c3-4979-8515-4f33322039a5.muat.tsv	CNS-Medullo	2
7981bbf3-dceb-4d89-900c-555967e97921.muat.tsv	Panc-AdenoCA	12
77c022d3-2f29-49d3-a1df-cc2e9407fd7f.muat.tsv	Eso-AdenoCA	4
74db46a8-a499-4951-af33-1d53b7d1c9b4.muat.tsv	Prost-AdenoCA	14
f91a9af2-7909-099e-e040-11ac0c484205.muat.tsv	Myeloid-MPN	10
7f7e007e-4b06-4328-b116-6dcdb2ad8181.muat.tsv	Lymph-CLL	9
56d4ea48-c623-11e3-bf01-24c6515278c0.muat.tsv	Liver-HCC	7
b421b9ca-c622-11e3-bf01-24c6515278c0.muat.tsv	Liver-HCC	7
c9e7c629-7b57-4ede-b315-0cea8c97c48e.muat.tsv	Panc-AdenoCA	12
0e7f46ca-6f5c-4538-b6d6-00af65d57fcf.muat.tsv	Lymph-BNHL	8
f064f762-c622-11e3-bf01-24c6515278c0.muat.tsv	Liver-HCC	7
90b3c237-29a4-48b3-90b3-9f2c0ccb5928.muat.tsv	Panc-AdenoCA	12
cd2a045b-fbde-49c6-8be6-c0e3ecee246f.muat.tsv	CNS-Medullo	2
d4c6061b-5019-4564-806d-4e75910a4690.muat.tsv	Kidney-RCC	6
561fd34c-7c7d-4df0-bbfc-3d31147ca562.muat.tsv	Skin-Melanoma	15
068f4f69-d2fe-4f25-912e-ca7d4623efb6.muat.tsv	Lymph-BNHL	8
db37739d-af50-4e63-9147-1a7d25630ac6.muat.tsv	Prost-AdenoCA	14
8404ef5b-7a64-47fe-98f9-3f63619d2d99.muat.tsv	CNS-Medullo	2
f8e61a02-8c9e-aaee-e040-11ac0d481b6a.muat.tsv	Myeloid-MPN	10
3933c60d-73d6-4f74-ae02-fd545fc1f092.muat.tsv	Panc-AdenoCA	12
9cdb1905-8b0f-48bd-ba37-11e7ac9646a0.muat.tsv	Prost-AdenoCA	14
fc447d56-0d53-e0c3-e040-11ac0c4846a8.muat.tsv	Breast-AdenoCA	1
f938b6f4-a457-c624-e040-11ac0c486fad.muat.tsv	Myeloid-MPN	10
fe96d91c-3686-4125-af71-b8703a011ad4.muat.tsv	Panc-AdenoCA	12
fc8130df-6860-7677-e040-11ac0d485ddc.muat.tsv	Breast-AdenoCA	1
ec646623-6d33-4fbd-888e-89f55d82eb11.muat.tsv	Panc-AdenoCA	12
26de406e-c623-11e3-bf01-24c6515278c0.muat.tsv	Liver-HCC	7
cc6ab103-f07c-4b80-8c8e-cddc8a4da02e.muat.tsv	CNS-Medullo	2
09e1fe3e-bfd8-4175-ac42-0e1bf0ba5523.muat.tsv	Panc-AdenoCA	12
469eddf2-6e02-46bf-820f-6296a2b776e2.muat.tsv	Head-SCC	5
7e036d40-b669-4929-a1e2-c4736e01a473.muat.tsv	Stomach-AdenoCA	16
53e6a756-bdcc-4217-afe7-27d776159544.muat.tsv	Panc-AdenoCA	12
141918cd-3e23-45bc-96e1-b208c80f69e7.muat.tsv	Kidney-RCC	6
fa9996c3-b874-4424-a5a6-f1c7c0f42b9b.muat.tsv	Lymph-CLL	9
8fa9575b-b2c9-4bd7-8da1-3c2cdf0e39f6.muat.tsv	Lymph-CLL	9
87e0b332-60f3-4d59-8c4e-691a820c9ee1.muat.tsv	Kidney-RCC	6
9ec31146-c622-11e3-bf01-24c6515278c0.muat.tsv	Liver-HCC	7
0c0038ff-6cc8-b0b0-e050-11ac0d483d73.muat.tsv	Prost-AdenoCA	14
a2034620-e4b5-4d4f-ac05-7fc1c098eb40.muat.tsv	Kidney-RCC	6
b8068cbb-4523-4ac9-ab17-edd4eb0e2975.muat.tsv	Panc-Endocrine	13
351db483-a70e-496d-b70a-7449875121ee.muat.tsv	Skin-Melanoma	15
fc8130df-e399-e34d-e040-11ac0c483279.muat.tsv	Breast-AdenoCA	1
c00d925a-ca4d-4561-a8f2-d4542f218086.muat.tsv	Lymph-CLL	9
b75b2663-dcc6-411c-bfcc-574aa33cf388.muat.tsv	Ovary-AdenoCA	11
27847313-3b1e-47f2-84f1-acadaf265cf3.muat.tsv	CNS-Medullo	2
cc7bba1d-8990-4557-a565-9cff1085f023.muat.tsv	Lymph-BNHL	8
cc7af465-22ed-485d-a78c-282b840bf7c9.muat.tsv	Panc-AdenoCA	12
f82d213f-9ba5-7b6b-e040-11ac0c486882.muat.tsv	Bone-Osteosarc	0
1d91f9c7-67ba-4606-9f0a-01ec6fc08262.muat.tsv	Prost-AdenoCA	14
384ef419-ee94-4563-9237-236fddeb4b64.muat.tsv	Eso-AdenoCA	4
d182b67c-c622-11e3-bf01-24c6515278c0.muat.tsv	Liver-HCC	7
f640d377-98e9-41d3-8761-61eb33072c65.muat.tsv	Prost-AdenoCA	14
06018aae-1107-4899-bd24-14e6b1f94709.muat.tsv	CNS-PiloAstro	3
de99a4de-e916-4572-ac9e-73e341827229.muat.tsv	Lymph-CLL	9
d17c2123-d262-43f4-9d06-3547f991cde7.muat.tsv	CNS-Medullo	2
b55751c4-c622-11e3-bf01-24c6515278c0.muat.tsv	Liver-HCC	7
b061cb06-e927-4f24-82bb-9e651f7ae0e3.muat.tsv	CNS-Medullo	2
2c9c50ff-01d9-4703-931b-04119178706f.muat.tsv	Prost-AdenoCA	14
ffad9288-c622-11e3-bf01-24c6515278c0.muat.tsv	Liver-HCC	7
887616c5-06a7-4e83-948c-3546202349fb.muat.tsv	Prost-AdenoCA	14
6dc43234-4f07-4c53-8b07-8d78d9dbad3b.muat.tsv	Panc-Endocrine	13
1d1eeba2-4d7b-4380-b0b6-26d246bc4158.muat.tsv	Lymph-BNHL	8
f7f66114-e321-1d4c-e040-11ac0d48541a.muat.tsv	Breast-AdenoCA	1
c6224ab0-74f5-4f0a-9fe0-c083f806c853.muat.tsv	CNS-Medullo	2
77bf9514-88da-473b-9a91-f669ef3cd343.muat.tsv	Liver-HCC	7
fc8130df-8ec8-5b1e-e040-11ac0d485e06.muat.tsv	Breast-AdenoCA	1
c021b61c-c622-11e3-bf01-24c6515278c0.muat.tsv	Liver-HCC	7
50515723-b495-42a9-8750-e3da288bf6a3.muat.tsv	Kidney-RCC	6
e9445993-854d-44fc-a063-eacf70222fdf.muat.tsv	Liver-HCC	7
a4beedc3-0e96-4e1c-90b4-3674dfc01786.muat.tsv	Panc-Endocrine	13
42e92d78-c623-11e3-bf01-24c6515278c0.muat.tsv	Liver-HCC	7
72f82fbd-9838-4082-b605-bc3d80226f16.muat.tsv	Panc-AdenoCA	12
f8407106-8a96-8f85-e040-11ac0d481656.muat.tsv	Bone-Osteosarc	0
b04624d2-d8f8-4b51-be1b-72c73d8055f9.muat.tsv	Panc-AdenoCA	12
d2620dab-4319-499a-b8f1-9575aaf8f4f3.muat.tsv	Skin-Melanoma	15
fe083d2d-d088-4ac1-825b-8c5bbfe974ac.muat.tsv	Prost-AdenoCA	14
f91d1645-9b68-edbb-e040-11ac0c4854d8.muat.tsv	Myeloid-MPN	10
0fc63b79-7fff-441d-88fc-922d53c787ab.muat.tsv	Panc-AdenoCA	12
f0768c67-f38c-40a8-8f27-81a927fb5dca.muat.tsv	Liver-HCC	7
f8e61a02-8c03-ad45-e040-11ac0d481b62.muat.tsv	Myeloid-MPN	10
5f94cb62-4019-47ff-bf6a-eeda8e9e033c.muat.tsv	Panc-AdenoCA	12
ffa976f0-aa60-4867-842e-361afa7d68ac.muat.tsv	Lymph-CLL	9
7eb0f792-858f-45d1-a908-125b02ea1506.muat.tsv	Stomach-AdenoCA	16
f937fc8b-6fa7-12fd-e040-11ac0d4850f9.muat.tsv	Myeloid-MPN	10
8fc11cb6-9d79-41c3-bb45-0dadda890e8d.muat.tsv	Lymph-BNHL	8
66290cc6-1f1f-4a0b-83d1-423952da4840.muat.tsv	Panc-AdenoCA	12
513bafce-375c-49b0-ae75-6c607abd05d8.muat.tsv	Lymph-CLL	9
e2b09705-c5c8-48ee-a90e-19648a7bf2cb.muat.tsv	Lymph-BNHL	8
35f82a33-bde2-47e2-8aba-ff1fd5920219.muat.tsv	Liver-HCC	7
f8f0a423-1a3e-4fcc-e040-11ac0c481cb6.muat.tsv	Myeloid-MPN	10
1fdab6a6-7346-4229-aa8d-5dbd258f0c60.muat.tsv	Head-SCC	5
005e85a3-3571-462d-8dc9-2babfc7ace21.muat.tsv	Prost-AdenoCA	14
49795e42-c623-11e3-bf01-24c6515278c0.muat.tsv	Liver-HCC	7
32fa6457-c8bd-4d26-8106-925baf13df68.muat.tsv	Panc-AdenoCA	12
70c2f91e-c622-11e3-bf01-24c6515278c0.muat.tsv	Liver-HCC	7
67a2e34f-454e-4253-8f22-262fc74d312c.muat.tsv	CNS-PiloAstro	3
1f5e70c1-c5de-49e7-941a-46e11a4f4416.muat.tsv	Prost-AdenoCA	14
acd510de-b732-4a1a-8b72-6d22e763540b.muat.tsv	Ovary-AdenoCA	11
ea351a5c-2982-4499-b631-c003deff7d33.muat.tsv	CNS-PiloAstro	3
9321341c-c622-11e3-bf01-24c6515278c0.muat.tsv	Liver-HCC	7
63faa59e-6649-412e-823a-338d0662ec72.muat.tsv	Prost-AdenoCA	14
7eac4710-c622-11e3-bf01-24c6515278c0.muat.tsv	Liver-HCC	7
0bfd1043-7343-fdd0-e050-11ac0c484cab.muat.tsv	Prost-AdenoCA	14
982b58c4-02b3-4e7d-8af0-4b133d0c7e50.muat.tsv	Prost-AdenoCA	14
5beafbbb-4613-4bab-977a-11c865e13a84.muat.tsv	CNS-Medullo	2
dc4ba4bc-6333-4fe9-8805-e058cc9e6e18.muat.tsv	Panc-Endocrine	13
0bfd1068-3fe1-a95b-e050-11ac0c4860c3.muat.tsv	Prost-AdenoCA	14
2b36ac4b-eed3-4591-8b4f-b44049dfc5ed.muat.tsv	Lymph-BNHL	8
0168a2a6-c3af-4d58-a51c-d33f0fc7876d.muat.tsv	Kidney-RCC	6
a13ee768-1423-4fcc-b663-caaf6694acb3.muat.tsv	CNS-PiloAstro	3
aa2654f4-94f9-487a-b415-85df69261161.muat.tsv	CNS-PiloAstro	3
fc8130df-2e39-3814-e040-11ac0d485de0.muat.tsv	Breast-AdenoCA	1
9e842227-2bc6-4185-bedb-abeb03836b51.muat.tsv	Lymph-BNHL	8
e63fac5a-cc48-4ab4-b69d-3f0be6ad684d.muat.tsv	CNS-PiloAstro	3
b1d2457d-3267-46ba-9fdf-663985e60538.muat.tsv	CNS-PiloAstro	3
89f34810-19c6-47bc-981d-98498b013686.muat.tsv	CNS-PiloAstro	3
c13fb736-614c-4d5f-83bf-2d7586f4fb53.muat.tsv	Panc-AdenoCA	12
7f9382a5-f6da-4fe8-93ad-6adc91f508fa.muat.tsv	CNS-PiloAstro	3
3e68233a-c623-11e3-bf01-24c6515278c0.muat.tsv	Liver-HCC	7
108b67d4-5d66-46da-8675-6acae643b76f.muat.tsv	Prost-AdenoCA	14
3c78970e-c622-11e3-bf01-24c6515278c0.muat.tsv	Liver-HCC	7
43206cb7-787d-4f68-8019-55e8585c4b4d.muat.tsv	Liver-HCC	7
63762458-902a-4329-a823-703b54cb5f9d.muat.tsv	Skin-Melanoma	15
7243992d-0763-4b75-8066-e8e5309d0193.muat.tsv	Panc-Endocrine	13
e93b0979-65ef-4883-9b6e-39eb17966e66.muat.tsv	Eso-AdenoCA	4
fc447d55-95d8-0b34-e040-11ac0d483afa.muat.tsv	Breast-AdenoCA	1
532259b8-c622-11e3-bf01-24c6515278c0.muat.tsv	Liver-HCC	7
7410c00d-ed0b-48dc-a4bf-eb76ac613980.muat.tsv	Panc-AdenoCA	12
f393bb08-4121-cad8-e040-11ac0d484535.muat.tsv	Breast-AdenoCA	1
3da169e8-844a-4eee-b794-a2eb81db779a.muat.tsv	Eso-AdenoCA	4
5714b52d-7048-41b5-8141-bf42d960abe4.muat.tsv	CNS-PiloAstro	3
eda1d8d9-e8f5-46f2-bb16-15d0b10c2cf9.muat.tsv	Stomach-AdenoCA	16
0bfd1068-3fc5-a95b-e050-11ac0c4860c3.muat.tsv	Prost-AdenoCA	14
da1ed4b9-f428-48aa-834d-1d9673999044.muat.tsv	Panc-AdenoCA	12
fca04929-586a-0594-e040-11ac0c48099d.muat.tsv	Prost-AdenoCA	14
2828e5e6-c623-11e3-bf01-24c6515278c0.muat.tsv	Liver-HCC	7
2660825c-68f0-4631-948e-6da158edbe9e.muat.tsv	Panc-Endocrine	13
4d690424-b015-46ae-885d-aa6d9031f66f.muat.tsv	CNS-Medullo	2
bbdd7393-024b-4073-b5bc-ef7a68c15b8a.muat.tsv	Panc-AdenoCA	12
b27b569a-2c79-4453-8a2d-41fd0b4dd28d.muat.tsv	Panc-Endocrine	13
cdf045a6-ab6a-4dc5-b0b0-d72fbb26b0bb.muat.tsv	Kidney-RCC	6
687baf0b-aed9-4ab2-adb6-556a1d177a24.muat.tsv	Lymph-BNHL	8
e4aaca83-3ae9-47f6-a975-c144767ad705.muat.tsv	Ovary-AdenoCA	11
fc9f998b-cc72-f6ea-e040-11ac0c482425.muat.tsv	Prost-AdenoCA	14
08b5d0e4-4661-460e-a9f7-f2e687414711.muat.tsv	Skin-Melanoma	15
fc8130df-297f-34a3-e040-11ac0d485e02.muat.tsv	Breast-AdenoCA	1
78bd2aa8-e5f6-4b4b-96f0-d406fbdbcee8.muat.tsv	Lymph-BNHL	8
20e02396-e676-412d-9724-44a428919cdb.muat.tsv	Skin-Melanoma	15
8c0a7dfa-6ec3-4262-b718-c3605722df37.muat.tsv	Prost-AdenoCA	14
fc8130df-6bec-7627-e040-11ac0d485e04.muat.tsv	Breast-AdenoCA	1
8888e808-594b-4c76-b2e4-62aa56736f7c.muat.tsv	Ovary-AdenoCA	11
8cbd1752-7eea-46d3-8623-09e96dfb1fdf.muat.tsv	Panc-Endocrine	13
f9c1df10-25b8-c8ae-e040-11ac0d486375.muat.tsv	Prost-AdenoCA	14
d0f4dd92-a63b-4766-8889-5327fca1bd91.muat.tsv	Prost-AdenoCA	14
cf777ef1-765f-4828-b789-f5aa6722eb35.muat.tsv	Liver-HCC	7
e541b5b9-546d-47bc-acd6-4006ce0eec1d.muat.tsv	Panc-Endocrine	13
9c399826-087f-44b9-98c0-bd881646b0f4.muat.tsv	Panc-AdenoCA	12
0bfd1068-3fd8-a95b-e050-11ac0c4860c3.muat.tsv	Prost-AdenoCA	14
9563a264-c622-11e3-bf01-24c6515278c0.muat.tsv	Liver-HCC	7
f9c650e7-9053-78eb-e040-11ac0d4874bb.muat.tsv	Prost-AdenoCA	14
64623aaa-a274-4baa-8b71-958d9c8df733.muat.tsv	Eso-AdenoCA	4
48624a82-c623-11e3-bf01-24c6515278c0.muat.tsv	Liver-HCC	7
65be412d-46c3-4cbf-9b46-b35351e53065.muat.tsv	Stomach-AdenoCA	16
3a18aa52-b6e2-4d03-ad05-ef99d653f0e0.muat.tsv	Eso-AdenoCA	4
1c1c6494-c623-11e3-bf01-24c6515278c0.muat.tsv	Liver-HCC	7
eb588266-c622-11e3-bf01-24c6515278c0.muat.tsv	Liver-HCC	7
cc792058-c622-11e3-bf01-24c6515278c0.muat.tsv	Liver-HCC	7
72b62805-76f9-476a-b876-a781e69a2c90.muat.tsv	CNS-Medullo	2
0bfe2ac9-0aff-c248-e050-11ac0d487e1c.muat.tsv	Prost-AdenoCA	14
a319188c-6b80-4228-8f2b-8f423c0fcf97.muat.tsv	Prost-AdenoCA	14
83d57c5c-c622-11e3-bf01-24c6515278c0.muat.tsv	Liver-HCC	7
fc5dc6d8-62d2-76d8-e040-11ac0d4863c3.muat.tsv	Breast-AdenoCA	1
0040b1b6-b07a-4b6e-90ef-133523eaf412.muat.tsv	Liver-HCC	7
0bfd1068-3fe4-a95b-e050-11ac0c4860c3.muat.tsv	Prost-AdenoCA	14
3e6a17f9-c249-41b6-ba49-55aaa39d21c5.muat.tsv	Eso-AdenoCA	4
122bf0a9-8052-49da-a9d7-0e5de9ab7032.muat.tsv	Prost-AdenoCA	14
718c5a31-6b19-4f68-9fb9-79b0c00d64a5.muat.tsv	CNS-PiloAstro	3
d9338d73-1d5e-4808-91f2-b5a09f7342de.muat.tsv	CNS-Medullo	2
f7f3e156-0dde-72b9-e040-11ac0d48542c.muat.tsv	Breast-AdenoCA	1
889fb525-5055-4408-a12e-17f1225c9d29.muat.tsv	CNS-Medullo	2
c298ec82-8305-4c89-898f-268308f782b2.muat.tsv	Kidney-RCC	6
72a27124-24b9-41f7-a065-774fdf5f7d19.muat.tsv	Kidney-RCC	6
3e7ccab5-5b1d-4147-b907-77cab8f0837e.muat.tsv	Lymph-BNHL	8
bdeeb1a6-c622-11e3-bf01-24c6515278c0.muat.tsv	Liver-HCC	7
fc8130df-3225-3f96-e040-11ac0d485dfe.muat.tsv	Breast-AdenoCA	1
01b0848c-ae36-4ade-a3da-d297b003c99f.muat.tsv	Panc-AdenoCA	12
5c775f90-83d4-4c1e-88c2-4e1ed1daa96f.muat.tsv	CNS-Medullo	2
41dba8d1-8aad-474c-a82b-20b28ab818bd.muat.tsv	Lymph-BNHL	8
142b6dbf-c943-4a7d-8ab6-13a975f48d7a.muat.tsv	Skin-Melanoma	15
b5cc4a6d-93a9-497c-a7bb-a5db82edc176.muat.tsv	Panc-Endocrine	13
e99ccc0c-c622-11e3-bf01-24c6515278c0.muat.tsv	Liver-HCC	7
c4c776f8-ee3f-4cce-beb9-8dcf262cdcdf.muat.tsv	CNS-Medullo	2
e07affb1-b6b2-40a4-9c54-0e72f5ea5045.muat.tsv	Panc-Endocrine	13
e04bcdff-3206-4c25-bae9-09f0222b074a.muat.tsv	Skin-Melanoma	15
5fd632ea-085e-4e9b-8dcc-ec94e492d3bf.muat.tsv	Eso-AdenoCA	4
e23c591e-c622-11e3-bf01-24c6515278c0.muat.tsv	Liver-HCC	7
c2ec7f57-8510-4bbf-a2e9-dbd9ce8dcad1.muat.tsv	Ovary-AdenoCA	11
72c22a8c-c622-11e3-bf01-24c6515278c0.muat.tsv	Liver-HCC	7
6c306cbe-c623-11e3-bf01-24c6515278c0.muat.tsv	Liver-HCC	7
55c75a2a-f3d2-4469-9d23-604cf539d548.muat.tsv	CNS-Medullo	2
19aa8223-ee84-4b5c-b11a-6ca2a2680b3c.muat.tsv	CNS-Medullo	2
3935af50-d992-4430-9909-e688347aead9.muat.tsv	CNS-PiloAstro	3
54354d24-c622-11e3-bf01-24c6515278c0.muat.tsv	Liver-HCC	7
bc9b66f5-fcb8-4545-ab2d-438bb810edc0.muat.tsv	Ovary-AdenoCA	11
21e7e43e-f9b1-4351-a6d9-b9cd06d15f68.muat.tsv	Lymph-CLL	9
de4faf55-1bcf-427f-b019-829bb4b64ff1.muat.tsv	Prost-AdenoCA	14
9db994a0-c622-11e3-bf01-24c6515278c0.muat.tsv	Liver-HCC	7
6a0d0c42-1884-4c6a-936a-678a822c0936.muat.tsv	Eso-AdenoCA	4
f82d213f-caa7-fd59-e040-11ac0d483e46.muat.tsv	Bone-Osteosarc	0
a92023de-5c97-4bf2-aa3c-0e768d7c5ece.muat.tsv	Eso-AdenoCA	4
bf24366f-fd91-4d84-8b3d-eed80064250d.muat.tsv	CNS-Medullo	2
94431626-c622-11e3-bf01-24c6515278c0.muat.tsv	Liver-HCC	7
b0f3087b-6f9c-47e9-b487-6726af1cb90b.muat.tsv	Prost-AdenoCA	14
cf6c7066-6611-43ec-aef1-295a976cce5b.muat.tsv	Ovary-AdenoCA	11
0dd39eca-c623-11e3-bf01-24c6515278c0.muat.tsv	Liver-HCC	7
ce85ccf3-6621-4976-b187-2f28d45dd4d9.muat.tsv	Lymph-BNHL	8
a08c196e-4f96-4b16-94b4-aa6a0153ac50.muat.tsv	Eso-AdenoCA	4
d6ee68e5-ceb3-4a63-b3bd-e64fe5398102.muat.tsv	Lymph-BNHL	8
f0f2030e-17fd-4dd9-9104-899e59d72ed8.muat.tsv	Prost-AdenoCA	14
f60007b3-0603-4ad1-8b47-d2d4c4c621e4.muat.tsv	Lymph-BNHL	8
a37a825c-d74e-46cc-92ef-b65016857b4a.muat.tsv	Eso-AdenoCA	4
1cd0acf2-3116-4dfa-a063-0a435b9f6da3.muat.tsv	Skin-Melanoma	15
fca3f7d0-2231-661c-e040-11ac0c4832fd.muat.tsv	Breast-AdenoCA	1
1358ff92-4db9-4e42-b63a-984a7bea425a.muat.tsv	CNS-PiloAstro	3
abe290ed-67c8-42bb-84f7-0d32a5f8f3db.muat.tsv	Eso-AdenoCA	4
0be08326-c623-11e3-bf01-24c6515278c0.muat.tsv	Liver-HCC	7
45d0ccb2-641f-4348-b3a8-61f4113cd85b.muat.tsv	Prost-AdenoCA	14
fc8130df-2d5f-3b53-e040-11ac0d485dee.muat.tsv	Breast-AdenoCA	1
72108583-5320-46ec-945f-5ff173d7dc15.muat.tsv	Skin-Melanoma	15
819b4304-c622-11e3-bf01-24c6515278c0.muat.tsv	Liver-HCC	7
0db9309e-7b95-4ae3-b0ed-dfd4f38d11b0.muat.tsv	CNS-Medullo	2
fc7eb420-5c13-20bd-e040-11ac0d484574.muat.tsv	Breast-AdenoCA	1
52f2d49e-f24d-41d2-9f73-33bd1cc51bba.muat.tsv	CNS-PiloAstro	3
ed52e836-c622-11e3-bf01-24c6515278c0.muat.tsv	Liver-HCC	7
089be98d-c3c9-4fb4-aef2-7a8578a91d51.muat.tsv	Prost-AdenoCA	14
fc8130e0-ad8a-b832-e040-11ac0d485e14.muat.tsv	Breast-AdenoCA	1
559c30f2-8ae7-43c8-819c-800261065e06.muat.tsv	Panc-Endocrine	13
4a35b01f-5e19-4673-abea-d87fd1d605d0.muat.tsv	CNS-PiloAstro	3
b77543e4-c622-11e3-bf01-24c6515278c0.muat.tsv	Liver-HCC	7
3e4d0e50-8cf4-4eb0-a00a-ccf0484ecc2f.muat.tsv	Panc-AdenoCA	12
d733cf1a-4c42-4def-b6cb-5ef2c6a27fcd.muat.tsv	Lymph-BNHL	8
dc4bc4c4-2cc1-4a2e-a9f2-613088af17bf.muat.tsv	Lymph-BNHL	8
6bd4bca3-e568-4d1b-8b42-401fdf13d751.muat.tsv	Kidney-RCC	6
a08ec059-7592-4698-bb45-25a9c3680c23.muat.tsv	Prost-AdenoCA	14
31c0c8f8-c623-11e3-bf01-24c6515278c0.muat.tsv	Liver-HCC	7
e98e4e23-a139-4fff-b017-35f3f976eddd.muat.tsv	Lymph-BNHL	8
f7b847e5-0f5d-69b4-e040-11ac0c4845fe.muat.tsv	Breast-AdenoCA	1
f601cf2f-081f-484d-ab0e-21a8ec8d3770.muat.tsv	Prost-AdenoCA	14
10cb8ac6-c622-11e3-bf01-24c6515278c0.muat.tsv	Liver-HCC	7
3ee54a3c-69ba-479a-b1fe-79917e1b6dd5.muat.tsv	Lymph-CLL	9
8fa0484b-5f95-4ec8-b3de-cea2e8f3c5ca.muat.tsv	Kidney-RCC	6
5c156f63-6537-4d93-a6c2-4155618cf638.muat.tsv	Kidney-RCC	6
bcd52bcb-6e35-4220-9775-96dabff926b4.muat.tsv	Lymph-CLL	9
28839c75-90a8-493f-b658-8c63e0ebd324.muat.tsv	Skin-Melanoma	15
f8f0136b-09ec-d079-e040-11ac0c4842e7.muat.tsv	Myeloid-MPN	10
6ea6b5e4-cdc4-4e3a-bde2-8089d2a4d7eb.muat.tsv	Lymph-CLL	9
fc8130e3-01ba-c740-e040-11ac0c483291.muat.tsv	Breast-AdenoCA	1
005794f1-5a87-45b5-9811-83ddf6924568.muat.tsv	Kidney-RCC	6
524bbd14-1e1f-479b-9a71-d27fce32d8bc.muat.tsv	Skin-Melanoma	15
97c46ede-b280-4344-8dbb-e860c6472239.muat.tsv	Panc-AdenoCA	12
d1cebf4a-4127-47ee-85cb-465fca2ac445.muat.tsv	Prost-AdenoCA	14
573ee34b-43a7-40d8-95ee-0ced4b46a7c8.muat.tsv	CNS-Medullo	2
53bcbb68-addd-47fc-9910-cd1d3f38197d.muat.tsv	Ovary-AdenoCA	11
f92fde51-6a19-6641-e040-11ac0c484074.muat.tsv	Myeloid-MPN	10
1a841850-fca0-48ab-8c78-db0bd5a64435.muat.tsv	Panc-AdenoCA	12
bcefbf6a-80ff-4825-9d3a-492e2dceb35d.muat.tsv	Skin-Melanoma	15
cb86fbb6-c622-11e3-bf01-24c6515278c0.muat.tsv	Liver-HCC	7
fc78685a-7053-152a-e040-11ac0c480ded.muat.tsv	Breast-AdenoCA	1
fa9a3247-a465-4fdf-bb64-5afaa83a5d76.muat.tsv	Panc-AdenoCA	12
2c3ada8b-9650-4859-9857-43209c0f7cea.muat.tsv	Lymph-BNHL	8
b64173fc-abac-4695-902b-f0acf9444e9f.muat.tsv	CNS-Medullo	2
42a548f0-d86a-4273-8bda-be0fe6a53b20.muat.tsv	Prost-AdenoCA	14
b710b214-5666-4054-97ef-3b9ac2bd90ac.muat.tsv	Panc-AdenoCA	12
6012cb02-c623-11e3-bf01-24c6515278c0.muat.tsv	Liver-HCC	7
f91bde65-233d-2218-e040-11ac0c480a33.muat.tsv	Myeloid-MPN	10
05070acd-3ec1-44bb-9c32-26d3a483a72a.muat.tsv	Panc-AdenoCA	12
fc8130e0-aed2-bb2f-e040-11ac0d485e12.muat.tsv	Breast-AdenoCA	1
6763f295-f2bf-4975-bea5-c1a490d9a1fa.muat.tsv	Prost-AdenoCA	14
4e7cdeda-6dc1-4f17-b853-72a68e5aa7e1.muat.tsv	Lymph-BNHL	8
aa5907cb-3be3-4e23-982d-719417baeb37.muat.tsv	CNS-Medullo	2
ff870342-f0d6-4450-8f9c-344c046a0baf.muat.tsv	Prost-AdenoCA	14
0bfebf9f-c781-e57d-e050-11ac0d487827.muat.tsv	Prost-AdenoCA	14
724bf2b8-a246-4b6f-85f8-95824c03896e.muat.tsv	Panc-Endocrine	13
f9c65e3d-f3f7-dd5f-e040-11ac0d487b1f.muat.tsv	Prost-AdenoCA	14
46e166fe-3b20-49ad-98db-42c854c61c93.muat.tsv	Panc-AdenoCA	12
c906a13e-c622-11e3-bf01-24c6515278c0.muat.tsv	Liver-HCC	7
fc81312a-d451-38fb-e040-11ac0c4832a4.muat.tsv	Breast-AdenoCA	1
0bfd1043-8180-e3e4-e050-11ac0c4860c5.muat.tsv	Prost-AdenoCA	14
fc8130df-1cdd-cade-e040-11ac0d485dec.muat.tsv	Breast-AdenoCA	1
492694a7-bb41-4128-a909-c424e7fc0c9e.muat.tsv	CNS-Medullo	2
1daefc49-5248-4948-87ce-0ec19a248ef9.muat.tsv	Skin-Melanoma	15
c5ad7238-c622-11e3-bf01-24c6515278c0.muat.tsv	Liver-HCC	7
13c62975-9f5e-4d40-a461-dceab08a31ec.muat.tsv	Skin-Melanoma	15
fc8130df-6977-7704-e040-11ac0d485de4.muat.tsv	Breast-AdenoCA	1
7a86abdc-d554-43bd-ad47-22d439c930ef.muat.tsv	Prost-AdenoCA	14
c20cb5c8-a6d0-4150-b72b-3f7e8909d72b.muat.tsv	CNS-Medullo	2
a7fb0931-28df-46f4-bc0f-2011fc91f0e1.muat.tsv	CNS-PiloAstro	3
5f096d7b-a1ea-4cc2-af73-10108089ae84.muat.tsv	CNS-Medullo	2
60525b38-c34b-479b-86d3-013c7e567b8f.muat.tsv	Eso-AdenoCA	4
c66926a8-474d-482c-bfb7-043029c8b737.muat.tsv	Lymph-BNHL	8
616ff577-c5c3-432e-a857-f29901de119c.muat.tsv	Lymph-CLL	9
ebe80d6c-7513-4f5e-9919-669b6d1fa68c.muat.tsv	Kidney-RCC	6
91397d9c-3120-407f-8847-74b356943469.muat.tsv	Lymph-CLL	9
79353875-9d86-4063-a8ea-1d998acb1e81.muat.tsv	Panc-Endocrine	13
e5c89fcf-cc57-4fad-a138-ea47ee9ea225.muat.tsv	Kidney-RCC	6
f901c7f7-891e-8ec1-e040-11ac0c480829.muat.tsv	Myeloid-MPN	10
7c43c006-d917-4915-b304-65995b6c0d46.muat.tsv	Panc-AdenoCA	12
4652ae03-b096-42d0-bdfa-3f6281d4f023.muat.tsv	Panc-AdenoCA	12
beafb7c6-ef39-478e-aa47-0f1ad39f95a3.muat.tsv	Prost-AdenoCA	14
c6bb32f0-c622-11e3-bf01-24c6515278c0.muat.tsv	Liver-HCC	7
f843ed5c-0336-3d33-e040-11ac0d48478c.muat.tsv	Bone-Osteosarc	0
f07b9192-c86f-4ee4-a3b5-feb9c5098bf4.muat.tsv	Skin-Melanoma	15
4d6bb438-86f0-4414-962f-2b1cebee4524.muat.tsv	CNS-Medullo	2
890e840c-1d1d-4874-a8eb-f9d9a2b50a1c.muat.tsv	Lymph-BNHL	8
df2d41c4-7e79-4a46-aa4a-2a11c051ac40.muat.tsv	Panc-Endocrine	13
b30dfb8b-8288-4e5a-afc2-3d5bd7bfa26c.muat.tsv	Kidney-RCC	6
f841c488-6b8d-6645-e040-11ac0c481418.muat.tsv	Bone-Osteosarc	0
ca5ded1c-c622-11e3-bf01-24c6515278c0.muat.tsv	Liver-HCC	7
73afad06-c623-11e3-bf01-24c6515278c0.muat.tsv	Liver-HCC	7
ed1f5a41-921f-469a-bc04-306a5435e067.muat.tsv	CNS-Medullo	2
9aac83e4-c622-11e3-bf01-24c6515278c0.muat.tsv	Liver-HCC	7
ca137611-533a-4d20-a85d-8e4c3a1eab2d.muat.tsv	Head-SCC	5
2a7f6aac-8f94-4815-8b94-0ea7db71135c.muat.tsv	Lymph-CLL	9
ab8a55ed-ff47-4cad-ad91-52b9dc25aca7.muat.tsv	Prost-AdenoCA	14
3b4ff158-c6d8-4a26-9568-0634ddb4a609.muat.tsv	CNS-PiloAstro	3
0bfd1068-3fe6-a95b-e050-11ac0c4860c3.muat.tsv	Prost-AdenoCA	14
391a949d-217a-472c-a6d4-80e548039684.muat.tsv	CNS-Medullo	2
626c9788-d70c-449b-b9dc-5e3f6fc00991.muat.tsv	Lymph-BNHL	8
ce799e7b-30e7-44a5-a185-3e50d5e059ef.muat.tsv	Eso-AdenoCA	4
bc5160ae-d629-46c4-b068-7075876b9103.muat.tsv	CNS-PiloAstro	3
12f038e1-00af-4c64-a2e0-9e63323492ef.muat.tsv	Panc-AdenoCA	12
147e3496-514e-4da7-be42-7cd9be78ed04.muat.tsv	CNS-Medullo	2
6f25ca85-4b4a-420f-b0cc-5a4f65a97da3.muat.tsv	Prost-AdenoCA	14
4b7a704b-e516-4275-be11-45cc935237e2.muat.tsv	Lymph-CLL	9
9fc5b5c7-3973-42b4-8710-454de0cb5b50.muat.tsv	Skin-Melanoma	15
cb56e4c2-2fff-4f09-be34-fbdaa3794b35.muat.tsv	CNS-Medullo	2
2b569b88-c622-11e3-bf01-24c6515278c0.muat.tsv	Liver-HCC	7
c767254e-b289-4904-a80f-050cf01ff8ba.muat.tsv	Ovary-AdenoCA	11
2a5a5840-a834-47a1-b1f4-dc8fed620f5c.muat.tsv	CNS-PiloAstro	3
8a6d6b2e-c622-11e3-bf01-24c6515278c0.muat.tsv	Liver-HCC	7
c4e048de-1d43-4fbd-8289-9279b16c8a3a.muat.tsv	Stomach-AdenoCA	16
0009b464-b376-4fbc-8a56-da538269a02f.muat.tsv	Ovary-AdenoCA	11
80ab6c08-c622-11e3-bf01-24c6515278c0.muat.tsv	Liver-HCC	7
f80293b8-ddb7-f575-e040-11ac0d48309d.muat.tsv	Breast-AdenoCA	1
fca07e09-1fd2-9ef5-e040-11ac0d485bbd.muat.tsv	Breast-AdenoCA	1
12ae2ba1-9484-47fe-8a3f-bba94a6abe0c.muat.tsv	CNS-Medullo	2
99bdc3da-c622-11e3-bf01-24c6515278c0.muat.tsv	Liver-HCC	7
140d6ef7-0217-4d16-9add-215d0d14ba06.muat.tsv	Lymph-CLL	9
f92268fe-7a92-51e8-e040-11ac0d48733a.muat.tsv	Myeloid-MPN	10
51dd1a39-7349-442c-b7e1-7850fb800569.muat.tsv	CNS-Medullo	2
571ce258-b453-4cac-b05e-05755791be84.muat.tsv	CNS-Medullo	2
4c755527-3b5d-4d36-822d-990aa1003d6a.muat.tsv	Prost-AdenoCA	14
c08f65a0-bf4c-462e-9d07-ad56b3adcac8.muat.tsv	Prost-AdenoCA	14
89195d56-1ef2-41df-b200-9f18e38f574a.muat.tsv	Panc-AdenoCA	12
2316ee90-c623-11e3-bf01-24c6515278c0.muat.tsv	Liver-HCC	7
b35d9a68-29f4-49ab-b83e-b5151679e3af.muat.tsv	Skin-Melanoma	15
c13d7ee5-2bf0-43e4-9cd3-9326ed9355cf.muat.tsv	Lymph-CLL	9
2abe2e53-ad9b-4fbc-b9a7-93444f1bea87.muat.tsv	CNS-Medullo	2
129459c1-38be-45da-bb87-18848c97c544.muat.tsv	Panc-AdenoCA	12
fec30898-f86b-4207-aa78-de77142c8f50.muat.tsv	Kidney-RCC	6
f90dbdbf-f8cd-e0d8-e040-11ac0c482576.muat.tsv	Myeloid-MPN	10
959efb81-1d56-4659-9b7a-09f2b62483f2.muat.tsv	Kidney-RCC	6
fc9d704c-0cfb-0407-e040-11ac0d486980.muat.tsv	Prost-AdenoCA	14
56c846d6-c622-11e3-bf01-24c6515278c0.muat.tsv	Liver-HCC	7
fdbd0277-ddbf-4cc5-8ec3-3644b9553627.muat.tsv	Panc-AdenoCA	12
0bfd1043-7346-fdd0-e050-11ac0c484cab.muat.tsv	Prost-AdenoCA	14
f8f7f274-dd98-3bb0-e040-11ac0c483fcd.muat.tsv	Myeloid-MPN	10
7fcd8af9-4d73-4c97-95cc-b30b09f21bb2.muat.tsv	Panc-AdenoCA	12
decfb419-63b3-47b0-9dfc-baae180566a0.muat.tsv	Kidney-RCC	6
3b590d75-ccfb-4da8-a2e9-10fb07e02cea.muat.tsv	Eso-AdenoCA	4
bc69c97c-65c1-4e1c-a241-d17d3130e024.muat.tsv	CNS-PiloAstro	3
f15989a1-e820-4879-a535-438277acad49.muat.tsv	CNS-Medullo	2
9cfa4e8f-ea4d-433b-8c2c-54f66ecb7e43.muat.tsv	Panc-Endocrine	13
7d6fb1a7-7742-4b8c-9903-abff706240b5.muat.tsv	Prost-AdenoCA	14
08f7812b-0d74-42ba-985b-d0a027e8a80c.muat.tsv	Lymph-CLL	9
56e57223-264e-489d-bc9a-a07789065c40.muat.tsv	Lymph-BNHL	8
3e012b50-06d1-4120-971b-5e54139b00ee.muat.tsv	Lymph-BNHL	8
fc9d5fc6-7f7d-1313-e040-11ac0d485f85.muat.tsv	Prost-AdenoCA	14
05616329-e7ba-4efd-87b1-d79cd0f7af3d.muat.tsv	Lymph-BNHL	8
51800588-c622-11e3-bf01-24c6515278c0.muat.tsv	Liver-HCC	7
915cbb43-9e00-433d-818f-531011bea57e.muat.tsv	Lymph-CLL	9
35e33a7a-c622-11e3-bf01-24c6515278c0.muat.tsv	Liver-HCC	7
f221c897-6ad0-0df9-e040-11ac0c4813ef.muat.tsv	Bone-Osteosarc	0
955763f0-0735-418f-9ea4-3c980a966002.muat.tsv	CNS-PiloAstro	3
35cca3b8-c623-11e3-bf01-24c6515278c0.muat.tsv	Liver-HCC	7
65d2dbc3-a163-4696-b246-47a430e66572.muat.tsv	Panc-AdenoCA	12
d609ce92-9edd-4286-bd5f-b93304cae9a2.muat.tsv	CNS-Medullo	2
f7c6486a-bb08-f77a-e040-11ac0c482953.muat.tsv	Breast-AdenoCA	1
fc009c3d-66fc-4b9c-ae43-014607e3723a.muat.tsv	Skin-Melanoma	15
ee368301-b2f7-428f-9330-67c054c1a09d.muat.tsv	Panc-Endocrine	13
9749a9a5-cb7f-4038-a5f9-5e2d6b97c689.muat.tsv	Eso-AdenoCA	4
84ae4dd8-f661-46aa-9892-69742e2f3542.muat.tsv	Prost-AdenoCA	14
da43386c-47f8-4e03-b6ca-8b94e13792e7.muat.tsv	Ovary-AdenoCA	11
534d941c-ec2d-47eb-b2dc-d3f856d0b151.muat.tsv	CNS-PiloAstro	3
30376989-7edb-4863-9496-1789eccef8c4.muat.tsv	CNS-Medullo	2
1dbdbb2c-c623-11e3-bf01-24c6515278c0.muat.tsv	Liver-HCC	7
33bf46dd-16b3-49c6-80d7-76caf27aa0f4.muat.tsv	Kidney-RCC	6
4ed52e0c-c623-11e3-bf01-24c6515278c0.muat.tsv	Liver-HCC	7
d4bf6034-aeae-48a6-907b-10e2cc904015.muat.tsv	Ovary-AdenoCA	11
b4aea804-fc6e-4d58-906f-f3a932ca9dc5.muat.tsv	Prost-AdenoCA	14
f87cdca1-2c85-49d2-e040-11ac0d485c9d.muat.tsv	Bone-Osteosarc	0
84aa2983-714b-49fd-af93-f18ed4d6a6cb.muat.tsv	Prost-AdenoCA	14
88d5a8b2-daba-45ce-90bf-480fac85bf1d.muat.tsv	Panc-AdenoCA	12
b24feafa-f2e9-4498-8471-a9e42c80cc9f.muat.tsv	Panc-Endocrine	13
55e520f4-0e4b-41a2-9951-c4e9f323100b.muat.tsv	Stomach-AdenoCA	16
a9d055c6-6c53-4e85-8270-34883a1342a9.muat.tsv	Lymph-CLL	9
82aefe8e-c622-11e3-bf01-24c6515278c0.muat.tsv	Liver-HCC	7
de55876b-5d7d-46e7-bf3e-35db7a155300.muat.tsv	CNS-PiloAstro	3
6821446e-8e76-46fe-b0b9-47feb46d2585.muat.tsv	Ovary-AdenoCA	11
b42d183c-bc9c-4652-9e56-10c54c5ee96e.muat.tsv	Skin-Melanoma	15
39e32615-0160-4f13-b330-50748f5d87ed.muat.tsv	Prost-AdenoCA	14
0cb4356c-b5d6-4541-b048-ff6d4b3a5d26.muat.tsv	Prost-AdenoCA	14
764ded9e-c622-11e3-bf01-24c6515278c0.muat.tsv	Liver-HCC	7
15a93657-0521-430a-a816-bf0842374b75.muat.tsv	Kidney-RCC	6
097a7d36-905b-72be-e050-11ac0d482c9a.muat.tsv	Breast-AdenoCA	1
5f00a760-fbc0-41f0-b92b-b3c553eac0e5.muat.tsv	CNS-Medullo	2
f0a33adc-ea90-46ef-a24a-a8d7e4e15db3.muat.tsv	Eso-AdenoCA	4
d8c2b4b2-e12b-43d2-bafc-87b29f027797.muat.tsv	Ovary-AdenoCA	11
4fdc8980-c623-11e3-bf01-24c6515278c0.muat.tsv	Liver-HCC	7
b994762c-c622-11e3-bf01-24c6515278c0.muat.tsv	Liver-HCC	7
76788f17-257d-47c7-ad85-ac5f959216b5.muat.tsv	Lymph-BNHL	8
1295947c-c623-11e3-bf01-24c6515278c0.muat.tsv	Liver-HCC	7
35dc84c1-476c-4d48-ae23-622bf6e043ac.muat.tsv	Eso-AdenoCA	4
c5bc0826-8037-4fe6-ad4e-b1b675e771fb.muat.tsv	Kidney-RCC	6
fc447d4f-2532-c8ea-e040-11ac0c48469f.muat.tsv	Breast-AdenoCA	1
f37de4fa-52f6-4fe4-a3fa-41803032c93f.muat.tsv	Eso-AdenoCA	4
c741fb12-8160-43a7-bc70-2c545ea0031d.muat.tsv	Panc-AdenoCA	12
0bfe2ac9-0aec-c248-e050-11ac0d487e1c.muat.tsv	Prost-AdenoCA	14
69d6142c-3a16-46c9-8bed-1f4edc267c4d.muat.tsv	CNS-PiloAstro	3
15e7d981-8c27-4b2b-b4f8-626e22021895.muat.tsv	Eso-AdenoCA	4
48a0da38-8147-40fe-b683-3f070413a792.muat.tsv	Eso-AdenoCA	4
8c5f9574-c622-11e3-bf01-24c6515278c0.muat.tsv	Liver-HCC	7
33061bf5-9b99-4735-a810-f2d5eeef6873.muat.tsv	Panc-AdenoCA	12
42465bbd-289b-4e96-98fe-76809c5e1520.muat.tsv	Ovary-AdenoCA	11
b86655a4-c622-11e3-bf01-24c6515278c0.muat.tsv	Liver-HCC	7
33b99e90-741d-43f2-804b-75721199a0dc.muat.tsv	Panc-Endocrine	13
04db8bef-8777-48ac-bc2e-3c9acb103f48.muat.tsv	Kidney-RCC	6
90ab64be-2229-4a8e-b864-4260b6cb39e9.muat.tsv	CNS-Medullo	2
1d4a091d-fe65-49c0-8810-5a95243b108a.muat.tsv	Skin-Melanoma	15
537cccf2-fb25-448b-813e-ca5d5642b910.muat.tsv	Lymph-CLL	9
8867bdef-3a8d-433e-b10f-d752e2cbb022.muat.tsv	Stomach-AdenoCA	16
5b560f4c-d2a3-43fa-b394-abef78bdefc1.muat.tsv	Ovary-AdenoCA	11
51b25b37-f75c-4380-a0f6-5273e0b7ee33.muat.tsv	Ovary-AdenoCA	11
363d3a59-dce3-408d-a736-5c29ba9f9b6d.muat.tsv	CNS-PiloAstro	3
4b8c6b0c-0d0c-4834-a2f3-691e0919b902.muat.tsv	Lymph-CLL	9
2ecd8358-c622-11e3-bf01-24c6515278c0.muat.tsv	Liver-HCC	7
f91661d6-a2b5-fac2-e040-11ac0d4852fd.muat.tsv	Myeloid-MPN	10
49b26ab5-2ca9-49b1-ae83-573fa41af2cd.muat.tsv	CNS-PiloAstro	3
44083f54-0953-48e3-a704-11ad0988ad2e.muat.tsv	Prost-AdenoCA	14
475bca00-9089-4f50-8638-4e5e8aca6dcd.muat.tsv	Prost-AdenoCA	14
0363fe2c-d765-450e-8b1a-d13a23d9af2a.muat.tsv	Panc-Endocrine	13
6fe135ef-54b4-4941-9bb9-872dc4d18d9f.muat.tsv	Prost-AdenoCA	14
2b41746a-95c0-4875-afb5-c6d3d3ad30d9.muat.tsv	Eso-AdenoCA	4
5f18b334-6616-406f-8f33-0592b56c14e6.muat.tsv	Lymph-BNHL	8
59632e7e-c622-11e3-bf01-24c6515278c0.muat.tsv	Liver-HCC	7
f9012277-55c4-2486-e040-11ac0c48236f.muat.tsv	Myeloid-MPN	10
5dc6f055-c4f6-49a1-a68c-94cf87cbd363.muat.tsv	Stomach-AdenoCA	16
0bfe2ac9-0afa-c248-e050-11ac0d487e1c.muat.tsv	Prost-AdenoCA	14
61a48c69-4f7d-4dc6-aff7-88a6c33137df.muat.tsv	Prost-AdenoCA	14
0972bfcf-c6c6-48cc-b820-cdfa6279a4f3.muat.tsv	Panc-AdenoCA	12
f860bc4c-f31b-6538-e040-11ac0c48268f.muat.tsv	Bone-Osteosarc	0
644c669b-937b-4adc-81b9-6a1811cba9da.muat.tsv	Panc-AdenoCA	12
deb9fbb6-656b-41ce-8299-554efc2379bd.muat.tsv	Skin-Melanoma	15
0c0038ff-6cc4-b0b0-e050-11ac0d483d73.muat.tsv	Prost-AdenoCA	14
929f2216-6ab3-414f-a814-49b69d4b49d9.muat.tsv	Lymph-BNHL	8
926a04de-ef57-4271-91db-e90de8aa8a1a.muat.tsv	Eso-AdenoCA	4
34a445c2-1eb4-4a9f-8838-cddc2f82aae4.muat.tsv	Stomach-AdenoCA	16
fc8130e0-096a-b991-e040-11ac0c48327d.muat.tsv	Breast-AdenoCA	1
ead1bc2e-42c3-46d9-8f6f-8cb16ba9d2c3.muat.tsv	Skin-Melanoma	15
b1f19de6-c622-11e3-bf01-24c6515278c0.muat.tsv	Liver-HCC	7
8044a282-bc2c-47c6-8a85-53c3b5eeb08f.muat.tsv	Prost-AdenoCA	14
22cd3875-a123-4f0d-8cd1-371958208ad6.muat.tsv	Lymph-CLL	9
a46f1e20-9e97-4dcc-a5ed-532aad9f3236.muat.tsv	Stomach-AdenoCA	16
fc8130df-30a5-3e6a-e040-11ac0d485de2.muat.tsv	Breast-AdenoCA	1
edc070db-b768-478f-ae75-4c4012bdc3fe.muat.tsv	CNS-Medullo	2
7ac3e543-3bc2-4a59-84fc-b5aa0def592c.muat.tsv	CNS-PiloAstro	3
b757a040-3c9e-45e7-a045-9cd08db11d62.muat.tsv	Eso-AdenoCA	4
0bfd1043-817e-e3e4-e050-11ac0c4860c5.muat.tsv	Prost-AdenoCA	14
bbff7954-95ec-455c-b0bc-92f67a09ee77.muat.tsv	Panc-AdenoCA	12
ae464652-2f8c-4d94-8b08-cd8f1d29256e.muat.tsv	CNS-Medullo	2
fc68e599-6a40-61dc-e040-11ac0d48700d.muat.tsv	Breast-AdenoCA	1
87671312-c622-11e3-bf01-24c6515278c0.muat.tsv	Liver-HCC	7
4adc846a-42cb-4ebd-a954-e31eb29d7572.muat.tsv	Lymph-BNHL	8
e1df938f-1f23-4291-98ef-13db6debb796.muat.tsv	Panc-AdenoCA	12
eb9a8f12-6451-43cc-95b3-2e86cf704c96.muat.tsv	Skin-Melanoma	15
a846f5e8-c622-11e3-bf01-24c6515278c0.muat.tsv	Liver-HCC	7
ee5d5e7d-78cf-4a29-a9ee-56aa3da877dd.muat.tsv	Panc-AdenoCA	12
abbbe65c-c622-11e3-bf01-24c6515278c0.muat.tsv	Liver-HCC	7
56425c2e-6bbf-4b20-ba07-79a526dd4603.muat.tsv	Panc-Endocrine	13
ee7b8074-c622-11e3-bf01-24c6515278c0.muat.tsv	Liver-HCC	7
13c7065e-6780-4571-978e-a7c13078ff50.muat.tsv	CNS-Medullo	2
5d922e48-aa70-454d-9417-c9af686feebc.muat.tsv	Ovary-AdenoCA	11
f5c8f98a-c34a-49e8-a655-d8f29487b55c.muat.tsv	Lymph-CLL	9
35553150-e4ef-4539-b220-259f2d634bd7.muat.tsv	Prost-AdenoCA	14
bb8176a7-ea7c-42d7-a85a-cec1ca386f2e.muat.tsv	Panc-AdenoCA	12
2c2e5f87-bd22-4a5e-be71-3bcc2aefaf74.muat.tsv	CNS-PiloAstro	3
d4ecbf52-f6a9-4394-9d3b-8eb8eee1b17b.muat.tsv	CNS-PiloAstro	3
4a88981e-e409-440f-9bf0-71ca1bab8b4e.muat.tsv	Panc-AdenoCA	12
0e1e628b-823a-4861-aa95-bed2fada7349.muat.tsv	CNS-Medullo	2
db9ce6c6-529c-4da6-92c4-f4f3fc3fe109.muat.tsv	Lymph-BNHL	8
f8f9d9b8-abdd-1afb-e040-11ac0d480523.muat.tsv	Myeloid-MPN	10
074fd614-5d9c-4bcc-96ad-351aa14387e3.muat.tsv	Panc-Endocrine	13
48c33a30-557b-4ecf-8066-5b4b068b5e3a.muat.tsv	Prost-AdenoCA	14
25c99312-bf63-4654-a73a-03c3c1cd50b6.muat.tsv	Eso-AdenoCA	4
0bfd1043-8189-e3e4-e050-11ac0c4860c5.muat.tsv	Prost-AdenoCA	14
b86678f3-c9cf-4ba4-8248-3efb2a7c4884.muat.tsv	CNS-Medullo	2
13bd2b30-c623-11e3-bf01-24c6515278c0.muat.tsv	Liver-HCC	7
fc8130df-18fe-c74d-e040-11ac0d485df2.muat.tsv	Breast-AdenoCA	1
6c8f3dc9-21bf-4859-9599-231ac040eb7d.muat.tsv	Panc-Endocrine	13
674819dc-c622-11e3-bf01-24c6515278c0.muat.tsv	Liver-HCC	7
0e54cea2-d568-4a33-b9db-b698844e6ad9.muat.tsv	Stomach-AdenoCA	16
d8de6de6-4cfe-4239-9ebd-3437aa65efb2.muat.tsv	Panc-AdenoCA	12
ba5667da-7688-4931-bdb7-d65f391caf60.muat.tsv	CNS-Medullo	2
51e5a835-eb48-4640-87d0-f40f5e2bff18.muat.tsv	Kidney-RCC	6
74ec279a-c622-11e3-bf01-24c6515278c0.muat.tsv	Liver-HCC	7
209a9b10-7129-48fe-a899-d14ba17efe6f.muat.tsv	CNS-Medullo	2
00db1b95-8ca3-4cc4-bb46-6b8c8019a7c7.muat.tsv	Kidney-RCC	6
68509ede-3dcf-4a6e-9af0-4a9bb4dfa567.muat.tsv	Stomach-AdenoCA	16
22578b9f-78dc-464c-9bb9-382f033283d0.muat.tsv	Lymph-BNHL	8
5650dc4e-8bce-4716-9199-cd5750d7a888.muat.tsv	Panc-AdenoCA	12
0fbd94b1-bb34-4620-841b-861a0b5e0c12.muat.tsv	Panc-AdenoCA	12
857a8354-9589-424e-98f4-98b9bfd6dcb0.muat.tsv	Panc-Endocrine	13
59bfcb53-91c1-4dce-856a-f4afc8fa6224.muat.tsv	CNS-Medullo	2
4a703d3e-c623-11e3-bf01-24c6515278c0.muat.tsv	Liver-HCC	7
cafe9603-a804-48fb-9217-e2d1c3c346c5.muat.tsv	Panc-AdenoCA	12
34b0c838-bf6c-4d0f-8cd2-d2928adbb539.muat.tsv	CNS-Medullo	2
c766274a-3c1e-443f-9ed4-c0e2b9c904d1.muat.tsv	Panc-Endocrine	13
f1fdacf3-2bb5-400c-895d-ec7f472fa0d4.muat.tsv	Lymph-CLL	9
4b8943be-c623-11e3-bf01-24c6515278c0.muat.tsv	Liver-HCC	7
2d0e4b82-c623-11e3-bf01-24c6515278c0.muat.tsv	Liver-HCC	7
ac1bd179-8285-468c-ab9f-7f91151ca0f2.muat.tsv	CNS-Medullo	2
f9020478-c741-6776-e040-11ac0d481228.muat.tsv	Myeloid-MPN	10
f988e698-9b34-45ce-ba4c-74e06e9cae4a.muat.tsv	Ovary-AdenoCA	11
f9c26646-d2b0-cf30-e040-11ac0d483918.muat.tsv	Prost-AdenoCA	14
7266ec7b-4824-4b88-910e-e9bfb848d55f.muat.tsv	Panc-AdenoCA	12
4f3c2c94-fa7f-4945-9dff-e4d4dac95f56.muat.tsv	CNS-Medullo	2
6947cd78-0a51-4949-8383-343f9122d953.muat.tsv	Prost-AdenoCA	14
54195db3-94a9-4538-8bb8-9953d936acd4.muat.tsv	Panc-AdenoCA	12
dabdd983-a819-410e-bfb8-5c66a66cf5ab.muat.tsv	Lymph-CLL	9
aeeb01b4-790e-4929-bd59-6aad837603b1.muat.tsv	Lymph-CLL	9
f4025b40-a249-487f-8e93-7a140bcf57c1.muat.tsv	Liver-HCC	7
0831e45e-c623-11e3-bf01-24c6515278c0.muat.tsv	Liver-HCC	7
e6eda5db-4d4f-418e-b0d4-ed9b3e5259d3.muat.tsv	Panc-AdenoCA	12
3c30b10e-c623-11e3-bf01-24c6515278c0.muat.tsv	Liver-HCC	7
e6168db0-d12f-4218-8ab9-bd704201cb2b.muat.tsv	Lymph-BNHL	8
60c33e32-7e19-4e71-b075-a63fcf27e660.muat.tsv	Panc-AdenoCA	12
cc39b534-5ba1-4ea0-956b-676f6732beec.muat.tsv	CNS-Medullo	2
47d77750-c622-11e3-bf01-24c6515278c0.muat.tsv	Liver-HCC	7
b0c61486-b061-4b6b-ac02-130a3ea0b080.muat.tsv	Prost-AdenoCA	14
b41c63e8-bb85-4f83-9bc6-e611fd9ef075.muat.tsv	Prost-AdenoCA	14
17de5b12-c623-11e3-bf01-24c6515278c0.muat.tsv	Liver-HCC	7
9e99b8d9-6f0d-4fe0-9c1e-d286c0714909.muat.tsv	Lymph-CLL	9
e75fbf08-c622-11e3-bf01-24c6515278c0.muat.tsv	Liver-HCC	7
9bb9164e-ea1b-49ab-bbcc-f59cf8c32345.muat.tsv	Eso-AdenoCA	4
b3f1d232-4392-4258-9256-d38ff4b59f94.muat.tsv	Prost-AdenoCA	14
f393bb0a-9b20-a0e5-e040-11ac0d48454e.muat.tsv	Breast-AdenoCA	1
fc8130df-3361-3c8a-e040-11ac0d485dea.muat.tsv	Breast-AdenoCA	1
b53dcb4d-f894-47b8-8a4e-17c7998d8120.muat.tsv	Eso-AdenoCA	4
6d4a548a-7e30-4b6b-9a13-72827eed439c.muat.tsv	Skin-Melanoma	15
dc856038-f5f7-4dfc-a0a4-3e3a6b8d160f.muat.tsv	Panc-AdenoCA	12
f61e794e-c622-11e3-bf01-24c6515278c0.muat.tsv	Liver-HCC	7
f35f7712-d5c6-47f6-98ed-704edbbc1e19.muat.tsv	Head-SCC	5
551d5082-ab6a-4674-af0d-ce408f589949.muat.tsv	Prost-AdenoCA	14
461df2ae-fcf1-4b93-be0a-c14954fe7c42.muat.tsv	Lymph-BNHL	8
e97ea3d7-9fcd-4df1-9ea8-587cb3be75ec.muat.tsv	Panc-AdenoCA	12
f9101872-d864-c508-e040-11ac0c4818b5.muat.tsv	Myeloid-MPN	10
96b67289-9c42-402b-8e30-9efb4d512bef.muat.tsv	Prost-AdenoCA	14
cb4608a7-6aec-4cba-b20f-489e214c9dbd.muat.tsv	Panc-AdenoCA	12
19cd4360-8392-4bc2-ae88-fdc1335d886b.muat.tsv	Lymph-CLL	9
468083cb-95c3-47c1-9d96-79bcf7bf3f26.muat.tsv	Liver-HCC	7
36d9c1aa-c623-11e3-bf01-24c6515278c0.muat.tsv	Liver-HCC	7
50f4d836-79a9-4bc7-a63a-7aa29e41d418.muat.tsv	Lymph-CLL	9
0bfd1043-5142-3662-e050-11ac0c486501.muat.tsv	Prost-AdenoCA	14
dbfdb5c6-f52e-48f3-87e7-fb922df9e7a9.muat.tsv	Prost-AdenoCA	14
18f9240e-7acd-41eb-a154-c2a67a1cbe9b.muat.tsv	CNS-Medullo	2
f393bb05-ec1c-17be-e040-11ac0d48452f.muat.tsv	Breast-AdenoCA	1
858631eb-4e91-4aad-809c-c3948519313d.muat.tsv	Lymph-BNHL	8
fc8edf46-2005-1af4-e040-11ac0d481414.muat.tsv	Breast-AdenoCA	1
f283ed80-8302-4f26-99ed-ea20d101289d.muat.tsv	Panc-AdenoCA	12
e7048a93-a1ed-4cdc-a1ab-fa507408ca77.muat.tsv	Panc-AdenoCA	12
fc8130e0-a539-dda8-e040-11ac0c48326a.muat.tsv	Breast-AdenoCA	1
cb74d12c-eed1-4b14-8f93-d70e625eb65e.muat.tsv	CNS-PiloAstro	3
6218f366-d5d2-4289-a95e-eeedfae7523a.muat.tsv	Prost-AdenoCA	14
b49d5310-3cc5-4386-9444-cf0d61b52376.muat.tsv	Stomach-AdenoCA	16
9be1246b-3dc1-4928-8b89-2d5ed0c866e8.muat.tsv	CNS-Medullo	2
fc68c24d-47ad-7961-e040-11ac0c48595c.muat.tsv	Breast-AdenoCA	1
f1d73c2f-3d7d-4a0f-871b-b3bf76d865dc.muat.tsv	Prost-AdenoCA	14
b9d2e29e-8546-4310-aeea-e029f17c0516.muat.tsv	Kidney-RCC	6
3f99ae0e-c623-11e3-bf01-24c6515278c0.muat.tsv	Liver-HCC	7
745b8756-0eab-423f-8cde-e0ff1aaa6596.muat.tsv	Ovary-AdenoCA	11
f9c23ce8-7f1c-9417-e040-11ac0d482562.muat.tsv	Prost-AdenoCA	14
63f5bb12-1b20-49d4-9e98-570e368f947d.muat.tsv	Stomach-AdenoCA	16
91b6fd6b-547a-47e4-8ecb-a6f1826ccfd3.muat.tsv	Panc-AdenoCA	12
b7008a98-5aa0-4cc9-9bee-af2a422266db.muat.tsv	Panc-AdenoCA	12
bbbc531a-dd41-40b7-ae59-e35508aea0c7.muat.tsv	Panc-AdenoCA	12
c459dba5-b27c-46f0-b5b8-c62d597a0542.muat.tsv	Lymph-CLL	9
d2ab7fd4-d1c7-48ae-ba9a-78c5d811465e.muat.tsv	Kidney-RCC	6
ef3b454c-b2cf-4f68-a2ab-733620b6714e.muat.tsv	Lymph-CLL	9
fc8130e0-0c53-b432-e040-11ac0c483283.muat.tsv	Breast-AdenoCA	1
98d27916-c622-11e3-bf01-24c6515278c0.muat.tsv	Liver-HCC	7
5ee1dda9-2e84-4617-af09-2ae02873b44d.muat.tsv	Liver-HCC	7
f7b84b5d-8f28-e6b7-e040-11ac0c484704.muat.tsv	Breast-AdenoCA	1
fc8130e0-095f-b953-e040-11ac0c483287.muat.tsv	Breast-AdenoCA	1
1327bbd4-a466-4e26-905f-cf91315f1cc8.muat.tsv	Panc-AdenoCA	12
1a319682-f55e-4e0b-8476-48a0bea6c265.muat.tsv	Prost-AdenoCA	14
4c183106-c622-11e3-bf01-24c6515278c0.muat.tsv	Liver-HCC	7
a742a46d-2594-4efe-a701-4a2737ffae81.muat.tsv	CNS-PiloAstro	3
f393bb0c-4178-ca4a-e040-11ac0d48455f.muat.tsv	Breast-AdenoCA	1
0bfebf9f-c77d-e57d-e050-11ac0d487827.muat.tsv	Prost-AdenoCA	14
0bfd1043-70fb-d2dc-e050-11ac0c4860cb.muat.tsv	Prost-AdenoCA	14
f92c8821-daba-3727-e040-11ac0d480224.muat.tsv	Myeloid-MPN	10
183b04f5-107f-496c-8e9a-8263dd00cffa.muat.tsv	Panc-AdenoCA	12
d8e2af63-afe0-4f15-88b4-78118cf68160.muat.tsv	CNS-Medullo	2
0bfd1043-8170-e3e4-e050-11ac0c4860c5.muat.tsv	Prost-AdenoCA	14
b32449c0-c622-11e3-bf01-24c6515278c0.muat.tsv	Liver-HCC	7
1e181878-c640-4e91-a620-3fc4b08a4de1.muat.tsv	Panc-AdenoCA	12
b5cabba2-30a4-458e-897c-00ec3fefa6d2.muat.tsv	Panc-AdenoCA	12
1eb1bc62-18f6-4bcb-a16d-aa6a91914031.muat.tsv	Panc-Endocrine	13
efacd7d6-56cf-4f6a-87f0-1a7ab6b1a643.muat.tsv	Panc-AdenoCA	12
c59188a8-c6bb-433c-97fe-69f79a126d03.muat.tsv	CNS-Medullo	2
3e7a30e6-2202-40bd-bfc1-0383604050da.muat.tsv	Prost-AdenoCA	14
9fba5db6-c622-11e3-bf01-24c6515278c0.muat.tsv	Liver-HCC	7
ec16d1f5-f8a9-4c19-8cce-92f6ea9eb3f7.muat.tsv	Prost-AdenoCA	14
d91f487e-0895-44ef-aeb1-a62bd576f8b0.muat.tsv	Panc-AdenoCA	12
65f702b8-c623-11e3-bf01-24c6515278c0.muat.tsv	Liver-HCC	7
f393bafe-c99f-3725-e040-11ac0d484514.muat.tsv	Breast-AdenoCA	1
589daa3f-0b76-4c9c-b494-048955e36052.muat.tsv	CNS-Medullo	2
fc8130e0-a774-d834-e040-11ac0c483268.muat.tsv	Breast-AdenoCA	1
8a8dd718-c46e-462a-9793-83d88f5caa7f.muat.tsv	CNS-Medullo	2
dbae3c4e-6d66-483a-a611-7285067bf85c.muat.tsv	Lymph-BNHL	8
effb868c-f905-41a0-ace1-b5e508732534.muat.tsv	Kidney-RCC	6
b68f18e1-0117-420c-9405-e8d3a1e8caff.muat.tsv	CNS-Medullo	2
d404ac28-da11-4746-9c3b-cf0b1888f67b.muat.tsv	Panc-Endocrine	13
6d9d7ffc-c622-11e3-bf01-24c6515278c0.muat.tsv	Liver-HCC	7
31bcfd64-c622-11e3-bf01-24c6515278c0.muat.tsv	Liver-HCC	7
7e22401d-f4cd-44c5-8a01-b08a439e5a31.muat.tsv	Skin-Melanoma	15
6bdf00f6-670f-466e-87fb-e853e41f000e.muat.tsv	Panc-AdenoCA	12
7b296706-b535-45a0-9a8e-4a34a8c33bb5.muat.tsv	Lymph-CLL	9
5cbd429f-ffab-41ad-8016-422f1c922e99.muat.tsv	CNS-Medullo	2
c488a170-c622-11e3-bf01-24c6515278c0.muat.tsv	Liver-HCC	7
1eb37b28-fac2-477a-88b3-e04291a07926.muat.tsv	Prost-AdenoCA	14
04b570c2-3224-4e9b-81cc-089b4a7ff07a.muat.tsv	Lymph-CLL	9
fc63cbab-d27a-5ebb-e040-11ac0c48724f.muat.tsv	Breast-AdenoCA	1
f8733b80-c622-11e3-bf01-24c6515278c0.muat.tsv	Liver-HCC	7
f854ae3f-356d-f0ad-e040-11ac0c485dae.muat.tsv	Bone-Osteosarc	0
1bb2bdb7-8a89-4e7d-903d-03a6f8018efb.muat.tsv	Eso-AdenoCA	4
a0eb2611-1ca6-44b7-897e-ce18399eb7bc.muat.tsv	Kidney-RCC	6
0e872e0d-4711-4364-a5d0-6beeb6fd3ff2.muat.tsv	Eso-AdenoCA	4
0b29c893-03bf-4131-b192-c14a2788d411.muat.tsv	Panc-AdenoCA	12
7dd2dc62-0eb4-4d45-86f1-e9e9377181ca.muat.tsv	Prost-AdenoCA	14
bd1ce02b-bfaf-4cde-aaac-06097a12e248.muat.tsv	CNS-Medullo	2
8282283d-247a-431d-9421-0fcc52f0a897.muat.tsv	Panc-AdenoCA	12
88d82a42-c622-11e3-bf01-24c6515278c0.muat.tsv	Liver-HCC	7
bb91765e-4c55-4e7d-93e8-77face8c91f4.muat.tsv	CNS-PiloAstro	3
d3ad5b5a-c622-11e3-bf01-24c6515278c0.muat.tsv	Liver-HCC	7
637208b2-d8b6-45a3-a389-6f34db18fea4.muat.tsv	CNS-Medullo	2
a971ac23-0664-405d-9f5c-9ca892af003e.muat.tsv	Prost-AdenoCA	14
6baee028-c622-11e3-bf01-24c6515278c0.muat.tsv	Liver-HCC	7
606d7f5e-ff98-4245-a9ac-281f5074f97a.muat.tsv	Panc-Endocrine	13
ef002c3d-358f-4fc0-98f3-2f8b89de4374.muat.tsv	Panc-AdenoCA	12
f393bafe-7503-5c45-e040-11ac0d484511.muat.tsv	Breast-AdenoCA	1
1a391468-fbf3-451a-b88e-a257a26d047f.muat.tsv	Stomach-AdenoCA	16
f26b1f44-12de-43ba-85bb-bc61741a5a88.muat.tsv	Ovary-AdenoCA	11
6f981023-4269-4e8e-a4ab-2c92bb27273c.muat.tsv	Ovary-AdenoCA	11
0d569bd5-418d-4d72-87ca-8e14668c2119.muat.tsv	Lymph-BNHL	8
cd0c3b1f-c73a-4991-8724-4e74381900cb.muat.tsv	Prost-AdenoCA	14
12f1ae2f-2666-45be-9742-f502d212373d.muat.tsv	Skin-Melanoma	15
bb659e7c-0b97-41b5-ac10-a66bb1f6f283.muat.tsv	Kidney-RCC	6
c569b867-dadd-4591-af17-7e9b74699561.muat.tsv	Lymph-CLL	9
f2d18ad2-2f18-4c1d-8b35-46f999a82f30.muat.tsv	CNS-Medullo	2
4eac784b-084a-4106-9a76-2d9fbec57033.muat.tsv	Prost-AdenoCA	14
fc8130e0-a8b4-d80d-e040-11ac0c483272.muat.tsv	Breast-AdenoCA	1
f903cfe2-c082-1bf6-e040-11ac0d4809f7.muat.tsv	Myeloid-MPN	10
b330c50b-c45f-413d-918f-33275d0d8f91.muat.tsv	Lymph-BNHL	8
a5d5c238-0447-47fa-9a81-3b823cbdcea6.muat.tsv	Panc-AdenoCA	12
5f13e9b8-6c8e-4fd7-aef1-da4e5d5e2a5e.muat.tsv	Panc-Endocrine	13
9011cf17-0783-4f9d-b355-4f0fc1a2e78b.muat.tsv	Panc-AdenoCA	12
3b02a7a7-e5bc-4e77-b691-521603630b00.muat.tsv	Liver-HCC	7
7181dd10-1371-4cb6-9219-a9542c62b854.muat.tsv	Prost-AdenoCA	14
532bec86-b8d3-41a1-ba17-913a7d378f66.muat.tsv	Eso-AdenoCA	4
32a63b4f-3baa-4987-ad30-5bd0c0548088.muat.tsv	CNS-Medullo	2
7ba70717-d65e-4a45-af79-60a976770526.muat.tsv	Skin-Melanoma	15
f8d89ae2-2c7d-40ae-8d40-34b93b16efc9.muat.tsv	CNS-Medullo	2
6867811f-ac89-47da-b5dc-1270033c36e7.muat.tsv	Panc-AdenoCA	12
57947014-053e-4c34-b6a7-9e6f36f48010.muat.tsv	CNS-PiloAstro	3
569393c8-e2fe-4580-a45b-81f1b1e01135.muat.tsv	Eso-AdenoCA	4
f7d70fac-c76f-399e-e040-11ac0c482f9c.muat.tsv	Breast-AdenoCA	1
f87eb1b5-1712-ca1f-e040-11ac0c483848.muat.tsv	Bone-Osteosarc	0
23fa90d5-b273-4e2c-9c88-68aa57b60e97.muat.tsv	Eso-AdenoCA	4
f86e2d80-911b-7a19-e040-11ac0d486900.muat.tsv	Bone-Osteosarc	0
0bfd1068-3fcf-a95b-e050-11ac0c4860c3.muat.tsv	Prost-AdenoCA	14
e2b2357c-da6f-4ca3-9c07-a22f0423e8fe.muat.tsv	Skin-Melanoma	15
05c487aa-72d8-42e6-aa2b-b9b5ce273f5c.muat.tsv	Panc-Endocrine	13
fd163b56-1c2d-4e63-9fad-ba3221ae274b.muat.tsv	Prost-AdenoCA	14
7cd7fe38-c623-11e3-bf01-24c6515278c0.muat.tsv	Liver-HCC	7
7b318282-5df4-42bc-b1e0-0e4a66ba9204.muat.tsv	Panc-AdenoCA	12
1fd69adc-c623-11e3-bf01-24c6515278c0.muat.tsv	Liver-HCC	7
34d7b6cc-cfcf-4178-b075-f4d129ab18f7.muat.tsv	Head-SCC	5
1c10ab52-01a3-11e4-8395-af1f6b7ba88c.muat.tsv	Liver-HCC	7
f4798483-9e32-4e6a-8bb5-6f45af2a8ac5.muat.tsv	CNS-PiloAstro	3
85422a8e-2599-4dab-a257-150e380ecba8.muat.tsv	Kidney-RCC	6
f809247c-2bab-ab06-e040-11ac0d482b8a.muat.tsv	Breast-AdenoCA	1
f7d128d2-3964-e3bc-e040-11ac0d481667.muat.tsv	Breast-AdenoCA	1
2b54d668-7585-4bf4-9fdd-aea3c5cd4fa4.muat.tsv	Prost-AdenoCA	14
0bfd1068-3fdf-a95b-e050-11ac0c4860c3.muat.tsv	Prost-AdenoCA	14
30b9ab02-60f2-4974-85a9-874f247ae932.muat.tsv	Stomach-AdenoCA	16
850389d4-c622-11e3-bf01-24c6515278c0.muat.tsv	Liver-HCC	7
9c949c63-aa63-4a84-ac5a-b5260775cee6.muat.tsv	CNS-PiloAstro	3
86874a67-aa86-45f1-be32-3b2722ebedec.muat.tsv	Prost-AdenoCA	14
9b75735b-705d-4ebf-92a0-fbb190b95285.muat.tsv	Prost-AdenoCA	14
0cf9bbc2-cbd5-4b64-8d90-cfa416307b39.muat.tsv	Panc-AdenoCA	12
a3914a6c-c622-11e3-bf01-24c6515278c0.muat.tsv	Liver-HCC	7
8cce153d-953d-40c5-976b-60f6a143608c.muat.tsv	Lymph-CLL	9
3afae3fb-2d87-4724-a589-d31cce1f4c28.muat.tsv	Kidney-RCC	6
3bfbc33d-804b-4bb3-97ac-97563d77b13d.muat.tsv	Panc-AdenoCA	12
6e26f98e-c623-11e3-bf01-24c6515278c0.muat.tsv	Liver-HCC	7
5b41e033-6df8-411e-a13b-59eeb8afbf9b.muat.tsv	Panc-AdenoCA	12
4c3f733d-5fd5-4f67-af5f-8c36c5b37be2.muat.tsv	CNS-Medullo	2
631ab9d0-5400-400c-b0bc-c3e576bcfe06.muat.tsv	Panc-AdenoCA	12
e3eb5217-50e4-49e2-a6fa-f847d091f3c9.muat.tsv	Panc-Endocrine	13
6d3d5531-16b4-46ec-bd7e-394946855d62.muat.tsv	CNS-Medullo	2
868c95ad-45df-4f8e-9553-b7c2c5679deb.muat.tsv	CNS-Medullo	2
0bfd1043-7ebf-aaec-e050-11ac0c482f39.muat.tsv	Prost-AdenoCA	14
5a5a8409-a8f2-4c7b-85e5-b8bd85f2930c.muat.tsv	CNS-Medullo	2
230f53ef-be3f-495e-9b95-b0f670bd6908.muat.tsv	Panc-AdenoCA	12
ba940092-c622-11e3-bf01-24c6515278c0.muat.tsv	Liver-HCC	7
1a0ef226-41a5-4b56-9078-4b7834f0c976.muat.tsv	Panc-AdenoCA	12
ca49fdb1-d55a-427c-9819-90980dcd956f.muat.tsv	Lymph-CLL	9
48b15122-b1e9-4c30-8fc5-70a07686779a.muat.tsv	Panc-Endocrine	13
53df19a8-c623-11e3-bf01-24c6515278c0.muat.tsv	Liver-HCC	7
9aecfc8f-62ea-4acf-aa00-d1f0fe6c6556.muat.tsv	Ovary-AdenoCA	11
f90f8204-4d65-04fa-e040-11ac0c4841bb.muat.tsv	Myeloid-MPN	10
0a6be23a-d5a0-4e95-ada2-a61b2b5d9485.muat.tsv	Prost-AdenoCA	14
c14b2c74-447b-4526-a6e9-415d2728c7ca.muat.tsv	Prost-AdenoCA	14
8bda75a6-86b9-458e-948b-05049b4c52ce.muat.tsv	CNS-Medullo	2
1a4633c4-72a0-4e30-8c4c-345e04337627.muat.tsv	Lymph-BNHL	8
941fcb56-e059-403d-aab1-0692a3ecc45e.muat.tsv	Ovary-AdenoCA	11
f7f6619b-fae8-3381-e040-11ac0c483f78.muat.tsv	Breast-AdenoCA	1
e56b0990-ff67-47c1-b9ad-87ef1d4aa2ae.muat.tsv	Panc-AdenoCA	12
aa4bf69c-a1a6-48dc-96fc-3fe7d2680517.muat.tsv	CNS-Medullo	2
78bc4dfa-c622-11e3-bf01-24c6515278c0.muat.tsv	Liver-HCC	7
1558629a-770a-4dcb-b0bf-9a8bcea9d80b.muat.tsv	Prost-AdenoCA	14
f7b84bac-f161-9eee-e040-11ac0c4847ed.muat.tsv	Breast-AdenoCA	1
5cf21488-c622-11e3-bf01-24c6515278c0.muat.tsv	Liver-HCC	7
3f72f750-5666-44e7-acaf-a912d89475be.muat.tsv	Lymph-CLL	9
15563a10-47a8-401d-a507-2c7101f7ae60.muat.tsv	Lymph-CLL	9
d8995dfa-a780-4fe6-b3f8-fb464f51a1cf.muat.tsv	CNS-Medullo	2
43b675e0-22e0-42d6-a060-afc93e22ac95.muat.tsv	Prost-AdenoCA	14
134c9a92-e91e-4347-a9c4-727279edebb1.muat.tsv	Eso-AdenoCA	4
15678c3d-ce61-454d-849e-1d4ca358909b.muat.tsv	Lymph-BNHL	8
558239c7-a160-4228-8fdf-a0a1d2f62133.muat.tsv	Liver-HCC	7
ecfe388a-99f5-44b9-9226-a6ae6d892538.muat.tsv	Panc-AdenoCA	12
578ba169-1d2f-4187-b174-082bbc6a5bd2.muat.tsv	Lymph-BNHL	8
1bdfaa8a-1b7e-4251-b135-ce5e4568371b.muat.tsv	Lymph-CLL	9
dc7faf84-4438-447b-abcf-a3af87043654.muat.tsv	Panc-Endocrine	13
a3135834-3af0-4e98-bc6f-ad8ddf33db80.muat.tsv	Ovary-AdenoCA	11
47874ff4-0b1c-4a31-9192-2a10e93ce9a1.muat.tsv	Eso-AdenoCA	4
02706819-bcab-4c49-a569-a4a8c60db1c0.muat.tsv	CNS-PiloAstro	3
b4e5626b-44fe-4cdb-a7d5-42028e0dbc4d.muat.tsv	Panc-Endocrine	13
4255582e-c622-11e3-bf01-24c6515278c0.muat.tsv	Liver-HCC	7
8659a35e-c622-11e3-bf01-24c6515278c0.muat.tsv	Liver-HCC	7
3f3aff50-d71b-44af-85d4-f81e813ea420.muat.tsv	CNS-Medullo	2
c642b9cc-bdb1-4796-9692-8be92398be17.muat.tsv	Lymph-CLL	9
cba4de91-cce7-4edc-8450-d0a52c959586.muat.tsv	Panc-AdenoCA	12
4283773c-c04b-4f33-a398-f3566f6d293a.muat.tsv	Eso-AdenoCA	4
60e78c80-41a5-456a-9a81-9007d18fd72c.muat.tsv	Panc-AdenoCA	12
75fac59c-3346-4c5a-bb9f-fb67fec8d13b.muat.tsv	Panc-AdenoCA	12
51adf6cf-f422-4d7e-aa46-cc9bf0ef8693.muat.tsv	Prost-AdenoCA	14
27b56bf2-7a9d-4061-98d4-61fe2761578c.muat.tsv	Eso-AdenoCA	4
1ac54c6e-a1e4-4f3b-b4a5-cdb327e0dca6.muat.tsv	Panc-AdenoCA	12
759e20be-6a2b-4c54-aca0-6d358598d6f5.muat.tsv	Kidney-RCC	6
0a9c9db0-c623-11e3-bf01-24c6515278c0.muat.tsv	Liver-HCC	7
7c405ca0-c622-11e3-bf01-24c6515278c0.muat.tsv	Liver-HCC	7
d1804679-e728-4597-ac69-49554c087b9e.muat.tsv	Panc-AdenoCA	12
33070975-0f35-4518-9ffb-4c6170c32534.muat.tsv	Panc-AdenoCA	12
d707940e-0f9d-4da3-9380-90a422e44efd.muat.tsv	Eso-AdenoCA	4
1494bb16-f1f0-42a4-b10e-c383574cbc8b.muat.tsv	Lymph-BNHL	8
2b3837b3-ee29-4a08-848e-1206404da986.muat.tsv	Panc-AdenoCA	12
f8a165b0-51df-413c-b7c6-c7fc80547db4.muat.tsv	Prost-AdenoCA	14
a2238b5f-0513-487a-9b1b-7bef85ebf336.muat.tsv	Panc-AdenoCA	12
280a069c-38e5-4300-a15c-2612301b70e3.muat.tsv	Prost-AdenoCA	14
a65bcd07-c47d-4bda-a2bf-21f68cef2f3b.muat.tsv	CNS-Medullo	2
b070af2a-c622-11e3-bf01-24c6515278c0.muat.tsv	Liver-HCC	7
e4c8c7f0-5bac-4d59-91c4-c98207150548.muat.tsv	Panc-AdenoCA	12
def5526a-774a-4704-bb24-10c4e713649a.muat.tsv	Lymph-CLL	9
96cca60e-17dc-44c3-90f7-1b57b0e08e5f.muat.tsv	Panc-AdenoCA	12
2b02e3ad-4423-491e-993a-561e80dc7bcf.muat.tsv	Lymph-BNHL	8
0bfe2ac9-0afd-c248-e050-11ac0d487e1c.muat.tsv	Prost-AdenoCA	14
e053d377-e4f2-4aee-af7d-e61605e0f4f5.muat.tsv	Kidney-RCC	6
e68bc7b4-b6b1-4807-b52c-7c7a19cdc373.muat.tsv	CNS-PiloAstro	3
33992441-4f34-42f2-ba87-6ddd227f2250.muat.tsv	Eso-AdenoCA	4
a9ec7d9e-b179-4782-a589-43c7d1642be9.muat.tsv	Prost-AdenoCA	14
95cc9620-7686-4805-a96c-cf8e659847c3.muat.tsv	Panc-AdenoCA	12
3433b1f3-59d1-4ac2-9bbf-e0c4042b4ddc.muat.tsv	Skin-Melanoma	15
d1d2932b-f1c4-4080-9b75-dcf1ab0ab217.muat.tsv	CNS-PiloAstro	3
6d2a5ee7-9e46-4c09-a982-7b61b5d9bdea.muat.tsv	CNS-Medullo	2
3bb4c27b-4d0d-4d13-b910-41a9ebf95880.muat.tsv	Eso-AdenoCA	4
2bd56bba-c623-11e3-bf01-24c6515278c0.muat.tsv	Liver-HCC	7
2468e58c-c623-11e3-bf01-24c6515278c0.muat.tsv	Liver-HCC	7
a2a4021e-1273-4c18-907c-d20454ab898c.muat.tsv	CNS-Medullo	2
afd1f2e0-343c-416d-8e8f-2177f312c2f0.muat.tsv	CNS-PiloAstro	3
712e5f3c-c623-11e3-bf01-24c6515278c0.muat.tsv	Liver-HCC	7
d4cf11be-3bd7-403b-9722-91d8e8761e4d.muat.tsv	Eso-AdenoCA	4
fe63d42b-d471-45b6-9bdf-1a3b55465d37.muat.tsv	Panc-Endocrine	13
4a4309b0-2aca-4d6a-ac50-039b28406bba.muat.tsv	Lymph-BNHL	8
1f04210a-0c2e-4bb8-ac8e-86198e5f1d34.muat.tsv	Prost-AdenoCA	14
bb567851-d4ff-4a93-8576-04a37aea68af.muat.tsv	Kidney-RCC	6
675a5a32-b405-4f03-bfcd-756343d1dfaf.muat.tsv	Kidney-RCC	6
15fd8dc8-c622-11e3-bf01-24c6515278c0.muat.tsv	Liver-HCC	7
dd2e7b3c-c622-11e3-bf01-24c6515278c0.muat.tsv	Liver-HCC	7
adfbba82-c622-11e3-bf01-24c6515278c0.muat.tsv	Liver-HCC	7
eb1531b0-8af1-4b2b-9192-644cb47101fc.muat.tsv	Eso-AdenoCA	4
1f8d8720-30ca-4057-90f7-a34b8383eafe.muat.tsv	CNS-Medullo	2
7d7fff91-3f69-4123-b514-140ed3d9cd66.muat.tsv	Panc-AdenoCA	12
3ed783cf-2248-44a1-a2a2-d6b6519b91ef.muat.tsv	Panc-AdenoCA	12
d3b72600-a888-4ef6-ac5d-661c105405dd.muat.tsv	Liver-HCC	7
48fadd0f-6561-4294-bff4-d5e4f7dfe79f.muat.tsv	CNS-Medullo	2
1f967003-82d6-4932-a445-24fc25723594.muat.tsv	Eso-AdenoCA	4
f90b298a-0546-6c36-e040-11ac0c487a0b.muat.tsv	Myeloid-MPN	10
f9116dda-19f4-9e1b-e040-11ac0c4872b8.muat.tsv	Myeloid-MPN	10
b61f7f76-f365-4071-a28d-bf354d5a670d.muat.tsv	CNS-PiloAstro	3
ce6154e9-3f3a-442f-a608-35e1bab66927.muat.tsv	CNS-Medullo	2
f1504811-8363-41e6-b43c-62452b1262d3.muat.tsv	Ovary-AdenoCA	11
f925f24b-bffd-89ab-e040-11ac0d48682f.muat.tsv	Myeloid-MPN	10
8454fe53-869d-41c8-b0c8-a7929d00eec3.muat.tsv	Panc-AdenoCA	12
8b28f6d2-4b7d-493b-826e-b119a4fb0cb4.muat.tsv	Ovary-AdenoCA	11
bb5bedd3-d8fc-4739-8e6b-9e37223f8be2.muat.tsv	Eso-AdenoCA	4
f4baf913-c4ac-46f3-83b6-306b9182207d.muat.tsv	Kidney-RCC	6
2c48eefe-2a08-47bf-8e4d-cbaab6777150.muat.tsv	Panc-AdenoCA	12
0efb6e20-236d-4640-9373-6fc03e67d090.muat.tsv	Eso-AdenoCA	4
53534b3c-cd15-4d68-a9b1-6902bb234c45.muat.tsv	Panc-AdenoCA	12
7e4d570e-f26b-41fb-84c5-2a6f7d668bb5.muat.tsv	Prost-AdenoCA	14
5b178f44-c622-11e3-bf01-24c6515278c0.muat.tsv	Liver-HCC	7
f8efa5ad-3a4d-39d6-e040-11ac0c480132.muat.tsv	Myeloid-MPN	10
0b6cd7df-6970-4d60-b7b5-85002a7d8781.muat.tsv	Lymph-CLL	9
f86b6ba2-8f4b-ee53-e040-11ac0d485904.muat.tsv	Bone-Osteosarc	0
aa4a868a-df23-4eef-a618-e945aa2ce98a.muat.tsv	Panc-AdenoCA	12
2f79fe89-9d24-4fbe-ba5b-0ff6c3c4d663.muat.tsv	Prost-AdenoCA	14
3fba4880-cb7b-4ac5-ab5f-728614faa1ea.muat.tsv	Panc-AdenoCA	12
36680797-36de-413d-b2a1-8804ac1705e9.muat.tsv	Eso-AdenoCA	4
7d04f401-3505-410c-8def-0348ecd8aae2.muat.tsv	Panc-AdenoCA	12
2102558b-87b0-447b-bb9a-e4ae9df8b75e.muat.tsv	Panc-AdenoCA	12
4679f37a-4f09-449b-a1d8-1f02847996da.muat.tsv	Ovary-AdenoCA	11
2df17728-33e8-45ab-833b-ef68a5482daa.muat.tsv	Lymph-CLL	9
90de4296-0223-4b9f-8abb-6db278bfc932.muat.tsv	Lymph-CLL	9
f8e61a02-909d-a906-e040-11ac0d481b6e.muat.tsv	Myeloid-MPN	10
f7c7373c-1972-4968-e040-11ac0d486e80.muat.tsv	Breast-AdenoCA	1
b0d1fde4-928f-4f4c-bff6-33b885582bb5.muat.tsv	CNS-Medullo	2
0bfebf9f-c77f-e57d-e050-11ac0d487827.muat.tsv	Prost-AdenoCA	14
75cd90ef-e884-4812-bbf3-5a524d95147e.muat.tsv	Panc-AdenoCA	12
4e7e6e1f-c648-446f-bdf6-0b1fcc6dfa83.muat.tsv	Lymph-BNHL	8
2439ec74-1713-4d47-a5d9-886f69dddcb6.muat.tsv	Lymph-BNHL	8
32d8c373-b5c8-420b-9808-8812b5501649.muat.tsv	Prost-AdenoCA	14
759d30b2-ddb8-49e2-a604-57ff9222d3a0.muat.tsv	CNS-PiloAstro	3
8c443bd0-7987-44de-b312-5b859e6d13a9.muat.tsv	Panc-Endocrine	13
cc69fe94-0ecf-45ad-a03f-8fb7198e8657.muat.tsv	CNS-Medullo	2
c15a51cc-4fdc-4343-a410-13ddc238dac8.muat.tsv	Panc-AdenoCA	12
7a95af21-ca7c-4596-9c83-66d11ca0c417.muat.tsv	Prost-AdenoCA	14
60aff7a0-4960-4ed1-922b-3233ccbfdba1.muat.tsv	Panc-AdenoCA	12
f7e4a2a8-093d-9e36-e040-11ac0d480c7d.muat.tsv	Breast-AdenoCA	1
f85ae2b7-cebf-17a2-e040-11ac0c48033a.muat.tsv	Bone-Osteosarc	0
7a6cb147-a576-446d-a605-fa846ea3d1ad.muat.tsv	Liver-HCC	7
d4c9e5c6-c622-11e3-bf01-24c6515278c0.muat.tsv	Liver-HCC	7
9ed8f0b9-d615-44c4-9ec9-e07ecd744922.muat.tsv	Prost-AdenoCA	14
008aef39-0c97-48ce-9dfd-f12d67116c59.muat.tsv	Prost-AdenoCA	14
39aee9fc-fa27-4b71-b9e8-43ff34bd3930.muat.tsv	Prost-AdenoCA	14
e91ab7da-79a6-4ea0-bc24-7aacb39f7614.muat.tsv	Eso-AdenoCA	4
fc8130df-3147-3e94-e040-11ac0d485df8.muat.tsv	Breast-AdenoCA	1
f82d213f-bc99-5b1d-e040-11ac0c486880.muat.tsv	Bone-Osteosarc	0
d5f92ce6-796f-480d-bf98-e1080a279207.muat.tsv	CNS-Medullo	2
fc8130df-24d9-32f1-e040-11ac0d485df0.muat.tsv	Breast-AdenoCA	1
e127e9e4-c622-11e3-bf01-24c6515278c0.muat.tsv	Liver-HCC	7
4508ce0a-5a2e-4502-98e9-2fd76c4eebef.muat.tsv	Prost-AdenoCA	14
f93abbbf-5e13-9b85-e040-11ac0d485718.muat.tsv	Myeloid-MPN	10
acb5e263-111b-43d8-9bd1-adb9a54e0fc0.muat.tsv	Panc-Endocrine	13
79914ce9-04d8-4b0d-9f16-2e528044966e.muat.tsv	Prost-AdenoCA	14
f9c0a12c-2651-d9ea-e040-11ac0d483201.muat.tsv	Prost-AdenoCA	14
f8e61a02-6e5e-c8e2-e040-11ac0d481b70.muat.tsv	Myeloid-MPN	10
3b7810f7-f8ff-4d62-b766-3ba06170194c.muat.tsv	Kidney-RCC	6
69f37546-c622-11e3-bf01-24c6515278c0.muat.tsv	Liver-HCC	7
995a1ad2-faca-4a37-a59d-e62455985afb.muat.tsv	Lymph-BNHL	8
aa018d90-5250-4313-9f7c-a3f196765e07.muat.tsv	CNS-Medullo	2
f5bb7ae4-4bb4-4e87-b83c-bc8620584989.muat.tsv	Panc-AdenoCA	12
d4907a1b-8b06-47c5-8bca-c781d9cddaf8.muat.tsv	Panc-AdenoCA	12
94652d14-2e4d-4f4a-a4f7-8df77df788c0.muat.tsv	Panc-AdenoCA	12
fbd899a0-c622-11e3-bf01-24c6515278c0.muat.tsv	Liver-HCC	7
d7578910-c622-11e3-bf01-24c6515278c0.muat.tsv	Liver-HCC	7
3e2a85d0-c622-11e3-bf01-24c6515278c0.muat.tsv	Liver-HCC	7
f94c4f69-8119-4eaf-97c1-5106890c14d4.muat.tsv	Panc-AdenoCA	12
e5193d7e-e8b7-4098-bf98-8b3a62781d13.muat.tsv	Panc-AdenoCA	12
0bfe2ac9-0af8-c248-e050-11ac0d487e1c.muat.tsv	Prost-AdenoCA	14
3728982b-4547-4249-bd42-72a91d3fda8c.muat.tsv	Panc-Endocrine	13
1b7838c9-c685-41c3-b184-a2e40c7c4dc7.muat.tsv	Panc-Endocrine	13
42f00950-09c9-461a-8423-d5b04a96af10.muat.tsv	Panc-AdenoCA	12
fc9d93b6-92e8-acb7-e040-11ac0d487dee.muat.tsv	Prost-AdenoCA	14
f4e673a9-5b85-46e7-bcac-2ce6e1026896.muat.tsv	Panc-AdenoCA	12
d9e66fc5-9018-4568-b388-c5eb756f7823.muat.tsv	Ovary-AdenoCA	11
bd2f8133-3e71-4c5e-998f-0c1a9fdfb75f.muat.tsv	Stomach-AdenoCA	16
7ccb9a4d-6f48-41c2-a630-27fde8c67d60.muat.tsv	Panc-AdenoCA	12
a1a75f66-c622-11e3-bf01-24c6515278c0.muat.tsv	Liver-HCC	7
3afb3f57-545a-4ed5-9461-2fcb28d89399.muat.tsv	Kidney-RCC	6
0bfd1068-3fcd-a95b-e050-11ac0c4860c3.muat.tsv	Prost-AdenoCA	14
b37d6283-6f95-4975-a794-f3d5c4bbc7b3.muat.tsv	Panc-AdenoCA	12
7dddd413-d2c6-4f75-bbf6-3b202877546e.muat.tsv	CNS-Medullo	2
d91e1a92-837d-44d6-92d8-419f435effe0.muat.tsv	Stomach-AdenoCA	16
1b8fe07d-859c-4d91-ade1-6b2bcb5774ce.muat.tsv	Stomach-AdenoCA	16
3c86ba21-7b11-4ec7-9d20-a2325197c676.muat.tsv	Panc-AdenoCA	12
603594e3-e427-494c-b9ee-e872d6629563.muat.tsv	Kidney-RCC	6
3fb8f017-576f-4901-b8bf-3a58e5d43de3.muat.tsv	Panc-AdenoCA	12
7fdd07a4-4a27-40c3-af92-a0074e6391f5.muat.tsv	Ovary-AdenoCA	11
49fa7e44-c86f-4b1f-8849-e5fe5b9de734.muat.tsv	CNS-Medullo	2
f8593ac0-9480-22a0-e040-11ac0d48697a.muat.tsv	Bone-Osteosarc	0
f393bb05-53c2-f80a-e040-11ac0d484528.muat.tsv	Breast-AdenoCA	1
6cfce053-bfd6-4ca0-b74b-b2e4549e4f1f.muat.tsv	Lymph-CLL	9
9fb6b7be-0084-48f7-a256-6d170e72e97f.muat.tsv	Head-SCC	5
132f7f2a-b902-4343-aa08-cf6a7af10b9a.muat.tsv	Lymph-CLL	9
b9dbc78e-44ce-427c-bbeb-de8d097bde2c.muat.tsv	Lymph-BNHL	8
f269134a-e3d5-4020-bcf5-01fb42f914b2.muat.tsv	Kidney-RCC	6
09cb8bc5-13ac-44ac-9b7d-6de143373570.muat.tsv	Panc-AdenoCA	12
0bfebf9f-c783-e57d-e050-11ac0d487827.muat.tsv	Prost-AdenoCA	14
7ae510f8-c622-11e3-bf01-24c6515278c0.muat.tsv	Liver-HCC	7
3b55c58d-f95a-4a1d-9aa1-8d2c026656a9.muat.tsv	Lymph-BNHL	8
04b9837e-9ab5-4eb9-9a9c-ef49e3a62662.muat.tsv	CNS-Medullo	2
7d2da7ba-f57c-4083-9572-6fa98008083b.muat.tsv	Eso-AdenoCA	4
52d8ccfc-c623-11e3-bf01-24c6515278c0.muat.tsv	Liver-HCC	7
d2e4dc23-992d-4e44-add4-2972718083cb.muat.tsv	Ovary-AdenoCA	11
ded8b673-53df-4038-a375-7cd0fd2a1b9f.muat.tsv	Eso-AdenoCA	4
ea121956-77f5-4da3-ab15-0b825469eafe.muat.tsv	CNS-Medullo	2
47050918-c623-11e3-bf01-24c6515278c0.muat.tsv	Liver-HCC	7
ec5e2990-c622-11e3-bf01-24c6515278c0.muat.tsv	Liver-HCC	7
00c27940-c623-11e3-bf01-24c6515278c0.muat.tsv	Liver-HCC	7
c7d798b8-c622-11e3-bf01-24c6515278c0.muat.tsv	Liver-HCC	7
339a2c94-55c9-4113-a706-b0971fa2784f.muat.tsv	Prost-AdenoCA	14
fc9d5fc6-546f-27b7-e040-11ac0d485f87.muat.tsv	Prost-AdenoCA	14
0d0793c1-df1b-4db1-ba36-adcb960cc0f5.muat.tsv	Ovary-AdenoCA	11
f9c3eaad-a0d9-8bf8-e040-11ac0d481d8e.muat.tsv	Prost-AdenoCA	14
b16780b0-75ba-4304-87e0-33f1e321b622.muat.tsv	CNS-Medullo	2
5e9c69d2-c622-11e3-bf01-24c6515278c0.muat.tsv	Liver-HCC	7
4c4aa1b1-fda3-4c5b-b588-68aa727500ad.muat.tsv	Panc-AdenoCA	12
aa20b9ab-dba9-4002-ad45-cafa2f85cef7.muat.tsv	Lymph-BNHL	8
10db2142-c623-11e3-bf01-24c6515278c0.muat.tsv	Liver-HCC	7
27fcccdc-c622-11e3-bf01-24c6515278c0.muat.tsv	Liver-HCC	7
690e481c-c623-11e3-bf01-24c6515278c0.muat.tsv	Liver-HCC	7
fca2d62f-2756-939e-e040-11ac0d4865e6.muat.tsv	Prost-AdenoCA	14
fc8130e0-0e1f-b54d-e040-11ac0c48326c.muat.tsv	Breast-AdenoCA	1
1776f326-b12f-4355-8107-80fa6fcd2159.muat.tsv	Panc-AdenoCA	12
783579bd-e29d-457c-8236-1a80b557600c.muat.tsv	Prost-AdenoCA	14
7625877a-7a2b-466f-944b-9e56689ad47b.muat.tsv	Head-SCC	5
f7e7d61f-e2dc-b523-e040-11ac0c482000.muat.tsv	Breast-AdenoCA	1
0bfd1043-8173-e3e4-e050-11ac0c4860c5.muat.tsv	Prost-AdenoCA	14
efc39172-083c-4297-b922-3f58df781332.muat.tsv	Panc-AdenoCA	12
71982a1b-52a4-440f-bd5d-62a0e6cc7fd9.muat.tsv	Lymph-BNHL	8
f393bafd-1baa-e5f4-e040-11ac0d48450b.muat.tsv	Breast-AdenoCA	1
d31cce9d-1b38-44fd-9378-0d128e12a011.muat.tsv	Lymph-BNHL	8
de4f520c-c622-11e3-bf01-24c6515278c0.muat.tsv	Liver-HCC	7
ac2c8928-33a2-4aa0-8bc1-cdfa1ca0b56a.muat.tsv	Lymph-BNHL	8
b9bcba3a-c9be-4305-b5f4-c861282921e0.muat.tsv	Eso-AdenoCA	4
0bfe2ac9-0aee-c248-e050-11ac0d487e1c.muat.tsv	Prost-AdenoCA	14
d1be624b-eb76-4ce3-a6ba-ffc5b23953d3.muat.tsv	Lymph-CLL	9
3e1180a5-149c-4e6c-9a29-696e3ba567e3.muat.tsv	CNS-Medullo	2
28f41a20-b6d6-4ecc-888f-72f779ad9af7.muat.tsv	Panc-AdenoCA	12
f393bb0a-df7d-645c-e040-11ac0d484550.muat.tsv	Breast-AdenoCA	1
a330a96e-9897-4605-b5f1-5b5ef45cd365.muat.tsv	Ovary-AdenoCA	11
49ad3c8d-88cd-43cd-a273-1623fe2aec0b.muat.tsv	Kidney-RCC	6
cf2d34c4-c622-11e3-bf01-24c6515278c0.muat.tsv	Liver-HCC	7
c971ffa7-ce37-4138-b028-598a30478e25.muat.tsv	Eso-AdenoCA	4
b2d9aaff-5a48-48f0-bf55-bfd4ddaeccaf.muat.tsv	Liver-HCC	7
f921b592-fa4d-49f7-b773-81a0e903aaed.muat.tsv	Prost-AdenoCA	14
02917220-6a7a-46a1-8656-907e96bef88e.muat.tsv	Lymph-BNHL	8
bbe59385-5f83-43f6-a485-517c860bef6f.muat.tsv	Ovary-AdenoCA	11
0c0038ff-6cc6-b0b0-e050-11ac0d483d73.muat.tsv	Prost-AdenoCA	14
deb0de92-a46b-4e71-814c-2f6c5e97dbcd.muat.tsv	Kidney-RCC	6
50eb58ba-c623-11e3-bf01-24c6515278c0.muat.tsv	Liver-HCC	7
7f22b0f7-4040-4c84-939e-894c3050ef5d.muat.tsv	CNS-Medullo	2
1a5bf97e-3d49-4d3f-b385-ffa7a295be9c.muat.tsv	Panc-Endocrine	13
64b80154-c623-11e3-bf01-24c6515278c0.muat.tsv	Liver-HCC	7
31f3ff14-7d74-447c-a5da-9ad8336c3f3f.muat.tsv	Eso-AdenoCA	4
29548b5f-c88a-4908-8c46-e86483e75067.muat.tsv	Kidney-RCC	6
efbec43c-0c16-4006-abe8-c3ec2ec42c05.muat.tsv	Ovary-AdenoCA	11
1157a548-6770-4c89-a84c-bcf6f0e96ea8.muat.tsv	Lymph-CLL	9
45aedf22-c622-11e3-bf01-24c6515278c0.muat.tsv	Liver-HCC	7
2e76891c-b620-4cc0-9315-6f1217b09b1e.muat.tsv	Skin-Melanoma	15
f7e7b258-b4b2-e6c5-e040-11ac0d486773.muat.tsv	Breast-AdenoCA	1
edac1323-2497-45e6-9148-e9c955292ba2.muat.tsv	Panc-AdenoCA	12
eb1792ee-6946-4e0d-bdd1-c924328dba5d.muat.tsv	Liver-HCC	7
63a907ff-1042-4f9c-a385-55a32b3e103b.muat.tsv	Panc-Endocrine	13
35a74e53-16ff-4764-8397-6a9b02dfe733.muat.tsv	Skin-Melanoma	15
d277e679-9fdd-44cd-9f2c-f9927e44d721.muat.tsv	Prost-AdenoCA	14
ba67c02a-180b-43f3-b53c-2b77d84fbe3c.muat.tsv	Kidney-RCC	6
b54b9433-ec10-4cb5-a860-4555da64917b.muat.tsv	Panc-AdenoCA	12
ea4a5ca7-86f9-47c7-81be-0c2c669a999f.muat.tsv	Lymph-CLL	9
84a6ea88-eeb8-4060-a90c-e4abac013ad4.muat.tsv	Panc-AdenoCA	12
dc505248-ed04-4f77-a7c6-3fefbc5df27b.muat.tsv	Lymph-CLL	9
db2a1df8-487d-4dad-a347-5c5ed539d5ad.muat.tsv	Panc-AdenoCA	12
2321c412-7730-4694-bc8f-199d7e51a7f8.muat.tsv	CNS-Medullo	2
2564a262-03e8-467b-9ea2-f3ab38d75ae1.muat.tsv	Panc-AdenoCA	12
5935dd9d-d411-48f8-8512-aa73a63878b0.muat.tsv	Panc-Endocrine	13
14cbcbb1-028b-471a-bb4f-8b29cfa5e4eb.muat.tsv	Lymph-CLL	9
fc7f8eeb-9c40-123e-e040-11ac0c484061.muat.tsv	Breast-AdenoCA	1
35b951c0-edb0-47c4-9076-ede346ea7cb1.muat.tsv	CNS-Medullo	2
07f16397-71bb-4594-ad4d-caa7d2baeabd.muat.tsv	Prost-AdenoCA	14
909f3c5d-89fc-419b-a654-75ac1dbb149f.muat.tsv	CNS-Medullo	2
dc57c2e7-4c5b-4e2b-93c6-f032fcebc2fa.muat.tsv	Panc-Endocrine	13
8fa7549d-d0a6-4216-9763-74b0f21c0fd7.muat.tsv	CNS-PiloAstro	3
f939f757-a415-ad44-e040-11ac0d4868e5.muat.tsv	Myeloid-MPN	10
90fd404b-f734-41ed-a601-0f30e43625fc.muat.tsv	Prost-AdenoCA	14
33bcd589-80db-4a58-8f83-a48cb60e0fda.muat.tsv	Panc-AdenoCA	12
caf2e99d-8f1f-4043-b567-c3fe28dc33ac.muat.tsv	Prost-AdenoCA	14
3ad44032-01fb-4f84-b880-f01bb13a4359.muat.tsv	Panc-Endocrine	13
d709d214-02ee-46c1-a73a-e7074cb2623e.muat.tsv	Prost-AdenoCA	14
f8f61e36-b934-9410-e040-11ac0c4804cc.muat.tsv	Myeloid-MPN	10
ded2689b-8e37-480c-b37c-acc538e54ddf.muat.tsv	Panc-AdenoCA	12
706a1085-5994-4d04-b56b-d301c9ed5afa.muat.tsv	CNS-Medullo	2
34c24482-c623-11e3-bf01-24c6515278c0.muat.tsv	Liver-HCC	7
632f3eb0-c623-11e3-bf01-24c6515278c0.muat.tsv	Liver-HCC	7
fc8130df-2211-cfcc-e040-11ac0d485dde.muat.tsv	Breast-AdenoCA	1
6297aa77-37a0-4f46-987b-32bd8653c0c2.muat.tsv	Panc-AdenoCA	12
cef1fb1c-18fa-453a-b87f-295d3b0bc12b.muat.tsv	Panc-Endocrine	13
0bfd1043-7ed6-9ccc-e050-11ac0c481957.muat.tsv	Prost-AdenoCA	14
45614404-2149-4468-848c-0796e3757d62.muat.tsv	CNS-Medullo	2
78100212-65aa-4365-8b64-4b33f77732d5.muat.tsv	Panc-AdenoCA	12
1d6c9181-a02f-4c35-85b3-65dc5808f50e.muat.tsv	Prost-AdenoCA	14
0efee3f3-313b-44eb-b3b0-af975a1ded82.muat.tsv	Panc-AdenoCA	12
dccddb92-bb26-4dc9-a935-2320d089a54a.muat.tsv	CNS-PiloAstro	3
6d325c96-8f5c-4064-9806-4364016da8a4.muat.tsv	Prost-AdenoCA	14
a7e1deb7-2e3d-4e36-90c7-9cae34cdcfb3.muat.tsv	Lymph-CLL	9
6d3551d6-b5f4-4fd1-b8d7-8e5931096c19.muat.tsv	Kidney-RCC	6
569ff1b4-de87-4309-8484-80549aaf9485.muat.tsv	Panc-AdenoCA	12
81b4dd02-34ec-4ddc-8818-ed888a60ad88.muat.tsv	Lymph-BNHL	8
0ab4d782-9a50-48b9-96e4-6ce42b2ea034.muat.tsv	Skin-Melanoma	15
28e81540-4744-4865-b627-c7c9d8a3c2b8.muat.tsv	Eso-AdenoCA	4
4b44b313-6f74-4233-bec4-7e41c91c77f1.muat.tsv	Prost-AdenoCA	14
4de7441f-a609-4a75-9fe7-17a647079ac1.muat.tsv	Lymph-BNHL	8
289790a5-77bd-49a9-a1ec-478a8ecacd7f.muat.tsv	Prost-AdenoCA	14
34ab4c57-5240-4af7-a329-a5ab55934fd4.muat.tsv	Kidney-RCC	6
8d67c121-37d0-4fc0-a349-2c9452589d65.muat.tsv	Panc-AdenoCA	12
38d8e626-c622-11e3-bf01-24c6515278c0.muat.tsv	Liver-HCC	7
f9c3e4e3-1b95-b71a-e040-11ac0d4819e7.muat.tsv	Prost-AdenoCA	14
232b7754-b3c3-4530-9d24-3af40d9b2816.muat.tsv	Lymph-BNHL	8
3a6bce45-0431-49d8-82df-b1d9a738e5a6.muat.tsv	Ovary-AdenoCA	11
650fe009-da01-4717-89df-9c95fafe3d7e.muat.tsv	Lymph-BNHL	8
a89a2341-263d-4e7f-87fa-18d9692d6b2b.muat.tsv	Kidney-RCC	6
2790b964-63e3-49aa-bf8c-9a00d3448c25.muat.tsv	Skin-Melanoma	15
6495e68e-1434-45d3-a03d-f286447dda79.muat.tsv	Eso-AdenoCA	4
c0523251-3ac2-4292-bb00-9ae9ea9009f6.muat.tsv	Panc-AdenoCA	12
9ffe694e-b488-489e-bdbe-0800e505eec4.muat.tsv	Panc-AdenoCA	12
8ce95cae-6adb-4bac-b072-94e2d9b70017.muat.tsv	CNS-PiloAstro	3
bb45c6f5-49cb-418d-85bb-3ded165e2d07.muat.tsv	CNS-PiloAstro	3
d6faafa5-7279-4dc3-be71-45af5c855b34.muat.tsv	Panc-Endocrine	13
3e86e68b-d083-4450-b056-4cd0f8d4a084.muat.tsv	Prost-AdenoCA	14
21b1a37f-e91e-4ce1-83cf-bb89b8d0fb35.muat.tsv	Panc-AdenoCA	12
1df8939c-c622-11e3-bf01-24c6515278c0.muat.tsv	Liver-HCC	7
f2e639cc-c30c-459f-8afc-7ace7d0209c5.muat.tsv	Eso-AdenoCA	4
e76128b3-8629-4ffd-b02a-e3f0aae8b1a9.muat.tsv	CNS-Medullo	2
8ca665f8-fe78-48bf-8c0f-c606d92885d4.muat.tsv	Skin-Melanoma	15
6c31d730-1734-44ac-92b3-760981528723.muat.tsv	Ovary-AdenoCA	11
d60f880a-c622-11e3-bf01-24c6515278c0.muat.tsv	Liver-HCC	7
b3befa40-8f44-4eb6-ada0-ec395f460656.muat.tsv	Skin-Melanoma	15
ac23a8d2-ac42-4031-9dd4-9b56baeb246e.muat.tsv	Lymph-CLL	9
f221cbb5-eefa-187f-e040-11ac0c481708.muat.tsv	Breast-AdenoCA	1
5eddfb26-c623-11e3-bf01-24c6515278c0.muat.tsv	Liver-HCC	7
ed4b53cb-5473-4bc1-9d84-0b0ad93cbd57.muat.tsv	Panc-Endocrine	13
c19a1388-95e6-4708-a24c-3738f1908071.muat.tsv	Kidney-RCC	6
ec23a354-e339-4466-9a1b-8e886ef627e6.muat.tsv	Liver-HCC	7
4e8396f7-9506-4401-96b6-bb2e89557d59.muat.tsv	Skin-Melanoma	15
f9c39eb7-39a9-6626-e040-11ac0d4870c2.muat.tsv	Prost-AdenoCA	14
efec3225-de07-4559-9a90-95223495cc61.muat.tsv	Ovary-AdenoCA	11
0bfd1043-816e-e3e4-e050-11ac0c4860c5.muat.tsv	Prost-AdenoCA	14
c2aafb9c-230a-43df-9a43-b34aa145a7bd.muat.tsv	Kidney-RCC	6
2b6d4d66-7f0b-4bc0-b3d6-171956a937c5.muat.tsv	Panc-AdenoCA	12
a84915de-6562-4836-86f9-f2a05598296e.muat.tsv	Skin-Melanoma	15
3a551616-4840-4111-a8c5-b4aa773d82c2.muat.tsv	Eso-AdenoCA	4
b67208c4-c622-11e3-bf01-24c6515278c0.muat.tsv	Liver-HCC	7
e0aa815f-668a-4de9-bb32-3f215bb7f843.muat.tsv	Panc-AdenoCA	12
68054218-c623-11e3-bf01-24c6515278c0.muat.tsv	Liver-HCC	7
de581588-be15-4bf4-95d1-aa5478b53ab6.muat.tsv	Eso-AdenoCA	4
fc8130e0-0b9c-bbc9-e040-11ac0c483266.muat.tsv	Breast-AdenoCA	1
36962459-e81f-4b8c-a08d-df60ef3283a3.muat.tsv	Prost-AdenoCA	14
ca8fa9f5-3190-440d-9879-22e33d05ca6c.muat.tsv	Skin-Melanoma	15
fc806c50-2f6e-418d-e040-11ac0d485f01.muat.tsv	Breast-AdenoCA	1
00b9d0e6-69dc-4345-bffd-ce32880c8eef.muat.tsv	Lymph-BNHL	8
fccb865d-83ed-4bfe-ad84-0689813ae977.muat.tsv	CNS-Medullo	2
d4ea36e2-1323-4441-8c63-40ce269608f4.muat.tsv	CNS-Medullo	2
25f07374-313a-4100-9a60-3d21d2988fca.muat.tsv	Stomach-AdenoCA	16
bb02202f-d140-4bec-95ce-5c2b117a2167.muat.tsv	Prost-AdenoCA	14
8c850df7-d48e-4386-b3a5-cac5da865ea5.muat.tsv	Prost-AdenoCA	14
eb18e71d-2a27-4eae-aa27-4b2c0716d2ba.muat.tsv	Stomach-AdenoCA	16
a2a67c8a-c622-11e3-bf01-24c6515278c0.muat.tsv	Liver-HCC	7
917564e4-c622-11e3-bf01-24c6515278c0.muat.tsv	Liver-HCC	7
241abdfd-e6de-4830-a233-4bbc5f622725.muat.tsv	Panc-AdenoCA	12
fb8b5ff5-4164-4276-b75b-b0ee6bda7329.muat.tsv	Head-SCC	5
a3edc9cc-f54a-4459-a5d0-097879c811e5.muat.tsv	Panc-AdenoCA	12
bef21282-c622-11e3-bf01-24c6515278c0.muat.tsv	Liver-HCC	7
fc8130df-35ac-2304-e040-11ac0d485dda.muat.tsv	Breast-AdenoCA	1
0bfd1068-3fc3-a95b-e050-11ac0c4860c3.muat.tsv	Prost-AdenoCA	14
e6772001-dffc-4fb4-86e9-6c395edd176d.muat.tsv	Prost-AdenoCA	14
de4d6f9f-d64a-41b9-a928-64e79b9f7d5f.muat.tsv	Panc-Endocrine	13
2b40a733-7a63-4bb8-a953-95a4ee28f962.muat.tsv	Ovary-AdenoCA	11
8eb90ea4-c622-11e3-bf01-24c6515278c0.muat.tsv	Liver-HCC	7
5c8da06c-7964-4ad1-ac9e-d1b5507105d2.muat.tsv	Prost-AdenoCA	14
7df3a542-c623-11e3-bf01-24c6515278c0.muat.tsv	Liver-HCC	7
4c5228b5-bf31-4abd-a47c-d088e16dba13.muat.tsv	Prost-AdenoCA	14
ddb6c68e-0c90-4bde-a011-523600ce8b29.muat.tsv	CNS-PiloAstro	3
c158ac2a-c622-11e3-bf01-24c6515278c0.muat.tsv	Liver-HCC	7
4e913899-eeb8-4630-ba9d-41a81ced8069.muat.tsv	Ovary-AdenoCA	11
7f031d71-3cb7-4744-86bd-a3beecfe166e.muat.tsv	Skin-Melanoma	15
acb9750e-7e17-4cef-bee1-5d710f9bf3a7.muat.tsv	Prost-AdenoCA	14
f0b46dcd-ce45-4405-8744-8f8b35606b75.muat.tsv	CNS-PiloAstro	3
28f8d45f-4763-472e-9c4d-6787ba00164b.muat.tsv	Lymph-BNHL	8
f8e61a02-938b-9428-e040-11ac0d481b6c.muat.tsv	Myeloid-MPN	10
cbb788dd-964b-4cfd-80e1-979c7b5b3c52.muat.tsv	Kidney-RCC	6
11473a98-d953-45f9-abf5-709b68a4bae8.muat.tsv	Liver-HCC	7
1c9fbe26-1447-4335-aaab-06d6bb3e2741.muat.tsv	Panc-AdenoCA	12
0cdbabf2-c623-11e3-bf01-24c6515278c0.muat.tsv	Liver-HCC	7
1dd96495-5f83-4d36-96cf-b77cd0cbbfda.muat.tsv	Prost-AdenoCA	14
3b41cb48-c623-11e3-bf01-24c6515278c0.muat.tsv	Liver-HCC	7
079bcb09-a075-4313-9a3e-dd67734a8c5d.muat.tsv	Panc-AdenoCA	12
b97941dd-9844-4db2-9e25-42c725f47d70.muat.tsv	Ovary-AdenoCA	11
9650640f-154d-4696-aa96-3611c6fcee7b.muat.tsv	Head-SCC	5
edeea137-080d-42d3-a0ce-5cfe0d4a68e7.muat.tsv	Prost-AdenoCA	14
5df0aab4-0be2-4da3-a4b7-a10fca09a4ba.muat.tsv	Prost-AdenoCA	14
10136472-c623-11e3-bf01-24c6515278c0.muat.tsv	Liver-HCC	7
40b1e928-c623-11e3-bf01-24c6515278c0.muat.tsv	Liver-HCC	7
76a0d9c9-5e69-44e8-9ed2-6d2e387803fc.muat.tsv	Skin-Melanoma	15
2ea2294d-fab9-43ae-a222-370487495b06.muat.tsv	Prost-AdenoCA	14
8fc7a4cc-c25d-4372-bf17-2dae795e5596.muat.tsv	Kidney-RCC	6
145f2b89-8878-4390-b0f6-f09b02fb138a.muat.tsv	Prost-AdenoCA	14
5dce221a-c623-11e3-bf01-24c6515278c0.muat.tsv	Liver-HCC	7
498ecf81-921d-4df9-a6a4-a625f484e823.muat.tsv	Stomach-AdenoCA	16
9e6806c4-d331-4025-abee-2f576e3bf182.muat.tsv	Ovary-AdenoCA	11
f8e61a02-654c-c226-e040-11ac0d481b60.muat.tsv	Myeloid-MPN	10
1bd74f92-47f6-427e-af6f-299c3a7fe023.muat.tsv	CNS-Medullo	2
d5423a93-0a72-43cf-a7ae-9011f47553c7.muat.tsv	Lymph-CLL	9
51458c86-0fdd-470e-b059-1ffbffc92a7f.muat.tsv	Panc-AdenoCA	12
39c6c3b3-4683-4d11-984c-ed589188da65.muat.tsv	Panc-AdenoCA	12
fabf1f6c-c622-11e3-bf01-24c6515278c0.muat.tsv	Liver-HCC	7
f181848a-c622-11e3-bf01-24c6515278c0.muat.tsv	Liver-HCC	7
f393bb0c-3ffa-cb72-e040-11ac0d48455c.muat.tsv	Breast-AdenoCA	1
e1f0c565-6ed3-4e42-bc3e-c7b0003e837a.muat.tsv	Lymph-CLL	9
3ae3ce4a-54ec-4c3b-83f2-845696ea0fa1.muat.tsv	Panc-Endocrine	13
f1d9124e-dfa2-415e-b8b8-dd872fd3e2cb.muat.tsv	Panc-AdenoCA	12
7f795952-c623-11e3-bf01-24c6515278c0.muat.tsv	Liver-HCC	7
f1534b2a-5350-442c-bb9d-8c7142668d31.muat.tsv	Prost-AdenoCA	14
81c7a8c1-8a6a-4e78-a72c-f7c021c67ff7.muat.tsv	Stomach-AdenoCA	16
4f6f48bc-c622-11e3-bf01-24c6515278c0.muat.tsv	Liver-HCC	7
dd7d623b-b9af-4147-9aa6-e09793691f10.muat.tsv	Eso-AdenoCA	4
f858d813-f3c5-4ad9-8c20-9f231d6624d8.muat.tsv	Ovary-AdenoCA	11
f85add3d-e2e6-31f8-e040-11ac0d48479c.muat.tsv	Bone-Osteosarc	0
8fd5e62c-c622-11e3-bf01-24c6515278c0.muat.tsv	Liver-HCC	7
c3679262-63d7-463e-9501-6ab3f177aee8.muat.tsv	Panc-AdenoCA	12
06ecd127-6c24-422d-a7fb-bf5aee1b8b7b.muat.tsv	Liver-HCC	7
cf072bfe-3191-4a71-9e0b-decaa28365e1.muat.tsv	Panc-AdenoCA	12
bcf76f1a-7109-422d-94c9-5e8364895fa0.muat.tsv	Skin-Melanoma	15
00508f2b-36bf-44fc-b66b-97e1f3e40bfa.muat.tsv	Panc-Endocrine	13
7ae3671f-bf98-4693-8f35-3b762c9121d4.muat.tsv	Panc-Endocrine	13
4dac9498-c623-11e3-bf01-24c6515278c0.muat.tsv	Liver-HCC	7
6b20f942-7b89-497c-8a2e-ccce74d20ca9.muat.tsv	Panc-AdenoCA	12
0bfe2ac9-0af3-c248-e050-11ac0d487e1c.muat.tsv	Prost-AdenoCA	14
fc8130df-34f8-22c6-e040-11ac0d485de8.muat.tsv	Breast-AdenoCA	1
f8f024e5-7096-3047-e040-11ac0d481c0f.muat.tsv	Myeloid-MPN	10
bb66787e-e0b2-45b6-b452-98a6c32132e7.muat.tsv	CNS-PiloAstro	3
f9c3bc8e-dbc4-1ed0-e040-11ac0d4803a9.muat.tsv	Prost-AdenoCA	14
0bfd1043-8175-e3e4-e050-11ac0c4860c5.muat.tsv	Prost-AdenoCA	14
f9039bd6-8fa6-37cb-e040-11ac0d486d06.muat.tsv	Myeloid-MPN	10
c6a28615-1b92-4085-956e-eeedb2573c03.muat.tsv	Prost-AdenoCA	14
95730d8b-327a-402c-a8bf-d71370f777a7.muat.tsv	Prost-AdenoCA	14
98e8f23c-5970-4fce-9551-4b11a772fe1b.muat.tsv	Skin-Melanoma	15
1168944c-5451-4a18-8758-88bf5723bdd9.muat.tsv	Panc-AdenoCA	12
9de495d1-55b2-4535-9b0a-a999df35977c.muat.tsv	Eso-AdenoCA	4
56ddcb96-e90b-4fce-aa4c-c677bbfee488.muat.tsv	Skin-Melanoma	15
6172ca02-c622-11e3-bf01-24c6515278c0.muat.tsv	Liver-HCC	7
0ed2e2e1-2fe3-43eb-8cad-34f3f21a7169.muat.tsv	Prost-AdenoCA	14
f9c07ba7-152a-f624-e040-11ac0c484cd5.muat.tsv	Prost-AdenoCA	14
dbfa4e8a-c622-11e3-bf01-24c6515278c0.muat.tsv	Liver-HCC	7
c95a2b1b-726c-4608-9fff-d57b6f1aa75a.muat.tsv	Skin-Melanoma	15
78103d9b-0b8a-431e-bb58-5c99fbea12e4.muat.tsv	Panc-AdenoCA	12
7c477f01-8000-49dc-a692-e47fc15e0b4f.muat.tsv	Panc-Endocrine	13
170ad241-9e24-469b-b7ca-3fd783a89b21.muat.tsv	Panc-AdenoCA	12
bdbcffb0-c7da-4e7d-8002-9feffe48533c.muat.tsv	Lymph-BNHL	8
f9c0a0d9-5af6-4476-e040-11ac0d4830d3.muat.tsv	Prost-AdenoCA	14
cb753e6f-5ea3-4b58-9db3-7a62d15c8b2e.muat.tsv	Eso-AdenoCA	4
01df36af-3617-40fc-9892-f54ce433cf71.muat.tsv	Ovary-AdenoCA	11
e6f7344b-951f-4f3f-b140-7bf53164c462.muat.tsv	Ovary-AdenoCA	11
f075dcdb-4b6a-4186-bfc5-c1787c4a14ac.muat.tsv	Lymph-BNHL	8
b28f7607-f162-425f-b44d-64e9633c8824.muat.tsv	Kidney-RCC	6
cb89cea8-f78e-4024-97c2-8f24debee1bc.muat.tsv	CNS-Medullo	2
9b3e7a03-cf8c-4da8-bc36-20129d7783ba.muat.tsv	Lymph-BNHL	8
1a134c18-ced3-4bae-9f15-5f0f09526639.muat.tsv	CNS-PiloAstro	3
f7ed28a6-8f5f-e87b-e040-11ac0c48120e.muat.tsv	Breast-AdenoCA	1
2e0bbaf6-c623-11e3-bf01-24c6515278c0.muat.tsv	Liver-HCC	7
f9837a56-7244-4846-a63d-266e6a92f168.muat.tsv	Lymph-BNHL	8
9c00828e-e9ae-4b9c-959e-34837ee2b230.muat.tsv	Eso-AdenoCA	4
4db9e471-0068-4ec6-9bcb-33ef5fdec33e.muat.tsv	Panc-AdenoCA	12
e41bc2ec-3e0b-4c37-806b-3f6f25c8c4db.muat.tsv	Prost-AdenoCA	14
46e503ae-461d-443a-869b-f261c5570de1.muat.tsv	CNS-PiloAstro	3
7e10e325-16d2-42df-b957-df4d3a9477d0.muat.tsv	Prost-AdenoCA	14
6a129b50-c623-11e3-bf01-24c6515278c0.muat.tsv	Liver-HCC	7
293a2f0a-4846-4c7c-b8b1-bb741c8d3275.muat.tsv	Eso-AdenoCA	4
6d936ef9-b5df-44d3-831f-528bf8ddc131.muat.tsv	Prost-AdenoCA	14
fc9d5fc6-719b-0525-e040-11ac0d485f83.muat.tsv	Prost-AdenoCA	14
304c3e10-583c-421d-ab01-15c937d5014a.muat.tsv	Prost-AdenoCA	14
008bad10-d41b-4bbb-86fa-9976ecea46b1.muat.tsv	Prost-AdenoCA	14
9ae33a63-6b1a-43bf-9205-463c867bcbc4.muat.tsv	Eso-AdenoCA	4
f410b432-c622-11e3-bf01-24c6515278c0.muat.tsv	Liver-HCC	7
7f94d650-41b9-4664-bcde-dc8533e4602d.muat.tsv	Eso-AdenoCA	4
f92a78d1-90ff-70c8-e040-11ac0d485eca.muat.tsv	Myeloid-MPN	10
fc8130e0-0d25-b475-e040-11ac0c483277.muat.tsv	Breast-AdenoCA	1
07835447-5d7e-4828-80fd-89b063989c9a.muat.tsv	Lymph-BNHL	8
25f73b03-4ba8-47ba-ad80-6ccb82105c98.muat.tsv	Ovary-AdenoCA	11
ef76231d-5a21-4bbd-9847-c01be6fe8916.muat.tsv	CNS-PiloAstro	3
b8270565-9e02-4d46-9534-08206bfd027a.muat.tsv	Panc-AdenoCA	12
f87e94a9-ef37-fcba-e040-11ac0c482332.muat.tsv	Bone-Osteosarc	0
e64e9f76-c622-11e3-bf01-24c6515278c0.muat.tsv	Liver-HCC	7
9c857452-c81d-4b9e-87a8-5b41f4394f7c.muat.tsv	Panc-AdenoCA	12
aa215f18-ae1f-4f0e-89dd-ac59ee8c8c44.muat.tsv	Panc-Endocrine	13
af2cbdb6-c622-11e3-bf01-24c6515278c0.muat.tsv	Liver-HCC	7
79fa8423-2014-4536-a1f9-cb48aed3c45f.muat.tsv	Kidney-RCC	6
a31b6123-c1b7-4cd0-86d8-b2e640cce9da.muat.tsv	Lymph-BNHL	8
c9ca979d-b3ad-4ff0-92d0-140105413d28.muat.tsv	CNS-PiloAstro	3
f7b84c09-15d4-3046-e040-11ac0c4847ff.muat.tsv	Breast-AdenoCA	1
7f42e118-aab6-438a-9e84-e7451fe12d7e.muat.tsv	Panc-AdenoCA	12
f91faa2e-ea53-bef4-e040-11ac0d485f5d.muat.tsv	Myeloid-MPN	10
f92b8fda-350b-17d5-e040-11ac0c480ce8.muat.tsv	Myeloid-MPN	10
870e7aa5-a9c2-4c4e-afa8-36bb3bdc4eee.muat.tsv	Lymph-CLL	9
09508a0d-ebe0-4fa1-b7b2-1710814181cd.muat.tsv	Ovary-AdenoCA	11
f6189828-eeaa-4d21-b163-53bf3d47a640.muat.tsv	Ovary-AdenoCA	11
f7cc504a-37c9-45f5-b50d-599c54dca157.muat.tsv	Prost-AdenoCA	14
0e7ac212-0469-4f17-9432-205ab1831257.muat.tsv	Panc-Endocrine	13
08d2a566-8407-4e9b-836c-bf5e1e9f85b2.muat.tsv	Stomach-AdenoCA	16
53ac794d-1067-43e0-8dc0-43b131f43ec5.muat.tsv	CNS-PiloAstro	3
2572b0bc-c622-11e3-bf01-24c6515278c0.muat.tsv	Liver-HCC	7
8930735a-4eb4-4489-8513-d4b600c316ab.muat.tsv	Prost-AdenoCA	14
41de507a-c623-11e3-bf01-24c6515278c0.muat.tsv	Liver-HCC	7
4d1a4587-adb4-4a65-943e-f19efe8de142.muat.tsv	Lymph-BNHL	8
f9052bfc-94a0-cb29-e040-11ac0c48284a.muat.tsv	Myeloid-MPN	10
a6e24c2a-26b9-409c-bbcd-a8fcdd1e437c.muat.tsv	Skin-Melanoma	15
7260f57c-c623-11e3-bf01-24c6515278c0.muat.tsv	Liver-HCC	7
4c027164-12de-456f-b933-6bc91f70b46f.muat.tsv	Panc-AdenoCA	12
39d38c06-3779-4ca4-b103-1d096f93dae8.muat.tsv	Panc-AdenoCA	12
1b06afe2-c623-11e3-bf01-24c6515278c0.muat.tsv	Liver-HCC	7
494701ce-05d4-440b-a65e-d925902b9d42.muat.tsv	Kidney-RCC	6
e84e0649-a2e8-4873-9cb6-1aa65601ae3a.muat.tsv	Lymph-BNHL	8
5b4b2312-acb5-4329-8d46-7f93213e3daf.muat.tsv	Lymph-CLL	9
8c4ebff2-8318-4046-98f5-da8f6b1a9e3b.muat.tsv	Panc-Endocrine	13
cd9efdef-a7fb-49e5-9515-63606ae8bbfc.muat.tsv	Ovary-AdenoCA	11
cb381d49-4546-400c-af02-f877083caa0a.muat.tsv	Eso-AdenoCA	4
f86975a2-78a4-ef8c-e040-11ac0c4809da.muat.tsv	Bone-Osteosarc	0
db4d1d04-1189-4c0e-99a7-904667af07b5.muat.tsv	Kidney-RCC	6
25cf7449-8c5b-403e-aa75-e2af158598e8.muat.tsv	Panc-AdenoCA	12
1ac15380-04a2-42dd-8ade-28556a570e80.muat.tsv	Skin-Melanoma	15
d5c87d16-172f-4790-8867-949dcaa534d4.muat.tsv	Kidney-RCC	6
b47aa163-eec9-4225-940b-4373e78152e2.muat.tsv	Panc-AdenoCA	12
39c476fd-273b-4136-874c-53352f1be008.muat.tsv	Skin-Melanoma	15
a7314730-c622-11e3-bf01-24c6515278c0.muat.tsv	Liver-HCC	7
79e81ab3-5466-4324-9387-2de00d62315c.muat.tsv	Lymph-BNHL	8
5042b417-d14e-42bb-b6f3-de303346a252.muat.tsv	Liver-HCC	7
25c32aca-6738-43ef-a103-243f2f9a3b43.muat.tsv	Panc-AdenoCA	12
c3cb64b3-842b-4b42-8c42-020a0206eb06.muat.tsv	Prost-AdenoCA	14
f9718c44-c622-11e3-bf01-24c6515278c0.muat.tsv	Liver-HCC	7
19085f7d-e6a6-406f-bd09-520a27e0283d.muat.tsv	Liver-HCC	7
669f0e01-28f6-4ed8-bdb5-73f84ea28f78.muat.tsv	Ovary-AdenoCA	11
5702affd-eafe-42a4-8f56-c1f22f8f184d.muat.tsv	Panc-Endocrine	13
371235d9-55b8-40a7-8cd6-baa7c2ad0493.muat.tsv	Eso-AdenoCA	4
4a4e0397-8702-46ef-aaa8-3980f03a40bf.muat.tsv	Panc-AdenoCA	12
dcc938da-3e45-4c2f-ae0f-47817be04518.muat.tsv	Prost-AdenoCA	14
8be6b14d-286a-471b-a282-ab98bc6050c3.muat.tsv	Panc-AdenoCA	12
41027c0b-85af-4c78-bba0-0da63cd75fa9.muat.tsv	Prost-AdenoCA	14
1bbfe6f2-ad19-4d29-895b-973f5a91c707.muat.tsv	Prost-AdenoCA	14
0bfd1043-7344-fdd0-e050-11ac0c484cab.muat.tsv	Prost-AdenoCA	14
74e5905f-6350-498a-9454-9ea0593d2f56.muat.tsv	Skin-Melanoma	15
fdf7dfb7-9285-46b3-be60-672164507705.muat.tsv	Lymph-BNHL	8
ba096d4f-5a6c-4c31-ae03-e7483cf58c38.muat.tsv	Eso-AdenoCA	4
123c9d1c-72ba-4d82-8e57-d5caa52a40ba.muat.tsv	Ovary-AdenoCA	11
d7f8e1f3-a9a7-4929-92df-1283bac815d2.muat.tsv	Stomach-AdenoCA	16
866ecfe7-caa6-4565-9418-6b9d6c8a3b43.muat.tsv	Lymph-BNHL	8
db98d6d5-94a5-4559-8f29-49eb74f83ce3.muat.tsv	CNS-PiloAstro	3
b33b7c8f-0b0d-4009-88a7-48e9d9cae6cb.muat.tsv	Prost-AdenoCA	14
f7d7b3db-02af-61cb-e040-11ac0c480c03.muat.tsv	Breast-AdenoCA	1
f9c51617-3fcb-91c5-e040-11ac0d484abf.muat.tsv	Prost-AdenoCA	14
c9e7cff0-aec2-4ff2-8091-7cbea2bf5991.muat.tsv	Panc-Endocrine	13
f4e926fd-006e-4c85-b71c-1433c325acb0.muat.tsv	Panc-AdenoCA	12
e592e8db-b3d1-4ab5-ae0d-de4b5b4c0f1a.muat.tsv	CNS-PiloAstro	3
2e43e0ca-54ea-482e-acf2-0048d9187a5c.muat.tsv	Panc-AdenoCA	12
73058c80-607e-4b55-b112-8f8f6775d014.muat.tsv	Panc-AdenoCA	12
f393baf9-2710-9203-e040-11ac0d484504.muat.tsv	Breast-AdenoCA	1
6ce66be0-c623-11e3-bf01-24c6515278c0.muat.tsv	Liver-HCC	7
6622f932-c622-11e3-bf01-24c6515278c0.muat.tsv	Liver-HCC	7
2a8d63eb-0174-4213-9214-413f391f512c.muat.tsv	Ovary-AdenoCA	11
fc93b9ab-760a-5223-e040-11ac0c482177.muat.tsv	Breast-AdenoCA	1
0bfe2ac9-0af5-c248-e050-11ac0d487e1c.muat.tsv	Prost-AdenoCA	14
e7603fc8-9b73-4c17-86f9-46ca1bceeb1d.muat.tsv	Panc-AdenoCA	12
131332b2-ff51-4bd7-a626-aff2ecea6135.muat.tsv	Prost-AdenoCA	14
9c730cfb-3fd6-428a-a0a4-c061ca5db06c.muat.tsv	Lymph-CLL	9
baa02e74-9cae-4996-858e-17d9f52d924b.muat.tsv	Lymph-BNHL	8
59938f45-3e57-43d6-af3b-bb4968249e5a.muat.tsv	Prost-AdenoCA	14
003819bc-c415-4e76-887c-931d60ed39e7.muat.tsv	CNS-PiloAstro	3
a284fe9d-9afd-4472-8d70-243ca9be5c2c.muat.tsv	Eso-AdenoCA	4
ed46bb2e-97e3-4914-a086-de80e00d6ee8.muat.tsv	CNS-Medullo	2
d74be531-b0fd-42c3-954e-4a4f7eef922a.muat.tsv	Prost-AdenoCA	14
0bfd1043-8187-e3e4-e050-11ac0c4860c5.muat.tsv	Prost-AdenoCA	14
1447c8cb-25d4-4092-8919-4df08f898d2d.muat.tsv	Panc-AdenoCA	12
0f9e70b3-24cf-4d76-af7b-84ace66ec5a7.muat.tsv	Head-SCC	5
f6e758a5-150f-4424-90b7-1c1a34aec9a3.muat.tsv	Kidney-RCC	6
754d26af-f184-497c-856a-cd1ea7a5115c.muat.tsv	Panc-AdenoCA	12
bf91afc4-aa2b-4365-80c5-b98c9d118e10.muat.tsv	Panc-Endocrine	13
2bd9ccca-3fae-4b66-a762-6f30d6276222.muat.tsv	Panc-AdenoCA	12
368e592d-260c-4f58-81c4-a9f1e6177a4b.muat.tsv	Panc-AdenoCA	12
d1875ee6-6677-4117-a7a8-930ab5cde775.muat.tsv	Prost-AdenoCA	14
c955387a-16e5-447c-8e69-e4c04a9861d5.muat.tsv	CNS-Medullo	2
f393bb01-6ed7-9533-e040-11ac0d484521.muat.tsv	Breast-AdenoCA	1
30600994-c1ec-44c9-a620-3f6c617eb928.muat.tsv	Skin-Melanoma	15
96e99cf0-707e-49f3-9ec6-cb4f90ecf7e4.muat.tsv	Panc-Endocrine	13
7117854b-6f0a-4a43-b66c-506a3e29377d.muat.tsv	Skin-Melanoma	15
18f5e75e-c623-11e3-bf01-24c6515278c0.muat.tsv	Liver-HCC	7
924613ef-8732-4703-a387-136d37b2ba6b.muat.tsv	CNS-PiloAstro	3
155873b2-e5de-405f-87f6-6de0d238b160.muat.tsv	Kidney-RCC	6
9e0009d1-c993-4247-9706-88ee84591dec.muat.tsv	Skin-Melanoma	15
a3210fd0-344c-468e-8ff2-2d0869a2fb75.muat.tsv	Panc-AdenoCA	12
9cb80280-c622-11e3-bf01-24c6515278c0.muat.tsv	Liver-HCC	7
d392ded3-afc8-4c79-b278-40245f18f2f8.muat.tsv	Ovary-AdenoCA	11
d333b55b-8bac-4a99-9d23-3cc0c25057bf.muat.tsv	Panc-AdenoCA	12
f9c0a08b-d1e5-4c18-e040-11ac0c4864df.muat.tsv	Prost-AdenoCA	14
4dc9b032-7f7b-486d-a12b-8461af89501d.muat.tsv	Stomach-AdenoCA	16
d926a39f-d057-4e78-8907-b74f52157d99.muat.tsv	Kidney-RCC	6
e23462f2-cb86-4a3e-8521-221f4bec247c.muat.tsv	CNS-Medullo	2
b5dd0bc9-6c1c-4272-b920-744de37d0aee.muat.tsv	Panc-AdenoCA	12
fc8130e0-0bc1-bba7-e040-11ac0c483289.muat.tsv	Breast-AdenoCA	1
1659bae5-3140-4d05-891c-81b48277b2fc.muat.tsv	Ovary-AdenoCA	11
e2fa7251-507e-4d76-95a3-a228adc3885a.muat.tsv	Lymph-BNHL	8
64e5ee38-e5c6-4911-ad87-c50dd8e52f1b.muat.tsv	CNS-PiloAstro	3
02e5c36f-5bec-45e2-a048-875653b85ca1.muat.tsv	Panc-AdenoCA	12
836ec5a5-e385-4236-83e7-2641ee35db7f.muat.tsv	Prost-AdenoCA	14
8cf713ff-256b-4411-a1b4-5bf6f445b747.muat.tsv	Liver-HCC	7
ae82fead-2671-4335-a342-67bb69935ad9.muat.tsv	Ovary-AdenoCA	11
1bd47e40-d708-4ca2-b4b3-eb8d996c916b.muat.tsv	Prost-AdenoCA	14
bd3028c7-1fde-401d-a6b2-5f8e61eb4aa1.muat.tsv	Prost-AdenoCA	14
69fe982d-6ab8-49b7-9efa-8349d60eb076.muat.tsv	Panc-Endocrine	13
55e5497a-c623-11e3-bf01-24c6515278c0.muat.tsv	Liver-HCC	7
a1af7c42-47af-435c-bb51-b932a3cd7b91.muat.tsv	Prost-AdenoCA	14
436af904-65b2-4196-ad8c-a4e98081ee41.muat.tsv	CNS-Medullo	2
6f4d836f-e86f-4b12-9549-7117f59e3d4a.muat.tsv	CNS-PiloAstro	3
12d7121a-0345-4808-a819-09d6e3227bd5.muat.tsv	CNS-Medullo	2
31c75873-abb4-4d88-9e2f-07497a6c892d.muat.tsv	Panc-AdenoCA	12
fdf9a814-c622-11e3-bf01-24c6515278c0.muat.tsv	Liver-HCC	7
8c233a11-3b2e-4273-bbe1-b5a5f5a351d5.muat.tsv	Panc-AdenoCA	12
52f43b72-15ea-40a0-a3b4-4bf22bc0bf25.muat.tsv	Panc-AdenoCA	12
4b5d9d8c-ff95-45f4-9287-2804e8a98ade.muat.tsv	Panc-Endocrine	13
4808f9e1-452d-45eb-9b87-2f87c67d3452.muat.tsv	Lymph-CLL	9
30a8f292-c623-11e3-bf01-24c6515278c0.muat.tsv	Liver-HCC	7
49900a43-d42e-4052-a8cb-1563b82ad0a0.muat.tsv	CNS-PiloAstro	3
145f6dbb-9744-44f7-8485-e440689de3fd.muat.tsv	Liver-HCC	7
89dad92e-5b3f-479a-a6da-a94ee7df7f8a.muat.tsv	Ovary-AdenoCA	11
29127cde-548f-4c42-96cf-6f0020c3db9a.muat.tsv	Panc-Endocrine	13
6c642c0b-4dd0-406c-ac68-ea376802d61b.muat.tsv	CNS-Medullo	2
44406493-37f4-48c7-961b-8714be50773a.muat.tsv	Panc-Endocrine	13
a6d8467e-88e3-4ea5-8583-61c5ab9747ae.muat.tsv	Prost-AdenoCA	14
59c18694-8a43-41dd-a6f6-52a20bc8dd54.muat.tsv	Prost-AdenoCA	14
1193a9c4-5aab-4cd7-a690-60c96bd1172d.muat.tsv	Lymph-CLL	9
58d3e932-b4a3-4cac-a6ac-73160e354a15.muat.tsv	Skin-Melanoma	15
36160be6-368f-4cdb-b1ee-9ed5b64462fa.muat.tsv	CNS-PiloAstro	3
67189cd8-c623-11e3-bf01-24c6515278c0.muat.tsv	Liver-HCC	7
af9cfac8-7fbe-49cb-aeca-8d68aea57994.muat.tsv	Panc-AdenoCA	12
306ef5bc-97d0-4312-ae0e-343c4e31d869.muat.tsv	Prost-AdenoCA	14
ea83f4e6-d2fa-481e-9e2f-e0489f3cbc93.muat.tsv	CNS-PiloAstro	3
120f01d1-8884-4aca-a1cb-36b207b2aa3a.muat.tsv	Prost-AdenoCA	14
f91ba748-5a05-e738-e040-11ac0c486a08.muat.tsv	Myeloid-MPN	10
02078f77-2b35-4fa3-ab02-2c017181295e.muat.tsv	CNS-PiloAstro	3
9a015939-8810-4808-9dfa-fb60a1173bc7.muat.tsv	Kidney-RCC	6
11ae45fb-05f6-425a-9295-d50d13407006.muat.tsv	CNS-PiloAstro	3
b4860b5f-0a80-4fb2-81e1-4bafeb525b1c.muat.tsv	Panc-Endocrine	13
5d9ff58c-5702-48fc-a66a-d1276327fd49.muat.tsv	Panc-AdenoCA	12
fca6150f-d555-a29e-e040-11ac0d4873b2.muat.tsv	Breast-AdenoCA	1
f86b7e84-7040-c751-e040-11ac0c485675.muat.tsv	Bone-Osteosarc	0
a1724132-f95c-4622-8987-fe3183b9dce3.muat.tsv	Lymph-CLL	9
20d1b88b-3ff6-4201-a748-6a993500c652.muat.tsv	Panc-AdenoCA	12
99e7016a-c3c1-431c-8838-beb78a3cc017.muat.tsv	Lymph-CLL	9
f7c6a336-3126-7580-e040-11ac0c485971.muat.tsv	Breast-AdenoCA	1
108749d2-5c62-4ef1-92df-aec6941ba53b.muat.tsv	Skin-Melanoma	15
bdc039d6-4817-4e6f-b8c6-a40b1e8e1a06.muat.tsv	CNS-Medullo	2
d0469256-c622-11e3-bf01-24c6515278c0.muat.tsv	Liver-HCC	7
22d67778-61fc-4f15-95b8-7e7c6cc7112b.muat.tsv	Skin-Melanoma	15
96a2896c-1e32-4827-a526-6b7104832f9a.muat.tsv	Eso-AdenoCA	4
86cbb7ad-b22b-414f-a122-77d38c77207d.muat.tsv	CNS-PiloAstro	3
7edc42d3-d08e-4360-a3e1-aeb57cfc6640.muat.tsv	Skin-Melanoma	15
2b4feb84-89e4-4c38-8561-5ffab02c8132.muat.tsv	Ovary-AdenoCA	11
66b4a1f3-480f-4050-96ac-920c1c080864.muat.tsv	Lymph-CLL	9
de92d076-24b7-46eb-8df6-56094d264f3b.muat.tsv	CNS-PiloAstro	3
2e69c886-535b-4ff0-9236-abf6799acdbd.muat.tsv	Eso-AdenoCA	4
16d5519e-ecb9-4fc8-81f1-e0e4adf722a8.muat.tsv	Skin-Melanoma	15
fe4611c2-bd37-4605-adfe-60efe0392b03.muat.tsv	CNS-PiloAstro	3
3a49a936-c623-11e3-bf01-24c6515278c0.muat.tsv	Liver-HCC	7
f920ef57-c942-d2e1-e040-11ac0d481706.muat.tsv	Myeloid-MPN	10
0bfd1043-817c-e3e4-e050-11ac0c4860c5.muat.tsv	Prost-AdenoCA	14
741c4656-0fd0-416e-86c8-f6533b6c96f4.muat.tsv	Kidney-RCC	6
3e94aa64-7dd3-4d63-a5de-b4050d3dfafa.muat.tsv	Lymph-BNHL	8
fc8130df-897d-5404-e040-11ac0d485e0a.muat.tsv	Breast-AdenoCA	1
dd8f3e1c-6ed6-41c2-957d-6f679a3cb3ca.muat.tsv	Lymph-BNHL	8
278b2498-1d64-493b-ac43-3489ec86f313.muat.tsv	Lymph-CLL	9
43d630aa-3890-401c-bf56-e3a9f325734f.muat.tsv	Lymph-CLL	9
f82d213f-9843-28eb-e040-11ac0d483e48.muat.tsv	Bone-Osteosarc	0
041e3b42-c623-11e3-bf01-24c6515278c0.muat.tsv	Liver-HCC	7
5174f450-0bf7-4237-a53e-844064f0e701.muat.tsv	Panc-Endocrine	13
d515c7d2-2314-46bf-9736-ff3f3d2ab599.muat.tsv	Panc-Endocrine	13
a4ca18dc-c622-11e3-bf01-24c6515278c0.muat.tsv	Liver-HCC	7
5ee28a35-7aa0-48e3-9c14-daca7b0241fe.muat.tsv	Panc-Endocrine	13
aed4363b-19b8-4cb5-aa34-a442410d0796.muat.tsv	CNS-Medullo	2
7ae9b843-488f-459c-8c0d-c81dcae57f99.muat.tsv	Prost-AdenoCA	14
186cacaf-4f20-4ad2-a07a-a7dc942a70b0.muat.tsv	Prost-AdenoCA	14
bea0e802-96d3-46e2-8030-17019a71e0bb.muat.tsv	CNS-PiloAstro	3
f8efc19a-1e4b-e1b0-e040-11ac0c48104e.muat.tsv	Myeloid-MPN	10
734a8251-9ecc-47f5-835f-846b67693ca6.muat.tsv	Prost-AdenoCA	14
d00625b4-6e0e-4d96-8e4c-8f1ddcc7aded.muat.tsv	CNS-PiloAstro	3
1cb25b72-3726-4f12-9e22-f5c7e4b05681.muat.tsv	Liver-HCC	7
367fdef3-d7af-4996-932f-cc5087e843dc.muat.tsv	Lymph-CLL	9
9ebac79d-8b38-4469-837e-b834725fe6d5.muat.tsv	Panc-AdenoCA	12
589e0aea-9057-4b8c-8af1-74c74fe46a38.muat.tsv	Panc-Endocrine	13
bcc819eb-f4d8-4ddc-9fdc-a6307fb6741b.muat.tsv	Head-SCC	5
aabddb20-c622-11e3-bf01-24c6515278c0.muat.tsv	Liver-HCC	7
f942b732-7c0b-7ec6-e040-11ac0c483f86.muat.tsv	Myeloid-MPN	10
aca4d810-9540-4ce3-8ceb-72d396c9b704.muat.tsv	CNS-Medullo	2
f93dd46d-4611-e84e-e040-11ac0c483323.muat.tsv	Myeloid-MPN	10
446437de-c622-11e3-bf01-24c6515278c0.muat.tsv	Liver-HCC	7
62ea1264-47b6-4a6b-9fa6-779837f8e905.muat.tsv	Prost-AdenoCA	14
0bfd1043-8177-e3e4-e050-11ac0c4860c5.muat.tsv	Prost-AdenoCA	14
34030a28-c622-11e3-bf01-24c6515278c0.muat.tsv	Liver-HCC	7
54cfd4b0-c623-11e3-bf01-24c6515278c0.muat.tsv	Liver-HCC	7
15dd024e-c0da-461a-84db-d01e60a22210.muat.tsv	Lymph-BNHL	8
0250e6f7-2538-4d1f-a8ff-ca34a7057dde.muat.tsv	Eso-AdenoCA	4
f8425828-5b0f-23a8-e040-11ac0d484128.muat.tsv	Bone-Osteosarc	0
f90cab09-6797-eccb-e040-11ac0d486aa3.muat.tsv	Myeloid-MPN	10
d0161ca7-3c33-4fe5-80df-0cc4b3c4e8ee.muat.tsv	CNS-Medullo	2
7d52a9e7-b5a9-4519-96fd-e8be42a7890c.muat.tsv	Lymph-CLL	9
f3720205-dc76-4101-8a56-72043fc896b5.muat.tsv	Prost-AdenoCA	14
26c301a6-a597-4c24-9f6c-2293e5ae41c7.muat.tsv	Lymph-CLL	9
b8f3137e-5e92-4a56-90d4-884a4ed2ef9c.muat.tsv	Eso-AdenoCA	4
2bf5b018-9f19-4fbd-9e1f-7d958aabe5d1.muat.tsv	Panc-AdenoCA	12
fc8130e2-f2ef-d096-e040-11ac0c483293.muat.tsv	Breast-AdenoCA	1
f9a81200-5381-496a-8062-099f9e793618.muat.tsv	Kidney-RCC	6
fc8130df-1f21-c8f9-e040-11ac0d485dfc.muat.tsv	Breast-AdenoCA	1
bc1d5327-2e76-4e0e-b749-72a559469d0d.muat.tsv	Lymph-BNHL	8
f9031d03-def1-24b4-e040-11ac0c486570.muat.tsv	Myeloid-MPN	10
228fb827-c05e-494c-8a21-e1d925e100cb.muat.tsv	Panc-AdenoCA	12
1de83d45-8492-4b83-9055-a9f43b823f91.muat.tsv	Lymph-CLL	9
cdc2c513-590f-444b-9347-32ba365313a7.muat.tsv	CNS-PiloAstro	3
fca1c663-dec0-db39-e040-11ac0c486140.muat.tsv	Prost-AdenoCA	14
c271b7d2-c622-11e3-bf01-24c6515278c0.muat.tsv	Liver-HCC	7
627823ec-c623-11e3-bf01-24c6515278c0.muat.tsv	Liver-HCC	7
f920200e-f349-3730-e040-11ac0d4825cc.muat.tsv	Myeloid-MPN	10
5fe83740-0688-46fe-97b4-4c7c8cfa206e.muat.tsv	CNS-PiloAstro	3
c8f61136-0bea-4fb4-bb63-699af7f22146.muat.tsv	CNS-PiloAstro	3
2109e1d4-c623-11e3-bf01-24c6515278c0.muat.tsv	Liver-HCC	7
df6b025e-ccb7-4f1a-ba22-1dcf76e6554c.muat.tsv	CNS-PiloAstro	3
f4f48342-c622-11e3-bf01-24c6515278c0.muat.tsv	Liver-HCC	7
bc9f105f-6d99-44ac-9871-67defd5e85cd.muat.tsv	Prost-AdenoCA	14
4d72d06d-b6af-4294-9eef-6e61e067761f.muat.tsv	Lymph-BNHL	8
29a00d78-b9bb-4c6b-b142-d5b8bfa63455.muat.tsv	Panc-AdenoCA	12
eeddf701-93f9-4f10-85cb-9dce1760bae8.muat.tsv	Skin-Melanoma	15
f89ef95e-6e39-420b-a3c2-ccebcc69ce3b.muat.tsv	Panc-Endocrine	13
37e5d47b-851b-47de-ba6a-fd2835644011.muat.tsv	Stomach-AdenoCA	16
873ed251-fa44-465f-99e0-c90a42ea13d9.muat.tsv	Lymph-CLL	9
f393bb08-5b50-e009-e040-11ac0d484537.muat.tsv	Breast-AdenoCA	1
748d3ff3-8699-4519-8e0f-26b6a0581bff.muat.tsv	Panc-AdenoCA	12
bbb2cf2f-8f32-43d4-846c-d1020e6329ec.muat.tsv	Ovary-AdenoCA	11
e84debc4-b47d-48ed-a0d0-2859f0ebf987.muat.tsv	Ovary-AdenoCA	11
e45f3391-2e74-4767-817a-280cebac7c57.muat.tsv	Ovary-AdenoCA	11
f83f1eb8-b2c8-c3d6-e040-11ac0c48261e.muat.tsv	Bone-Osteosarc	0
a9a240f3-d237-4bb8-b968-e4a3cc7c2633.muat.tsv	Lymph-CLL	9
03ad38a6-0902-4aaa-84a3-91ea88fa9883.muat.tsv	Lymph-BNHL	8
7f5fd36f-6e30-45ca-92a5-d8a8a8ee1bc2.muat.tsv	Panc-AdenoCA	12
01dc6872-c623-11e3-bf01-24c6515278c0.muat.tsv	Liver-HCC	7
d88296ac-bb0d-47ab-9051-6c358f0af780.muat.tsv	Lymph-CLL	9
8ff9b1b6-a498-47fe-a970-ab7cfb64e653.muat.tsv	Eso-AdenoCA	4
f8572359-f29a-5945-e040-11ac0d4821cf.muat.tsv	Bone-Osteosarc	0
8e7fe8bb-6b3d-428f-a232-97e6042a0f39.muat.tsv	Prost-AdenoCA	14
0bfd1043-7ec1-aaec-e050-11ac0c482f39.muat.tsv	Prost-AdenoCA	14
39a5d94d-e8c8-4057-be96-362ffbafb94d.muat.tsv	Lymph-CLL	9
8efb116f-4ecf-4191-8ebf-90a94c1880cf.muat.tsv	CNS-Medullo	2
f81693ba-09ee-4201-a389-0ceeda8a4636.muat.tsv	Skin-Melanoma	15
50203cff-83f8-4884-8346-b91ef717d00e.muat.tsv	Kidney-RCC	6
f82d213f-bc06-5b51-e040-11ac0c48687e.muat.tsv	Bone-Osteosarc	0
69c3c88c-d51e-4e03-b96b-ec4f1a0faa2d.muat.tsv	Eso-AdenoCA	4
0ba8f2e2-935a-4123-86aa-6e7f5de85bf4.muat.tsv	CNS-Medullo	2
fc8130df-2628-304a-e040-11ac0d485dfa.muat.tsv	Breast-AdenoCA	1
83a1b304-2ec1-44ae-a9c5-8ad3a2a46a1f.muat.tsv	Skin-Melanoma	15
1f81a1b0-8089-44ef-87b5-b3359a407ad2.muat.tsv	Panc-AdenoCA	12
fc9f9295-01f6-a9e0-e040-11ac0d4845af.muat.tsv	Prost-AdenoCA	14
01c8e465-2b4e-4519-bdef-c3ac06b43eeb.muat.tsv	Panc-Endocrine	13
0eeafcd6-c623-11e3-bf01-24c6515278c0.muat.tsv	Liver-HCC	7
0bfd1043-8183-e3e4-e050-11ac0c4860c5.muat.tsv	Prost-AdenoCA	14
a94d63fa-c622-11e3-bf01-24c6515278c0.muat.tsv	Liver-HCC	7
3c92c0e9-68e0-4354-8ed1-b6506878145d.muat.tsv	Prost-AdenoCA	14
70990332-7702-45e2-84cb-8bbff773f160.muat.tsv	CNS-Medullo	2
b2ec0fd0-fbcf-4abc-ad80-4ae444e30b55.muat.tsv	Prost-AdenoCA	14
d5796835-d6cd-427e-a398-5fbef88b0648.muat.tsv	Panc-AdenoCA	12
124d5b04-4588-44c3-9c00-61e064cf1bdb.muat.tsv	Lymph-BNHL	8
f82d2146-70f5-8114-e040-11ac0d483e50.muat.tsv	Bone-Osteosarc	0
4c8afa82-c623-11e3-bf01-24c6515278c0.muat.tsv	Liver-HCC	7
25e68b09-7d62-4449-a14a-8d09edd96db6.muat.tsv	CNS-PiloAstro	3
5d6ad982-bb01-4233-b8fa-d129460eec79.muat.tsv	Prost-AdenoCA	14
e2e6a409-b64d-463c-ac3b-e7987a3124f0.muat.tsv	Head-SCC	5
631eedb3-dbd1-4606-90e1-ea91b9a77a5a.muat.tsv	Lymph-CLL	9
f393bb0b-08ed-3335-e040-11ac0d484554.muat.tsv	Breast-AdenoCA	1
12874085-a596-41ae-b4cd-817cb1ebb278.muat.tsv	Ovary-AdenoCA	11
031962d6-fc7d-4c6c-9d47-ffa45997b249.muat.tsv	CNS-Medullo	2
fc8130df-2ca4-39d2-e040-11ac0d485e00.muat.tsv	Breast-AdenoCA	1
fc9f6cb0-ceb9-790d-e040-11ac0c480ad1.muat.tsv	Breast-AdenoCA	1
ad92f17f-11e6-49bd-9835-6b2f47053485.muat.tsv	Lymph-CLL	9
046d7386-95c8-4501-9e55-c85bec272a7a.muat.tsv	Panc-AdenoCA	12
518d6c1b-8234-40be-9560-6d383d5866fa.muat.tsv	CNS-Medullo	2
68ba1105-569a-4209-9b45-0e2d64931806.muat.tsv	Panc-AdenoCA	12
f93c9e35-c76c-2b59-e040-11ac0d485dee.muat.tsv	Myeloid-MPN	10
f7fdda4f-7bf7-ede7-e040-11ac0c486e57.muat.tsv	Breast-AdenoCA	1
23eb72d8-c622-11e3-bf01-24c6515278c0.muat.tsv	Liver-HCC	7
f50fb278-1f0f-406e-b341-eb3d1b97afe6.muat.tsv	Stomach-AdenoCA	16
19b6b9d6-6912-4b85-a4bf-52014bcb170b.muat.tsv	CNS-Medullo	2
f87d7c27-eeef-920e-e040-11ac0d48388d.muat.tsv	Bone-Osteosarc	0
4daa2708-d0db-40fe-a07a-763f003adcae.muat.tsv	CNS-Medullo	2
f90d51f8-3bc4-2e66-e040-11ac0d484d19.muat.tsv	Myeloid-MPN	10
8a2580c3-9c89-4cb0-b94d-3eca15dac1c3.muat.tsv	Liver-HCC	7
33a8693c-c623-11e3-bf01-24c6515278c0.muat.tsv	Liver-HCC	7
fc8130e0-09f1-b964-e040-11ac0c48326e.muat.tsv	Breast-AdenoCA	1
7ef9fd9b-d349-4ec3-ab4d-1a1d11c0204b.muat.tsv	Panc-AdenoCA	12
0bfd1068-3fd5-a95b-e050-11ac0c4860c3.muat.tsv	Prost-AdenoCA	14
5769ae11-5f1b-483f-b228-7584591c66e6.muat.tsv	Liver-HCC	7
fc9d5fc7-a87b-c5e7-e040-11ac0c4850aa.muat.tsv	Prost-AdenoCA	14
88bc38ba-ad1d-431e-a67e-0a5a23678386.muat.tsv	Panc-AdenoCA	12
4b91ece6-c9b2-4889-b18c-c63eb58eb061.muat.tsv	Lymph-CLL	9
072f4146-c623-11e3-bf01-24c6515278c0.muat.tsv	Liver-HCC	7
0ef92ff8-829f-425a-91d8-c594b6e22a2b.muat.tsv	Eso-AdenoCA	4
5c3def3a-b515-41f6-8157-681b963534e7.muat.tsv	Skin-Melanoma	15
cfe0bf13-2ff4-4164-9b6a-cd3615bf3ddc.muat.tsv	Panc-AdenoCA	12
93be2990-bceb-45fd-aca5-3358d96e9d5a.muat.tsv	CNS-Medullo	2
abedd46c-47b8-4242-adb6-12835400cb3f.muat.tsv	Lymph-BNHL	8
8689b53c-8883-479c-85f6-d13b86272b5d.muat.tsv	Prost-AdenoCA	14
69dbe6ef-f5de-4c1f-b2f2-963dcb6ccd3e.muat.tsv	Prost-AdenoCA	14
fc8130e0-a538-dda3-e040-11ac0c483264.muat.tsv	Breast-AdenoCA	1
282b45ee-4af2-4c61-9acc-286eaf8d661a.muat.tsv	Lymph-BNHL	8
520b8ab2-c623-11e3-bf01-24c6515278c0.muat.tsv	Liver-HCC	7
73f7718b-f9b1-4a63-a561-0c9cc2abeb9f.muat.tsv	Prost-AdenoCA	14
f8515e5a-7de3-6be3-e040-11ac0c480d6d.muat.tsv	Bone-Osteosarc	0
5912d4b3-2d5d-4b98-b967-1b4ff177097a.muat.tsv	Skin-Melanoma	15
f663ff15-c8d3-4bff-8bf9-bf8e983579e0.muat.tsv	CNS-Medullo	2
d2b7bb0a-c622-11e3-bf01-24c6515278c0.muat.tsv	Liver-HCC	7
dc85552c-2488-48d9-9da1-67a380945b85.muat.tsv	Prost-AdenoCA	14
a6045753-60bb-4e65-bc89-1ef0b47aab35.muat.tsv	Prost-AdenoCA	14
35eb6ecf-9514-4416-94b1-02200c0a1571.muat.tsv	Eso-AdenoCA	4
61973578-4c0d-4a3f-b9c4-f96ceab24629.muat.tsv	Prost-AdenoCA	14
ea7d37ca-0dac-4ae6-ad03-97c6df3d116d.muat.tsv	CNS-PiloAstro	3
fc9dbf68-4599-3c64-e040-11ac0d481623.muat.tsv	Breast-AdenoCA	1
e88397a6-c622-11e3-bf01-24c6515278c0.muat.tsv	Liver-HCC	7
81bc7f0c-865d-4801-a935-2ab04170df53.muat.tsv	Panc-AdenoCA	12
d1842491-29ff-4801-8c8a-4d619f749dd1.muat.tsv	Eso-AdenoCA	4
50b61288-1412-4104-92e6-8b1a359ef399.muat.tsv	Liver-HCC	7
